cliente_id,edad,ingreso_mensual,antiguedad_bancaria,departamento,banco_principal,app_preferida,tipo_operacion_frecuente,monto_promedio_transaccion,tiene_token_fisico,tiene_token_digital,score_riesgo,fecha_registro
1001,40,14672.45,5,Cusco,BCP,Plin,Pago de Préstamos,68.24,1,0,0.2,2024-08-23 04:34:58
1002,33,50000.0,11,Trujillo,Interbank,Plin,Pago de Préstamos,315.48,0,0,0.0,2024-04-26 04:34:58
1003,42,22414.07,0,Lima,BCP,Yape,Pago de Tarjeta de Crédito,25.63,0,1,0.15,2024-01-25 04:34:58
1004,53,11072.77,4,Piura,BBVA,Web Banking,Pago de Tarjeta de Crédito,68.24,0,1,0.25,2024-02-07 04:34:58
1005,32,43653.54,4,Lima,BanBif,Plin,Pago de Préstamos,65.61,0,0,0.25,2024-10-10 04:34:58
1006,32,23457.62,0,Piura,Scotiabank,Plin,Compras Online,49.21,0,0,0.35,2024-06-16 04:34:58
1007,53,33710.41,3,Trujillo,BCP,Plin,Pago de Servicios,197.05,0,1,0.6,2024-04-30 04:34:58
1008,44,40616.43,4,Trujillo,BanBif,Banca Móvil Propia,Retiro sin Tarjeta,132.93,0,1,0.15,2024-06-09 04:34:58
1009,29,26081.4,1,Trujillo,BCP,Banca Móvil Propia,Pago de Tarjeta de Crédito,15.2,0,0,0.0,2024-01-23 04:34:58
1010,41,16381.04,1,Lima,BCP,Banca Móvil Propia,Transferencia Mismo Banco,1091.75,0,0,0.35,2024-04-15 04:34:58
1011,29,35877.18,5,Trujillo,Pichincha,Yape,Pago de Servicios,176.98,1,1,0.1,2024-04-09 04:34:58
1012,29,22034.79,3,Lima,Scotiabank,Plin,Transferencia Interbancaria,148.59,1,1,0.15,2024-01-22 04:34:58
1013,37,31036.8,9,Lima,BBVA,Lukita,Compras Online,550.11,0,0,0.15,2024-09-15 04:34:58
1014,18,7503.57,2,Lima,Interbank,Web Banking,Pago de Tarjeta de Crédito,398.96,1,1,0.2,2024-05-20 04:34:58
1015,18,27542.65,1,Lima,Interbank,Banca Móvil Propia,Retiro sin Tarjeta,110.15,1,1,0.35,2024-02-07 04:34:58
1016,28,16005.81,20,Cusco,BCP,Yape,Transferencia Interbancaria,21.06,0,1,0.0,2024-09-15 04:34:58
1017,22,50000.0,12,Otros,BCP,Yape,Pago de Tarjeta de Crédito,260.96,0,1,0.3,2024-11-25 04:34:58
1018,38,30077.83,0,Lima,BBVA,Yape,Transferencia Mismo Banco,56.66,0,1,0.3,2024-11-12 04:34:58
1019,24,24833.0,7,Arequipa,BanBif,Lukita,Retiro sin Tarjeta,512.48,0,1,0.25,2024-07-12 04:34:58
1020,18,28089.61,0,Trujillo,BCP,Yape,Compras Online,68.29,1,0,0.4,2024-11-02 04:34:58
1021,52,13370.15,0,Lima,Scotiabank,Yape,Retiro sin Tarjeta,94.46,1,0,0.0,2024-05-16 04:34:58
1022,32,49594.16,1,Lima,BCP,Plin,Transferencia Mismo Banco,38.74,0,1,0.0,2024-08-14 04:34:58
1023,35,50000.0,1,Lima,BBVA,Tunki,Pago de Préstamos,42.0,0,1,0.0,2024-11-09 04:34:58
1024,18,26808.03,8,Lima,Interbank,Tunki,Compras Online,133.08,1,0,0.15,2024-07-25 04:34:58
1025,28,48786.15,6,Arequipa,Interbank,Tunki,Transferencia Interbancaria,121.24,0,1,0.0,2023-12-07 04:34:58
1026,36,16571.27,19,Lima,BCP,Banca Móvil Propia,Pago de Tarjeta de Crédito,92.21,0,1,0.1,2024-10-09 04:34:58
1027,21,14786.11,6,Lima,BBVA,Plin,Retiro sin Tarjeta,1156.34,1,0,0.25,2024-04-14 04:34:58
1028,39,22481.82,2,Lima,BBVA,Banca Móvil Propia,Compras Online,271.41,0,1,0.0,2024-10-20 04:34:58
1029,27,27377.33,6,Lima,BCP,Yape,Compras Online,149.94,0,1,0.15,2024-06-04 04:34:58
1030,31,18088.05,30,Otros,BCP,Yape,Compras Online,9.42,1,1,0.25,2024-08-10 04:34:58
1031,27,28821.71,6,Lima,Interbank,Banca Móvil Propia,Recarga de Celular,338.92,0,1,0.25,2024-09-02 04:34:58
1032,57,25672.99,7,Lima,BBVA,Tunki,Recarga de Celular,2964.72,0,1,0.35,2024-09-29 04:34:58
1033,34,13371.04,13,Lima,BCP,Banca Móvil Propia,Pago de Tarjeta de Crédito,122.98,1,0,0.1,2024-02-13 04:34:58
1034,22,28549.55,0,Cusco,BBVA,Banca Móvil Propia,Transferencia Interbancaria,65.99,1,1,0.1,2024-09-19 04:34:58
1035,44,33920.14,6,Lima,BanBif,QR,Retiro sin Tarjeta,174.74,0,1,0.0,2024-03-09 04:34:58
1036,20,23998.21,9,Arequipa,BCP,Plin,Pago de Préstamos,35.47,1,1,0.4,2024-02-26 04:34:58
1037,37,39195.77,15,Lima,Interbank,Tunki,Compras Online,235.58,1,0,0.0,2024-08-03 04:34:58
1038,18,11983.65,1,Lima,BCP,Banca Móvil Propia,Transferencia Interbancaria,665.29,1,1,0.2,2024-11-05 04:34:58
1039,19,27832.93,3,Cusco,BCP,Yape,Recarga de Celular,75.87,1,0,0.1,2024-04-01 04:34:58
1040,37,12269.35,5,Cusco,BCP,Yape,Retiro sin Tarjeta,78.36,1,1,0.0,2024-02-03 04:34:58
1041,43,12619.01,1,Lima,BBVA,Banca Móvil Propia,Retiro sin Tarjeta,137.04,0,1,0.15,2024-03-13 04:34:58
1042,37,16067.19,4,Cusco,Scotiabank,Yape,Pago de Tarjeta de Crédito,89.91,0,1,0.35,2024-09-27 04:34:58
1043,33,13752.42,1,Lima,BCP,Plin,Pago de Tarjeta de Crédito,32.71,1,0,0.2,2024-02-18 04:34:58
1044,31,16747.46,2,Lima,Interbank,Banca Móvil Propia,Pago de Tarjeta de Crédito,100.96,0,1,0.35,2024-02-09 04:34:58
1045,18,19789.86,2,Lima,BBVA,Web Banking,Compras Online,82.52,0,1,0.25,2024-11-29 04:34:58
1046,26,33475.77,3,Lima,BCP,QR,Compras Online,582.05,0,0,0.3,2023-12-17 04:34:58
1047,29,18758.84,2,Arequipa,BBVA,Plin,Pago de Tarjeta de Crédito,471.24,0,0,0.15,2024-10-12 04:34:58
1048,47,9968.52,3,Trujillo,Scotiabank,Banca Móvil Propia,Transferencia Interbancaria,600.23,0,0,0.35,2024-05-27 04:34:58
1049,39,38950.0,1,Lima,Scotiabank,Yape,Compras Online,330.87,0,0,0.25,2024-05-17 04:34:58
1050,18,14493.49,0,Piura,Scotiabank,Plin,Compras Online,182.32,0,1,0.2,2024-09-22 04:34:58
1051,38,21389.17,0,Lima,BCP,Banca Móvil Propia,Pago de Préstamos,61.9,0,1,0.0,2024-07-13 04:34:58
1052,30,27536.52,1,Lima,Scotiabank,Yape,Retiro sin Tarjeta,558.98,1,1,0.0,2023-12-30 04:34:58
1053,26,24338.27,4,Lima,BCP,Yape,Transferencia Interbancaria,210.14,0,0,0.45,2024-08-17 04:34:58
1054,42,38066.49,7,Lima,Interbank,Web Banking,Pago de Préstamos,42.6,0,1,0.15,2024-11-26 04:34:58
1055,47,27987.17,0,Arequipa,BanBif,QR,Pago de Servicios,59.51,0,1,0.15,2024-08-22 04:34:58
1056,46,14319.04,0,Arequipa,BCP,Banca Móvil Propia,Pago de Préstamos,41.94,1,1,0.15,2023-12-20 04:34:58
1057,24,50000.0,6,Trujillo,BBVA,QR,Pago de Servicios,19.07,1,1,0.0,2024-03-29 04:34:58
1058,31,24274.14,1,Lima,Interbank,Lukita,Pago de Préstamos,218.88,0,0,0.0,2024-05-16 04:34:58
1059,38,20462.1,15,Trujillo,Interbank,Yape,Pago de Préstamos,43.04,0,0,0.0,2024-08-25 04:34:58
1060,46,35666.34,6,Arequipa,BCP,Plin,Compras Online,69.69,1,1,0.1,2024-09-22 04:34:58
1061,29,24952.4,1,Lima,Pichincha,Tunki,Recarga de Celular,154.29,0,1,0.45,2024-07-02 04:34:58
1062,32,26892.81,1,Cusco,Interbank,Plin,Recarga de Celular,122.99,0,1,0.0,2024-04-03 04:34:58
1063,21,50000.0,3,Otros,BCP,Lukita,Transferencia Mismo Banco,72.72,0,0,0.0,2024-05-01 04:34:58
1064,20,19195.66,0,Lima,BCP,Plin,Pago de Servicios,677.85,0,0,0.1,2024-07-17 04:34:58
1065,44,18790.74,0,Trujillo,Scotiabank,Yape,Pago de Préstamos,32.24,0,1,0.1,2024-07-08 04:34:58
1066,51,23348.53,0,Cusco,BCP,Yape,Pago de Préstamos,33.67,1,1,0.1,2024-07-14 04:34:58
1067,34,37637.57,7,Lima,BCP,Yape,Pago de Servicios,234.59,0,1,0.15,2024-03-18 04:34:58
1068,47,10370.63,3,Lima,BBVA,QR,Compras Online,79.35,1,1,0.1,2024-08-01 04:34:58
1069,39,8243.84,0,Lima,Interbank,Banca Móvil Propia,Pago de Préstamos,76.31,1,1,0.25,2024-12-05 04:34:58
1070,27,16423.07,5,Cusco,Interbank,Banca Móvil Propia,Pago de Tarjeta de Crédito,50.45,0,1,0.0,2024-10-07 04:34:58
1071,39,9730.67,2,Piura,BBVA,Banca Móvil Propia,Compras Online,208.14,1,1,0.2,2024-02-11 04:34:58
1072,53,17811.23,3,Otros,Scotiabank,Banca Móvil Propia,Compras Online,185.98,0,0,0.3,2024-04-07 04:34:58
1073,34,28317.91,1,Cusco,Pichincha,QR,Compras Online,167.19,0,1,0.0,2024-06-23 04:34:58
1074,53,14109.81,4,Arequipa,BCP,Tunki,Pago de Tarjeta de Crédito,82.85,0,0,0.0,2024-03-21 04:34:58
1075,18,10792.28,19,Lima,Interbank,Web Banking,Compras Online,70.03,0,1,0.45,2023-12-20 04:34:58
1076,44,22803.48,0,Trujillo,BanBif,Web Banking,Transferencia Mismo Banco,126.08,0,1,0.0,2024-10-17 04:34:58
1077,36,33903.44,1,Trujillo,Interbank,Web Banking,Transferencia Interbancaria,390.15,0,1,0.25,2024-01-07 04:34:58
1078,31,9438.13,1,Trujillo,Interbank,Banca Móvil Propia,Pago de Servicios,712.06,0,1,0.35,2024-01-29 04:34:58
1079,36,33193.73,1,Arequipa,BCP,QR,Pago de Tarjeta de Crédito,450.95,0,1,0.2,2024-10-26 04:34:58
1080,18,33145.2,2,Trujillo,BBVA,Plin,Pago de Servicios,246.1,0,0,0.25,2024-09-09 04:34:58
1081,32,35491.29,8,Lima,BBVA,QR,Pago de Préstamos,396.3,0,1,0.1,2024-07-24 04:34:58
1082,39,40507.41,12,Lima,Interbank,Web Banking,Recarga de Celular,45.52,0,1,0.1,2024-06-06 04:34:58
1083,52,50000.0,1,Lima,Pichincha,Web Banking,Compras Online,72.69,0,1,0.0,2024-07-29 04:34:58
1084,28,18434.04,3,Lima,BCP,Lukita,Transferencia Mismo Banco,250.74,0,1,0.25,2024-11-13 04:34:58
1085,25,23266.87,5,Piura,BCP,Plin,Transferencia Mismo Banco,131.87,0,1,0.25,2024-10-25 04:34:58
1086,28,17886.13,3,Lima,BCP,Yape,Recarga de Celular,207.99,0,1,0.2,2024-03-30 04:34:58
1087,45,22048.25,2,Trujillo,Interbank,Plin,Pago de Préstamos,395.23,0,1,0.0,2024-02-23 04:34:58
1088,38,47402.8,1,Cusco,BCP,Banca Móvil Propia,Compras Online,338.33,1,1,0.0,2024-04-29 04:34:58
1089,28,11242.91,3,Lima,Interbank,Plin,Pago de Servicios,49.85,1,1,0.0,2024-09-08 04:34:58
1090,41,14320.9,2,Lima,BCP,Plin,Retiro sin Tarjeta,150.18,0,1,0.0,2023-12-13 04:34:58
1091,36,43852.65,7,Lima,BBVA,Banca Móvil Propia,Transferencia Mismo Banco,59.1,0,1,0.15,2024-11-07 04:34:58
1092,46,36681.15,7,Otros,BCP,Banca Móvil Propia,Compras Online,68.22,0,1,0.2,2024-01-30 04:34:58
1093,26,18369.27,0,Trujillo,Scotiabank,Web Banking,Pago de Servicios,26.82,0,1,0.3,2024-06-18 04:34:58
1094,31,33765.71,0,Trujillo,BBVA,Banca Móvil Propia,Transferencia Interbancaria,169.63,0,0,0.0,2024-04-19 04:34:58
1095,30,26123.95,11,Trujillo,BanBif,QR,Pago de Préstamos,24.91,0,0,0.1,2024-08-08 04:34:58
1096,18,46636.43,3,Piura,BBVA,Banca Móvil Propia,Transferencia Mismo Banco,220.11,0,1,0.0,2023-12-14 04:34:58
1097,38,22862.53,9,Lima,BCP,Lukita,Recarga de Celular,577.35,0,1,0.0,2023-12-30 04:34:58
1098,38,36783.92,0,Trujillo,BCP,Yape,Pago de Préstamos,252.23,0,1,0.5,2024-05-11 04:34:58
1099,35,50000.0,3,Lima,Pichincha,Plin,Transferencia Mismo Banco,156.32,1,1,0.0,2024-10-21 04:34:58
1100,32,29704.37,3,Cusco,Interbank,Web Banking,Recarga de Celular,688.45,0,1,0.3,2024-01-24 04:34:58
1101,18,22576.48,9,Lima,BCP,Banca Móvil Propia,Transferencia Interbancaria,205.91,1,1,0.45,2024-07-11 04:34:58
1102,29,31609.83,0,Lima,Interbank,Banca Móvil Propia,Pago de Servicios,62.63,1,0,0.0,2024-06-19 04:34:58
1103,30,18349.54,1,Lima,BBVA,Tunki,Compras Online,168.19,0,1,0.0,2024-10-08 04:34:58
1104,25,50000.0,2,Trujillo,BCP,Yape,Recarga de Celular,1053.31,0,1,0.15,2024-08-11 04:34:58
1105,33,24101.65,10,Trujillo,BCP,Tunki,Recarga de Celular,49.77,1,1,0.0,2024-07-03 04:34:58
1106,39,19216.67,13,Trujillo,Scotiabank,Yape,Pago de Tarjeta de Crédito,37.33,0,0,0.35,2024-04-24 04:34:58
1107,57,14503.65,24,Lima,BCP,Plin,Transferencia Interbancaria,274.49,0,1,0.0,2024-06-13 04:34:58
1108,37,38124.41,15,Cusco,BCP,Plin,Retiro sin Tarjeta,118.62,0,1,0.15,2024-01-04 04:34:58
1109,38,33982.25,0,Lima,BCP,Plin,Transferencia Mismo Banco,87.18,0,1,0.0,2024-09-20 04:34:58
1110,34,17176.94,0,Trujillo,BCP,Banca Móvil Propia,Pago de Préstamos,42.13,0,1,0.15,2024-01-09 04:34:58
1111,18,29384.59,0,Cusco,BBVA,Web Banking,Pago de Tarjeta de Crédito,21.11,1,1,0.15,2024-04-15 04:34:58
1112,34,10360.15,2,Lima,BCP,Banca Móvil Propia,Retiro sin Tarjeta,34.59,0,1,0.1,2024-05-17 04:34:58
1113,35,24160.76,8,Lima,BCP,QR,Transferencia Mismo Banco,746.15,0,0,0.35,2024-03-01 04:34:58
1114,64,27622.29,11,Lima,BanBif,Banca Móvil Propia,Transferencia Interbancaria,147.1,0,1,0.0,2024-01-21 04:34:58
1115,32,50000.0,1,Arequipa,BCP,Banca Móvil Propia,Transferencia Interbancaria,20.86,1,1,0.0,2024-11-18 04:34:58
1116,38,14981.79,4,Lima,BBVA,Yape,Retiro sin Tarjeta,484.97,0,1,0.2,2024-07-09 04:34:58
1117,34,11623.96,12,Lima,BBVA,Yape,Transferencia Interbancaria,510.22,0,1,0.2,2023-12-09 04:34:58
1118,20,14076.84,3,Lima,BBVA,Banca Móvil Propia,Pago de Servicios,507.37,1,0,0.0,2024-04-02 04:34:58
1119,48,11290.49,0,Lima,Scotiabank,Plin,Retiro sin Tarjeta,97.27,0,1,0.1,2024-02-10 04:34:58
1120,44,42973.06,3,Piura,BCP,Banca Móvil Propia,Recarga de Celular,113.43,0,1,0.0,2024-08-12 04:34:58
1121,44,47777.96,2,Lima,Scotiabank,Banca Móvil Propia,Recarga de Celular,170.31,0,1,0.15,2024-06-10 04:34:58
1122,24,25851.1,4,Trujillo,Scotiabank,QR,Transferencia Interbancaria,602.48,0,0,0.35,2024-09-17 04:34:58
1123,51,40564.46,2,Arequipa,Interbank,Web Banking,Transferencia Interbancaria,85.21,0,1,0.15,2024-04-17 04:34:58
1124,18,23552.31,0,Lima,BCP,Yape,Transferencia Mismo Banco,69.8,0,0,0.15,2024-02-25 04:34:58
1125,42,21003.5,25,Lima,BCP,Yape,Pago de Préstamos,297.58,0,1,0.0,2024-02-27 04:34:58
1126,61,18647.76,3,Otros,BBVA,Banca Móvil Propia,Retiro sin Tarjeta,497.33,0,1,0.15,2024-06-06 04:34:58
1127,23,18860.11,3,Piura,Scotiabank,Plin,Pago de Tarjeta de Crédito,140.78,0,0,0.25,2024-02-17 04:34:58
1128,28,10158.84,15,Trujillo,BBVA,Plin,Retiro sin Tarjeta,290.16,0,1,0.3,2024-06-03 04:34:58
1129,36,25137.79,0,Lima,BCP,Lukita,Pago de Servicios,166.08,0,1,0.2,2024-08-27 04:34:58
1130,28,21586.71,1,Piura,BCP,Web Banking,Pago de Préstamos,115.44,0,1,0.0,2024-09-28 04:34:58
1131,18,31974.06,8,Arequipa,Interbank,QR,Recarga de Celular,64.76,0,1,0.15,2024-01-29 04:34:58
1132,35,23080.92,1,Lima,Interbank,Banca Móvil Propia,Pago de Préstamos,46.81,1,1,0.15,2024-06-05 04:34:58
1133,22,20305.52,8,Lima,BCP,Plin,Recarga de Celular,80.26,0,1,0.0,2024-06-19 04:34:58
1134,40,14248.45,1,Lima,BCP,Plin,Pago de Servicios,55.92,1,1,0.0,2024-04-30 04:34:58
1135,23,22835.61,0,Piura,BBVA,Tunki,Transferencia Mismo Banco,197.05,0,0,0.0,2024-02-26 04:34:58
1136,53,31860.38,3,Lima,BBVA,Banca Móvil Propia,Pago de Servicios,501.47,0,1,0.0,2024-04-09 04:34:58
1137,25,12435.75,1,Lima,Interbank,Plin,Transferencia Mismo Banco,182.0,1,1,0.0,2024-05-06 04:34:58
1138,31,23011.21,7,Piura,Scotiabank,Web Banking,Compras Online,59.1,1,0,0.0,2024-04-15 04:34:58
1139,44,24748.53,5,Lima,Interbank,QR,Transferencia Mismo Banco,349.11,0,1,0.0,2024-05-27 04:34:58
1140,20,15382.22,12,Lima,BCP,Banca Móvil Propia,Compras Online,199.71,1,1,0.2,2024-04-01 04:34:58
1141,37,16416.99,7,Arequipa,Interbank,Web Banking,Pago de Préstamos,243.43,0,1,0.2,2024-06-17 04:34:58
1142,50,24718.46,0,Trujillo,Pichincha,Plin,Pago de Tarjeta de Crédito,88.29,0,1,0.1,2024-06-13 04:34:58
1143,18,12497.57,8,Otros,BanBif,Yape,Transferencia Mismo Banco,460.99,0,0,0.15,2024-03-12 04:34:58
1144,37,26237.94,5,Lima,Scotiabank,QR,Compras Online,458.64,0,1,0.15,2024-08-22 04:34:58
1145,38,14077.36,5,Lima,BCP,Web Banking,Pago de Préstamos,123.46,1,1,0.0,2024-10-11 04:34:58
1146,44,37474.91,8,Trujillo,Scotiabank,Banca Móvil Propia,Transferencia Interbancaria,304.43,1,1,0.0,2024-11-17 04:34:58
1147,20,50000.0,4,Lima,Scotiabank,Yape,Transferencia Interbancaria,446.52,0,1,0.2,2024-08-08 04:34:58
1148,19,14323.0,3,Lima,Interbank,QR,Transferencia Mismo Banco,93.19,0,1,0.0,2024-08-23 04:34:58
1149,41,28770.45,5,Trujillo,BCP,Yape,Compras Online,136.83,0,1,0.1,2024-03-31 04:34:58
1150,38,15315.63,1,Lima,Pichincha,Banca Móvil Propia,Compras Online,160.74,0,1,0.35,2024-08-21 04:34:58
1151,38,37066.8,1,Arequipa,BBVA,Plin,Compras Online,49.51,0,1,0.0,2024-08-27 04:34:58
1152,39,11700.31,4,Lima,BCP,QR,Pago de Servicios,230.83,0,0,0.2,2024-04-28 04:34:58
1153,26,28009.34,1,Arequipa,BCP,Plin,Pago de Servicios,412.62,1,1,0.15,2024-06-01 04:34:58
1154,37,14235.66,0,Trujillo,Interbank,QR,Pago de Servicios,128.52,1,0,0.15,2024-11-30 04:34:58
1155,38,19860.89,0,Lima,BBVA,Plin,Transferencia Interbancaria,208.48,0,0,0.35,2024-09-10 04:34:58
1156,26,13154.08,4,Lima,BCP,Yape,Pago de Tarjeta de Crédito,600.99,1,1,0.25,2024-10-05 04:34:58
1157,57,33228.9,2,Trujillo,Interbank,Web Banking,Pago de Préstamos,98.97,1,1,0.15,2024-11-29 04:34:58
1158,40,14494.29,6,Lima,Scotiabank,Plin,Transferencia Mismo Banco,212.78,0,0,0.0,2024-03-25 04:34:58
1159,20,29027.01,2,Lima,Interbank,Banca Móvil Propia,Recarga de Celular,83.95,0,1,0.15,2023-12-22 04:34:58
1160,42,18544.92,3,Trujillo,BCP,Yape,Pago de Servicios,81.69,1,0,0.1,2024-04-13 04:34:58
1161,23,20801.16,2,Piura,Interbank,QR,Pago de Préstamos,208.91,1,1,0.2,2024-04-15 04:34:58
1162,44,23715.35,5,Lima,BCP,Yape,Pago de Préstamos,188.93,0,0,0.25,2024-12-02 04:34:58
1163,48,15049.31,2,Trujillo,BCP,Plin,Pago de Tarjeta de Crédito,258.55,0,1,0.1,2024-02-24 04:34:58
1164,25,24469.52,16,Trujillo,BBVA,Banca Móvil Propia,Transferencia Interbancaria,160.16,1,1,0.25,2024-07-21 04:34:58
1165,46,47342.67,13,Arequipa,Scotiabank,Tunki,Retiro sin Tarjeta,236.31,0,0,0.3,2024-01-10 04:34:58
1166,39,14927.38,9,Lima,BBVA,Yape,Compras Online,784.87,1,1,0.2,2024-05-05 04:34:58
1167,44,39573.11,12,Lima,BCP,Banca Móvil Propia,Transferencia Mismo Banco,428.34,0,1,0.15,2024-08-25 04:34:58
1168,57,46585.7,2,Lima,BBVA,Banca Móvil Propia,Pago de Servicios,208.18,0,1,0.0,2024-01-23 04:34:58
1169,32,14646.0,3,Arequipa,BBVA,Yape,Transferencia Interbancaria,245.9,0,1,0.2,2024-04-27 04:34:58
1170,25,10641.03,6,Arequipa,BanBif,Banca Móvil Propia,Compras Online,110.07,1,0,0.0,2024-03-12 04:34:58
1171,24,25616.21,5,Trujillo,BanBif,Web Banking,Retiro sin Tarjeta,126.57,0,0,0.1,2024-02-29 04:34:58
1172,25,16752.39,11,Lima,BCP,Yape,Transferencia Mismo Banco,242.85,0,0,0.15,2024-07-11 04:34:58
1173,34,50000.0,6,Piura,BCP,Tunki,Recarga de Celular,162.01,0,0,0.35,2024-04-21 04:34:58
1174,39,22413.16,30,Piura,BCP,Banca Móvil Propia,Transferencia Mismo Banco,328.0,0,0,0.15,2024-06-02 04:34:58
1175,38,14748.55,2,Trujillo,Scotiabank,Yape,Compras Online,526.93,0,1,0.2,2024-02-17 04:34:58
1176,44,12412.02,8,Lima,BCP,Yape,Transferencia Mismo Banco,134.05,0,1,0.15,2024-02-11 04:34:58
1177,35,37985.22,5,Trujillo,BCP,Plin,Pago de Préstamos,19.9,1,1,0.3,2024-02-29 04:34:58
1178,52,16554.41,5,Piura,BBVA,Lukita,Pago de Servicios,1134.77,0,1,0.15,2024-06-10 04:34:58
1179,31,22514.49,1,Lima,BCP,Yape,Pago de Tarjeta de Crédito,77.29,0,1,0.0,2024-06-14 04:34:58
1180,67,35521.78,7,Lima,BCP,Lukita,Transferencia Mismo Banco,180.4,1,0,0.15,2024-05-05 04:34:58
1181,42,17289.78,11,Arequipa,BBVA,Banca Móvil Propia,Retiro sin Tarjeta,307.2,0,1,0.0,2024-11-11 04:34:58
1182,24,21526.4,1,Lima,BCP,Yape,Retiro sin Tarjeta,607.27,0,1,0.25,2024-09-11 04:34:58
1183,22,21844.75,4,Piura,BBVA,Banca Móvil Propia,Compras Online,903.28,1,1,0.15,2024-01-15 04:34:58
1184,40,30997.51,2,Lima,Pichincha,Web Banking,Transferencia Mismo Banco,103.14,1,0,0.1,2024-03-12 04:34:58
1185,32,29595.34,22,Otros,BCP,Yape,Transferencia Mismo Banco,487.69,0,1,0.3,2023-12-11 04:34:58
1186,43,19730.94,3,Piura,BBVA,Tunki,Pago de Tarjeta de Crédito,180.91,0,1,0.45,2024-05-18 04:34:58
1187,40,22738.72,1,Lima,BanBif,Banca Móvil Propia,Retiro sin Tarjeta,2305.85,0,1,0.0,2024-12-05 04:34:58
1188,34,18290.01,2,Piura,Scotiabank,Yape,Retiro sin Tarjeta,446.06,0,1,0.15,2023-12-07 04:34:58
1189,24,10521.69,5,Trujillo,BBVA,Yape,Pago de Servicios,124.28,0,1,0.0,2024-07-17 04:34:58
1190,18,25054.29,0,Trujillo,Interbank,Yape,Recarga de Celular,67.15,1,1,0.35,2024-08-13 04:34:58
1191,29,50000.0,4,Piura,BCP,Yape,Retiro sin Tarjeta,10.73,0,0,0.0,2024-05-05 04:34:58
1192,45,14159.49,13,Lima,Interbank,Yape,Recarga de Celular,291.39,0,0,0.1,2024-04-20 04:34:58
1193,37,14965.24,9,Arequipa,Pichincha,QR,Recarga de Celular,406.85,0,1,0.0,2024-12-02 04:34:58
1194,20,14251.77,0,Lima,BBVA,Web Banking,Retiro sin Tarjeta,312.77,0,1,0.0,2024-09-06 04:34:58
1195,37,31643.75,25,Lima,BBVA,Yape,Pago de Tarjeta de Crédito,14.11,0,1,0.0,2024-01-12 04:34:58
1196,39,27563.36,5,Piura,BCP,Plin,Pago de Tarjeta de Crédito,42.18,0,1,0.3,2024-08-21 04:34:58
1197,24,20347.86,0,Lima,Interbank,Yape,Pago de Servicios,240.04,0,1,0.0,2024-09-03 04:34:58
1198,36,13918.73,0,Lima,BBVA,Yape,Transferencia Mismo Banco,884.94,0,1,0.3,2023-12-11 04:34:58
1199,35,23067.69,0,Arequipa,Interbank,Plin,Pago de Tarjeta de Crédito,140.39,0,1,0.1,2024-02-14 04:34:58
1200,21,10073.76,9,Otros,BCP,Yape,Transferencia Interbancaria,442.09,0,1,0.15,2024-07-29 04:34:58
1201,39,23664.07,0,Lima,BBVA,QR,Compras Online,52.75,0,1,0.15,2023-12-19 04:34:58
1202,41,34056.02,1,Cusco,BBVA,Plin,Transferencia Mismo Banco,182.57,0,0,0.0,2024-04-21 04:34:58
1203,47,11782.85,7,Lima,BCP,Plin,Transferencia Interbancaria,112.77,1,0,0.0,2024-01-29 04:34:58
1204,47,10236.76,4,Lima,BCP,Yape,Compras Online,486.67,0,0,0.2,2024-02-23 04:34:58
1205,18,48519.4,7,Trujillo,BCP,Yape,Retiro sin Tarjeta,86.5,0,1,0.0,2024-03-25 04:34:58
1206,23,16221.94,6,Lima,Interbank,QR,Transferencia Mismo Banco,793.94,0,1,0.15,2024-11-23 04:34:58
1207,41,38869.84,0,Lima,Interbank,Yape,Transferencia Mismo Banco,109.1,0,0,0.15,2024-07-05 04:34:58
1208,41,20394.1,11,Piura,Scotiabank,Web Banking,Transferencia Interbancaria,50.91,0,1,0.15,2024-09-22 04:34:58
1209,41,20313.13,1,Piura,BCP,Yape,Pago de Servicios,52.65,0,0,0.1,2024-05-11 04:34:58
1210,80,27424.89,4,Lima,BanBif,Banca Móvil Propia,Compras Online,79.64,0,1,0.0,2024-08-17 04:34:58
1211,41,14157.51,5,Trujillo,Interbank,Web Banking,Compras Online,214.98,1,1,0.0,2024-08-28 04:34:58
1212,48,23535.11,0,Piura,BBVA,Yape,Pago de Tarjeta de Crédito,80.64,0,1,0.15,2024-04-23 04:34:58
1213,46,18201.43,18,Lima,BCP,Plin,Retiro sin Tarjeta,65.33,1,1,0.1,2024-05-08 04:34:58
1214,42,11381.6,3,Lima,BCP,Banca Móvil Propia,Retiro sin Tarjeta,361.34,0,1,0.5,2024-06-01 04:34:58
1215,31,26075.23,0,Lima,Pichincha,Yape,Pago de Tarjeta de Crédito,5.98,1,1,0.0,2024-03-23 04:34:58
1216,44,19309.38,13,Lima,BCP,Banca Móvil Propia,Retiro sin Tarjeta,96.56,0,1,0.0,2024-01-09 04:34:58
1217,25,20363.26,4,Lima,BCP,Yape,Transferencia Mismo Banco,39.09,0,0,0.0,2023-12-29 04:34:58
1218,32,12027.12,6,Lima,BCP,Yape,Pago de Préstamos,62.27,1,0,0.0,2024-02-19 04:34:58
1219,29,48810.47,3,Piura,Scotiabank,Yape,Recarga de Celular,189.38,1,0,0.3,2024-03-30 04:34:58
1220,35,34144.51,9,Trujillo,BCP,QR,Pago de Préstamos,120.88,0,1,0.1,2024-02-15 04:34:58
1221,62,35670.45,0,Trujillo,BCP,Yape,Transferencia Interbancaria,110.44,0,1,0.25,2024-04-25 04:34:58
1222,18,18906.81,1,Trujillo,BBVA,Yape,Compras Online,487.61,1,1,0.1,2024-10-30 04:34:58
1223,43,9278.07,3,Lima,BBVA,Banca Móvil Propia,Pago de Tarjeta de Crédito,146.41,1,1,0.2,2024-12-03 04:34:58
1224,18,50000.0,0,Otros,BBVA,Plin,Transferencia Mismo Banco,903.3,0,0,0.0,2024-10-01 04:34:58
1225,29,21363.76,6,Lima,BBVA,Plin,Compras Online,302.53,0,0,0.0,2024-11-28 04:34:58
1226,48,15147.64,2,Lima,Scotiabank,Yape,Pago de Servicios,56.45,0,1,0.1,2024-05-30 04:34:58
1227,35,27130.15,1,Cusco,Scotiabank,Lukita,Pago de Servicios,1026.69,0,1,0.2,2024-01-25 04:34:58
1228,22,39480.43,0,Arequipa,Scotiabank,Banca Móvil Propia,Transferencia Mismo Banco,196.0,0,1,0.25,2024-05-23 04:34:58
1229,26,21774.06,6,Trujillo,BCP,Yape,Transferencia Interbancaria,964.63,1,0,0.35,2024-10-23 04:34:58
1230,43,41743.02,8,Lima,Scotiabank,Yape,Pago de Tarjeta de Crédito,113.74,0,0,0.0,2024-09-25 04:34:58
1231,26,37854.3,2,Lima,BCP,Tunki,Retiro sin Tarjeta,194.85,0,1,0.2,2024-11-14 04:34:58
1232,37,12859.13,4,Arequipa,BCP,Banca Móvil Propia,Retiro sin Tarjeta,228.63,0,0,0.3,2024-09-28 04:34:58
1233,35,15726.54,1,Lima,BanBif,Plin,Compras Online,125.45,1,1,0.0,2024-10-31 04:34:58
1234,27,35552.6,4,Lima,Scotiabank,Yape,Recarga de Celular,529.49,0,0,0.5,2024-05-20 04:34:58
1235,60,5674.25,0,Lima,BBVA,Plin,Pago de Tarjeta de Crédito,1025.14,1,1,0.35,2024-03-12 04:34:58
1236,42,20440.47,3,Lima,Scotiabank,Banca Móvil Propia,Compras Online,14.98,0,1,0.0,2024-10-23 04:34:58
1237,18,10770.7,5,Lima,Pichincha,Web Banking,Transferencia Mismo Banco,335.23,0,0,0.35,2024-03-25 04:34:58
1238,37,17356.51,12,Cusco,Interbank,Yape,Recarga de Celular,60.67,0,0,0.0,2024-09-20 04:34:58
1239,27,18969.54,2,Trujillo,Interbank,Plin,Pago de Servicios,11.1,1,0,0.0,2024-10-16 04:34:58
1240,45,18414.21,7,Lima,Scotiabank,Yape,Pago de Préstamos,248.89,0,1,0.0,2024-07-05 04:34:58
1241,25,16711.78,4,Piura,BCP,Yape,Pago de Préstamos,249.45,1,1,0.45,2024-10-15 04:34:58
1242,33,12726.33,13,Lima,BCP,Plin,Compras Online,292.99,0,1,0.15,2024-02-22 04:34:58
1243,41,50000.0,2,Arequipa,Scotiabank,Web Banking,Retiro sin Tarjeta,215.08,1,0,0.15,2024-03-03 04:34:58
1244,45,50000.0,1,Otros,BCP,Yape,Compras Online,356.03,0,0,0.15,2024-10-14 04:34:58
1245,20,12319.85,10,Lima,BCP,Banca Móvil Propia,Pago de Préstamos,81.2,0,1,0.0,2024-01-17 04:34:58
1246,30,48584.43,0,Lima,BCP,Yape,Pago de Tarjeta de Crédito,193.12,0,1,0.1,2024-08-18 04:34:58
1247,29,18038.57,0,Lima,BBVA,Lukita,Retiro sin Tarjeta,298.32,1,0,0.1,2024-04-11 04:34:58
1248,27,23496.19,0,Lima,Pichincha,Banca Móvil Propia,Pago de Préstamos,574.19,0,0,0.1,2024-08-26 04:34:58
1249,56,21340.52,9,Lima,Interbank,Yape,Recarga de Celular,155.07,0,1,0.0,2024-03-24 04:34:58
1250,39,15837.34,0,Lima,BBVA,QR,Transferencia Mismo Banco,119.85,0,1,0.0,2024-01-28 04:34:58
1251,19,36023.48,9,Lima,Pichincha,Yape,Recarga de Celular,140.44,0,1,0.1,2023-12-10 04:34:58
1252,46,23457.45,3,Arequipa,BanBif,Banca Móvil Propia,Pago de Tarjeta de Crédito,44.99,1,1,0.0,2024-02-20 04:34:58
1253,60,17356.53,0,Cusco,BBVA,QR,Pago de Servicios,320.42,1,1,0.0,2024-07-20 04:34:58
1254,47,11472.47,2,Arequipa,BanBif,Yape,Pago de Tarjeta de Crédito,34.56,0,1,0.1,2024-07-25 04:34:58
1255,18,14089.74,1,Lima,BBVA,Banca Móvil Propia,Transferencia Mismo Banco,219.41,0,1,0.6,2024-03-08 04:34:58
1256,29,9694.46,4,Lima,BCP,Lukita,Pago de Tarjeta de Crédito,161.51,1,1,0.0,2024-01-02 04:34:58
1257,50,22161.5,5,Otros,BCP,Web Banking,Pago de Servicios,31.47,0,0,0.25,2024-07-25 04:34:58
1258,26,12108.55,3,Lima,Interbank,Lukita,Transferencia Mismo Banco,33.32,1,1,0.0,2024-10-11 04:34:58
1259,40,19287.64,0,Piura,BBVA,Plin,Recarga de Celular,63.2,1,1,0.35,2024-07-21 04:34:58
1260,44,43697.71,5,Lima,Interbank,Banca Móvil Propia,Transferencia Interbancaria,105.22,0,0,0.0,2024-06-28 04:34:58
1261,23,40120.78,9,Piura,Interbank,Lukita,Recarga de Celular,652.28,0,1,0.0,2024-06-14 04:34:58
1262,34,21673.85,6,Lima,BCP,Banca Móvil Propia,Transferencia Mismo Banco,132.86,0,1,0.0,2024-03-06 04:34:58
1263,18,21087.96,8,Lima,BCP,QR,Pago de Tarjeta de Crédito,256.34,0,1,0.15,2024-09-15 04:34:58
1264,22,50000.0,1,Lima,BBVA,Yape,Pago de Servicios,526.69,0,1,0.0,2024-05-31 04:34:58
1265,31,28577.59,10,Trujillo,BCP,Yape,Recarga de Celular,434.05,1,1,0.45,2024-07-04 04:34:58
1266,20,18696.6,1,Lima,Interbank,Banca Móvil Propia,Transferencia Mismo Banco,147.37,1,1,0.35,2024-10-12 04:34:58
1267,54,10796.65,0,Cusco,BBVA,Web Banking,Pago de Servicios,73.29,0,1,0.0,2024-10-30 04:34:58
1268,18,26820.9,9,Lima,BBVA,Tunki,Pago de Préstamos,244.41,0,1,0.1,2024-07-23 04:34:58
1269,29,33344.96,14,Otros,BCP,Web Banking,Pago de Servicios,74.77,0,1,0.3,2024-01-15 04:34:58
1270,36,16061.4,5,Trujillo,Interbank,Web Banking,Pago de Servicios,911.24,1,1,0.0,2024-10-06 04:34:58
1271,52,25478.78,1,Lima,Scotiabank,Web Banking,Pago de Tarjeta de Crédito,353.47,1,1,0.2,2024-11-21 04:34:58
1272,18,18365.21,1,Cusco,Pichincha,Web Banking,Transferencia Mismo Banco,182.86,0,1,0.0,2024-05-11 04:34:58
1273,48,20090.13,3,Cusco,Scotiabank,QR,Pago de Servicios,247.81,0,0,0.15,2024-11-13 04:34:58
1274,35,6349.23,11,Lima,BBVA,Lukita,Pago de Servicios,177.38,1,1,0.0,2024-07-02 04:34:58
1275,23,19714.49,0,Lima,BCP,Banca Móvil Propia,Recarga de Celular,102.69,0,1,0.35,2024-08-08 04:34:58
1276,40,35763.56,8,Cusco,Interbank,Yape,Pago de Servicios,244.35,1,0,0.35,2024-06-30 04:34:58
1277,37,16063.4,1,Piura,BanBif,Yape,Pago de Préstamos,116.41,0,0,0.0,2024-03-11 04:34:58
1278,27,22612.61,8,Lima,BCP,Yape,Pago de Tarjeta de Crédito,1029.36,0,1,0.0,2024-04-15 04:34:58
1279,35,15093.58,12,Cusco,BCP,Yape,Transferencia Interbancaria,74.24,0,0,0.1,2024-07-03 04:34:58
1280,30,26376.29,2,Lima,BCP,Yape,Compras Online,246.85,0,0,0.3,2024-11-26 04:34:58
1281,36,19766.39,2,Cusco,Interbank,Web Banking,Transferencia Mismo Banco,67.85,0,1,0.15,2023-12-17 04:34:58
1282,42,13771.81,8,Lima,BBVA,Banca Móvil Propia,Pago de Servicios,67.14,0,0,0.5,2024-08-27 04:34:58
1283,54,42884.93,3,Lima,BCP,Yape,Pago de Préstamos,24.88,0,1,0.2,2024-08-25 04:34:58
1284,20,35047.73,5,Lima,Scotiabank,QR,Pago de Préstamos,223.96,1,1,0.4,2024-03-06 04:34:58
1285,60,16277.62,4,Lima,BBVA,Tunki,Compras Online,87.14,0,1,0.25,2024-03-10 04:34:58
1286,18,28251.28,0,Lima,BCP,Yape,Pago de Servicios,438.51,1,1,0.2,2024-03-15 04:34:58
1287,33,28816.57,9,Lima,BCP,QR,Retiro sin Tarjeta,224.37,0,1,0.1,2024-06-28 04:34:58
1288,42,30368.18,1,Lima,BCP,Yape,Compras Online,172.13,1,1,0.15,2024-02-26 04:34:58
1289,38,9441.52,13,Trujillo,BBVA,Banca Móvil Propia,Recarga de Celular,36.22,0,0,0.0,2024-04-12 04:34:58
1290,27,36435.66,1,Lima,BCP,Yape,Pago de Servicios,266.38,1,1,0.0,2024-03-07 04:34:58
1291,32,16566.71,6,Lima,BBVA,Banca Móvil Propia,Recarga de Celular,76.54,0,1,0.0,2024-04-30 04:34:58
1292,29,18418.04,1,Lima,Scotiabank,QR,Recarga de Celular,35.42,0,1,0.0,2024-07-13 04:34:58
1293,27,50000.0,1,Trujillo,Interbank,Yape,Transferencia Interbancaria,228.27,0,1,0.0,2024-05-29 04:34:58
1294,45,25615.08,1,Piura,BCP,Web Banking,Transferencia Mismo Banco,42.17,1,1,0.3,2024-03-31 04:34:58
1295,39,18157.5,6,Lima,BBVA,Yape,Transferencia Interbancaria,18.34,0,0,0.15,2024-04-17 04:34:58
1296,26,7312.59,4,Lima,Scotiabank,Banca Móvil Propia,Transferencia Mismo Banco,543.01,0,0,0.15,2024-07-17 04:34:58
1297,45,44129.42,10,Piura,BCP,QR,Retiro sin Tarjeta,84.71,0,1,0.15,2024-11-27 04:34:58
1298,38,11241.81,1,Otros,BCP,QR,Pago de Préstamos,25.93,1,1,0.0,2023-12-19 04:34:58
1299,44,13336.78,5,Lima,BBVA,Plin,Transferencia Interbancaria,56.68,1,0,0.0,2024-06-15 04:34:58
1300,42,18663.48,6,Piura,Interbank,Yape,Recarga de Celular,72.16,0,1,0.0,2024-07-18 04:34:58
1301,25,44721.33,0,Lima,BCP,Banca Móvil Propia,Compras Online,466.02,0,1,0.1,2024-05-15 04:34:58
1302,28,32422.89,2,Trujillo,Interbank,Yape,Compras Online,28.14,1,1,0.35,2024-11-20 04:34:58
1303,43,20354.99,3,Piura,Interbank,Tunki,Pago de Servicios,38.9,0,1,0.1,2024-05-24 04:34:58
1304,42,25697.42,2,Lima,BanBif,QR,Retiro sin Tarjeta,395.6,0,1,0.1,2024-09-13 04:34:58
1305,34,16314.46,1,Lima,BCP,Tunki,Transferencia Mismo Banco,94.66,0,1,0.0,2023-12-13 04:34:58
1306,36,23619.47,5,Cusco,Scotiabank,Yape,Transferencia Interbancaria,186.41,0,1,0.0,2024-11-05 04:34:58
1307,50,22849.13,1,Cusco,BCP,Plin,Retiro sin Tarjeta,90.84,1,0,0.1,2024-06-19 04:34:58
1308,27,35752.84,6,Lima,BBVA,QR,Pago de Tarjeta de Crédito,1119.42,0,1,0.3,2024-03-04 04:34:58
1309,41,35724.39,13,Arequipa,BBVA,Banca Móvil Propia,Transferencia Interbancaria,40.87,0,1,0.5,2024-01-25 04:34:58
1310,32,28197.5,4,Lima,BBVA,Banca Móvil Propia,Recarga de Celular,196.79,1,1,0.0,2024-08-16 04:34:58
1311,32,18376.47,4,Arequipa,Scotiabank,Plin,Pago de Tarjeta de Crédito,667.11,0,0,0.35,2024-07-03 04:34:58
1312,48,31917.55,0,Trujillo,BCP,Yape,Transferencia Interbancaria,102.0,0,1,0.15,2024-11-26 04:34:58
1313,44,21036.53,9,Lima,BBVA,Plin,Transferencia Mismo Banco,69.84,0,0,0.15,2023-12-29 04:34:58
1314,44,12823.6,1,Lima,BCP,Plin,Pago de Tarjeta de Crédito,319.61,1,0,0.0,2024-03-15 04:34:58
1315,50,18004.12,4,Trujillo,Interbank,Plin,Pago de Préstamos,405.07,1,1,0.1,2024-01-22 04:34:58
1316,35,22977.33,19,Lima,BCP,Plin,Pago de Tarjeta de Crédito,66.69,1,0,0.15,2024-03-16 04:34:58
1317,43,34721.28,4,Cusco,Scotiabank,Lukita,Transferencia Mismo Banco,640.47,0,1,0.0,2024-04-03 04:34:58
1318,31,20095.19,6,Lima,Scotiabank,Lukita,Pago de Servicios,156.21,1,1,0.15,2024-07-19 04:34:58
1319,38,12032.91,2,Arequipa,Scotiabank,Yape,Pago de Servicios,246.85,0,1,0.25,2024-09-30 04:34:58
1320,33,22660.32,0,Lima,BCP,Banca Móvil Propia,Compras Online,657.39,0,0,0.3,2024-02-15 04:34:58
1321,36,23312.1,7,Trujillo,Interbank,Banca Móvil Propia,Compras Online,320.15,0,1,0.2,2023-12-28 04:34:58
1322,42,24171.24,0,Lima,BCP,Yape,Transferencia Mismo Banco,148.38,0,0,0.0,2024-07-30 04:34:58
1323,25,34889.31,6,Piura,Scotiabank,Yape,Pago de Préstamos,75.82,0,1,0.35,2024-03-27 04:34:58
1324,60,36660.74,0,Lima,Interbank,Banca Móvil Propia,Transferencia Mismo Banco,2227.21,0,0,0.0,2023-12-18 04:34:58
1325,22,16364.91,9,Arequipa,BBVA,Plin,Transferencia Mismo Banco,67.42,1,1,0.0,2024-09-01 04:34:58
1326,20,16186.43,0,Cusco,Interbank,Yape,Retiro sin Tarjeta,204.0,0,1,0.2,2024-03-24 04:34:58
1327,48,13093.89,3,Trujillo,BCP,Yape,Pago de Tarjeta de Crédito,247.15,1,0,0.2,2024-07-19 04:34:58
1328,44,31238.54,4,Trujillo,BBVA,Plin,Pago de Préstamos,259.12,0,0,0.3,2024-01-30 04:34:58
1329,42,45451.91,3,Trujillo,BCP,Web Banking,Transferencia Interbancaria,1246.4,0,1,0.2,2024-05-30 04:34:58
1330,42,18815.93,2,Lima,Pichincha,Lukita,Retiro sin Tarjeta,155.64,0,1,0.35,2024-11-06 04:34:58
1331,34,19521.75,3,Lima,Scotiabank,Banca Móvil Propia,Pago de Préstamos,134.95,0,1,0.0,2024-01-23 04:34:58
1332,24,45861.96,1,Trujillo,Interbank,Web Banking,Recarga de Celular,700.84,1,1,0.15,2024-11-06 04:34:58
1333,35,28361.25,2,Lima,BanBif,Banca Móvil Propia,Pago de Servicios,129.56,0,1,0.15,2024-10-12 04:34:58
1334,26,27395.06,2,Lima,BCP,Banca Móvil Propia,Transferencia Interbancaria,356.39,0,0,0.2,2024-03-20 04:34:58
1335,46,12143.41,4,Otros,BanBif,Plin,Pago de Servicios,180.26,0,1,0.45,2024-07-23 04:34:58
1336,33,30926.36,1,Otros,BCP,Tunki,Pago de Préstamos,372.77,0,1,0.3,2024-02-21 04:34:58
1337,25,13841.57,22,Lima,Interbank,Yape,Recarga de Celular,306.57,0,0,0.15,2024-05-22 04:34:58
1338,31,12493.83,3,Lima,Interbank,Tunki,Transferencia Mismo Banco,99.18,1,1,0.0,2024-08-18 04:34:58
1339,39,18520.14,1,Lima,BCP,Yape,Pago de Servicios,23.48,0,1,0.15,2024-01-10 04:34:58
1340,28,16433.93,3,Lima,BBVA,Plin,Transferencia Mismo Banco,27.83,1,0,0.25,2023-12-31 04:34:58
1341,25,19716.28,10,Piura,BCP,Yape,Pago de Servicios,23.56,0,0,0.15,2024-11-17 04:34:58
1342,37,10716.17,0,Lima,Pichincha,Plin,Pago de Préstamos,135.48,1,0,0.0,2023-12-24 04:34:58
1343,37,35575.35,5,Cusco,BCP,Lukita,Recarga de Celular,14.12,0,1,0.35,2024-10-31 04:34:58
1344,28,38709.61,3,Lima,BBVA,Plin,Pago de Servicios,126.47,0,1,0.0,2024-08-16 04:34:58
1345,29,8319.26,0,Arequipa,Scotiabank,QR,Recarga de Celular,169.66,0,0,0.0,2024-06-18 04:34:58
1346,37,35926.44,8,Lima,BCP,Banca Móvil Propia,Pago de Préstamos,349.4,0,1,0.1,2023-12-26 04:34:58
1347,18,14687.26,2,Arequipa,BBVA,Banca Móvil Propia,Transferencia Interbancaria,245.77,0,1,0.2,2024-11-01 04:34:58
1348,18,33809.18,1,Trujillo,Interbank,Plin,Retiro sin Tarjeta,365.73,0,1,0.35,2024-09-04 04:34:58
1349,26,21285.4,8,Lima,BCP,QR,Recarga de Celular,224.51,0,0,0.35,2024-07-03 04:34:58
1350,32,22345.67,5,Arequipa,Scotiabank,Yape,Pago de Servicios,107.39,0,0,0.25,2024-02-08 04:34:58
1351,38,20079.43,11,Trujillo,BCP,Banca Móvil Propia,Transferencia Interbancaria,133.49,0,1,0.0,2024-04-08 04:34:58
1352,52,40378.98,4,Trujillo,BCP,Banca Móvil Propia,Pago de Préstamos,63.33,0,1,0.3,2024-03-24 04:34:58
1353,45,11851.46,6,Lima,BBVA,Plin,Recarga de Celular,186.44,0,1,0.0,2024-10-30 04:34:58
1354,33,29849.4,9,Cusco,BBVA,Plin,Pago de Servicios,30.44,1,1,0.1,2024-06-19 04:34:58
1355,34,38202.84,0,Trujillo,BanBif,Tunki,Pago de Tarjeta de Crédito,430.97,0,1,0.2,2024-09-29 04:34:58
1356,22,31513.46,7,Lima,Scotiabank,QR,Recarga de Celular,57.02,1,1,0.25,2024-11-08 04:34:58
1357,34,50000.0,4,Lima,BBVA,Lukita,Recarga de Celular,173.1,0,0,0.45,2024-04-05 04:34:58
1358,31,16907.74,0,Lima,BBVA,QR,Transferencia Mismo Banco,204.69,0,1,0.0,2024-01-28 04:34:58
1359,38,35548.47,3,Piura,BCP,Yape,Pago de Servicios,474.72,0,1,0.0,2024-05-15 04:34:58
1360,25,20888.51,0,Piura,BCP,Yape,Retiro sin Tarjeta,27.63,0,0,0.0,2024-01-21 04:34:58
1361,41,40810.84,6,Trujillo,BBVA,Yape,Recarga de Celular,107.18,0,1,0.2,2024-08-23 04:34:58
1362,53,21941.95,3,Lima,Scotiabank,Web Banking,Compras Online,257.2,0,0,0.0,2024-05-15 04:34:58
1363,33,18143.4,15,Arequipa,BCP,Yape,Transferencia Interbancaria,855.07,0,1,0.1,2024-12-03 04:34:58
1364,39,42320.89,1,Lima,BCP,Plin,Pago de Servicios,142.76,0,1,0.0,2024-07-07 04:34:58
1365,43,17226.76,4,Trujillo,BBVA,QR,Retiro sin Tarjeta,81.91,0,1,0.0,2024-10-05 04:34:58
1366,30,10868.64,1,Piura,BCP,Plin,Pago de Servicios,1126.63,1,0,0.0,2024-06-15 04:34:58
1367,37,17010.34,4,Lima,Interbank,Banca Móvil Propia,Pago de Tarjeta de Crédito,331.15,0,1,0.0,2024-07-05 04:34:58
1368,35,30016.92,6,Lima,BBVA,Plin,Retiro sin Tarjeta,586.18,1,1,0.25,2024-10-30 04:34:58
1369,36,44179.64,6,Otros,BBVA,Tunki,Compras Online,44.28,0,1,0.0,2024-02-13 04:34:58
1370,25,23285.0,8,Lima,BCP,QR,Retiro sin Tarjeta,249.92,1,1,0.2,2024-10-21 04:34:58
1371,35,42578.24,9,Lima,BanBif,Banca Móvil Propia,Recarga de Celular,50.23,0,1,0.2,2024-01-02 04:34:58
1372,40,11169.17,0,Trujillo,BCP,Yape,Transferencia Mismo Banco,40.24,1,1,0.0,2024-04-06 04:34:58
1373,52,17647.83,2,Arequipa,Scotiabank,Yape,Pago de Servicios,265.57,0,0,0.2,2024-02-01 04:34:58
1374,46,19066.96,5,Trujillo,BBVA,Plin,Compras Online,284.82,1,1,0.0,2024-08-18 04:34:58
1375,60,20800.25,3,Lima,Scotiabank,Banca Móvil Propia,Transferencia Interbancaria,91.65,0,0,0.2,2024-04-21 04:34:58
1376,25,22972.36,1,Piura,Interbank,Yape,Pago de Tarjeta de Crédito,621.44,0,1,0.15,2024-06-26 04:34:58
1377,45,31115.32,4,Cusco,BCP,Banca Móvil Propia,Compras Online,102.61,1,0,0.15,2023-12-17 04:34:58
1378,37,17634.22,2,Otros,Scotiabank,Banca Móvil Propia,Transferencia Interbancaria,113.3,0,1,0.15,2024-07-21 04:34:58
1379,61,23612.09,2,Lima,Interbank,QR,Transferencia Mismo Banco,143.16,1,1,0.0,2024-01-02 04:34:58
1380,25,21535.08,8,Lima,BCP,Yape,Transferencia Interbancaria,116.4,0,0,0.25,2024-12-04 04:34:58
1381,24,13864.06,2,Piura,BCP,Banca Móvil Propia,Pago de Servicios,532.33,1,0,0.0,2024-11-10 04:34:58
1382,27,20809.54,0,Cusco,Interbank,Banca Móvil Propia,Compras Online,52.37,0,1,0.15,2024-02-28 04:34:58
1383,18,20499.8,0,Arequipa,Interbank,Plin,Transferencia Interbancaria,69.8,1,1,0.0,2024-10-03 04:34:58
1384,28,20281.4,9,Arequipa,Interbank,Web Banking,Pago de Tarjeta de Crédito,45.09,0,0,0.15,2024-03-25 04:34:58
1385,25,22379.03,16,Lima,Interbank,Yape,Pago de Servicios,976.05,0,1,0.35,2024-02-23 04:34:58
1386,36,22875.84,5,Cusco,Interbank,Banca Móvil Propia,Retiro sin Tarjeta,107.28,0,0,0.0,2024-05-30 04:34:58
1387,39,17744.88,2,Lima,Scotiabank,Plin,Recarga de Celular,68.82,0,0,0.0,2024-02-14 04:34:58
1388,57,41620.89,13,Lima,BBVA,Banca Móvil Propia,Transferencia Mismo Banco,111.35,1,1,0.1,2024-02-09 04:34:58
1389,46,12274.26,5,Trujillo,BCP,Tunki,Transferencia Mismo Banco,346.91,1,0,0.2,2024-10-07 04:34:58
1390,28,15359.89,9,Lima,BanBif,Yape,Pago de Préstamos,288.23,0,1,0.0,2024-06-25 04:34:58
1391,24,50000.0,7,Piura,BCP,Banca Móvil Propia,Transferencia Interbancaria,83.5,0,0,0.1,2024-02-08 04:34:58
1392,40,13108.34,2,Trujillo,BBVA,Banca Móvil Propia,Pago de Servicios,99.53,0,1,0.0,2024-02-15 04:34:58
1393,19,11193.88,3,Otros,Interbank,QR,Pago de Tarjeta de Crédito,34.62,1,1,0.15,2024-11-13 04:34:58
1394,56,31800.53,1,Lima,BBVA,Yape,Recarga de Celular,170.5,1,1,0.45,2024-04-20 04:34:58
1395,49,7796.58,1,Arequipa,BCP,Yape,Pago de Tarjeta de Crédito,535.03,0,1,0.15,2024-01-08 04:34:58
1396,29,19581.94,7,Trujillo,BCP,Banca Móvil Propia,Transferencia Interbancaria,82.95,0,1,0.0,2024-06-23 04:34:58
1397,18,50000.0,11,Arequipa,Interbank,Yape,Pago de Tarjeta de Crédito,280.29,0,1,0.0,2024-03-04 04:34:58
1398,51,10173.4,6,Cusco,Pichincha,Banca Móvil Propia,Compras Online,82.92,0,1,0.0,2024-11-17 04:34:58
1399,33,8176.49,3,Lima,BBVA,Yape,Recarga de Celular,49.62,0,1,0.1,2023-12-13 04:34:58
1400,49,10408.83,0,Lima,BBVA,Plin,Pago de Servicios,293.03,0,0,0.0,2023-12-21 04:34:58
1401,18,34516.05,0,Piura,BCP,Lukita,Pago de Tarjeta de Crédito,1552.54,0,1,0.3,2024-05-02 04:34:58
1402,27,38653.34,2,Arequipa,BCP,Banca Móvil Propia,Transferencia Interbancaria,255.55,0,1,0.15,2024-11-21 04:34:58
1403,35,17046.59,3,Otros,BCP,Banca Móvil Propia,Compras Online,98.12,1,0,0.1,2024-04-14 04:34:58
1404,35,30995.78,4,Piura,BCP,QR,Compras Online,104.65,0,0,0.15,2024-04-19 04:34:58
1405,29,44140.26,0,Trujillo,BBVA,Banca Móvil Propia,Transferencia Interbancaria,1001.43,0,1,0.35,2024-02-05 04:34:58
1406,42,50000.0,22,Lima,BCP,Plin,Pago de Tarjeta de Crédito,201.74,0,1,0.2,2024-02-28 04:34:58
1407,22,19473.94,2,Cusco,BCP,Web Banking,Compras Online,69.0,1,1,0.15,2023-12-16 04:34:58
1408,33,6969.26,9,Trujillo,Interbank,Banca Móvil Propia,Pago de Préstamos,139.46,0,0,0.25,2024-11-30 04:34:58
1409,36,14611.45,3,Piura,Scotiabank,Banca Móvil Propia,Recarga de Celular,184.04,0,0,0.5,2024-09-26 04:34:58
1410,41,17793.67,0,Trujillo,BanBif,Tunki,Transferencia Interbancaria,237.27,1,1,0.0,2024-08-20 04:34:58
1411,43,19351.6,7,Lima,Interbank,Web Banking,Pago de Tarjeta de Crédito,673.2,0,0,0.15,2024-01-25 04:34:58
1412,21,20051.72,6,Lima,BCP,Yape,Recarga de Celular,531.6,0,0,0.0,2024-05-08 04:34:58
1413,18,38539.82,3,Trujillo,Interbank,Yape,Compras Online,180.95,0,1,0.2,2024-03-30 04:34:58
1414,50,41656.56,3,Lima,BCP,Yape,Pago de Tarjeta de Crédito,142.38,0,0,0.15,2024-05-28 04:34:58
1415,38,20214.66,0,Otros,Interbank,Yape,Pago de Tarjeta de Crédito,220.52,0,1,0.2,2023-12-29 04:34:58
1416,26,38148.53,5,Lima,Scotiabank,Plin,Pago de Servicios,80.78,0,0,0.0,2024-11-08 04:34:58
1417,53,26339.65,12,Lima,Interbank,QR,Recarga de Celular,395.44,0,1,0.0,2024-10-29 04:34:58
1418,36,22748.47,0,Lima,Pichincha,Banca Móvil Propia,Pago de Servicios,121.09,0,1,0.15,2024-01-20 04:34:58
1419,49,34657.59,1,Piura,Interbank,Yape,Pago de Servicios,242.48,0,1,0.0,2024-09-30 04:34:58
1420,35,22836.74,11,Lima,Interbank,QR,Retiro sin Tarjeta,823.24,0,1,0.35,2024-09-11 04:34:58
1421,59,50000.0,1,Lima,BCP,Plin,Recarga de Celular,257.96,0,1,0.2,2024-05-15 04:34:58
1422,56,10729.95,5,Trujillo,BanBif,Banca Móvil Propia,Transferencia Mismo Banco,186.92,0,0,0.2,2024-12-03 04:34:58
1423,32,17024.6,3,Lima,BCP,Yape,Pago de Préstamos,88.47,0,1,0.2,2024-05-11 04:34:58
1424,46,20676.24,4,Lima,BanBif,QR,Retiro sin Tarjeta,137.27,1,1,0.0,2024-01-23 04:34:58
1425,42,27439.16,2,Lima,BCP,Yape,Retiro sin Tarjeta,47.65,0,1,0.0,2024-08-03 04:34:58
1426,51,41522.06,1,Arequipa,BCP,Yape,Recarga de Celular,252.95,0,1,0.2,2024-04-16 04:34:58
1427,23,21759.39,0,Cusco,Scotiabank,Plin,Retiro sin Tarjeta,17.56,0,0,0.2,2024-02-14 04:34:58
1428,43,10817.12,6,Piura,BCP,Banca Móvil Propia,Retiro sin Tarjeta,390.88,0,1,0.15,2024-05-16 04:34:58
1429,47,33565.6,6,Cusco,Scotiabank,Banca Móvil Propia,Compras Online,308.49,0,1,0.35,2024-02-05 04:34:58
1430,18,32127.88,5,Otros,BCP,Yape,Pago de Préstamos,163.72,1,0,0.5,2024-05-24 04:34:58
1431,20,8342.1,5,Trujillo,Scotiabank,Yape,Transferencia Interbancaria,87.09,0,1,0.1,2024-10-08 04:34:58
1432,18,21984.61,1,Cusco,Interbank,Banca Móvil Propia,Pago de Préstamos,146.02,0,1,0.15,2024-08-27 04:34:58
1433,31,9946.03,0,Lima,Interbank,Banca Móvil Propia,Pago de Préstamos,25.18,0,0,0.25,2024-04-14 04:34:58
1434,43,15798.57,8,Arequipa,BBVA,Plin,Pago de Servicios,338.26,0,1,0.45,2024-11-13 04:34:58
1435,53,14024.98,3,Lima,BCP,Lukita,Transferencia Mismo Banco,125.99,1,1,0.2,2024-07-21 04:34:58
1436,35,33012.2,1,Lima,Scotiabank,Web Banking,Recarga de Celular,675.35,1,0,0.45,2024-01-03 04:34:58
1437,54,23351.47,0,Lima,BCP,Yape,Compras Online,219.64,0,1,0.35,2024-09-21 04:34:58
1438,18,11581.97,0,Trujillo,BBVA,Banca Móvil Propia,Pago de Préstamos,187.06,0,1,0.0,2024-08-31 04:34:58
1439,18,34201.78,2,Arequipa,Interbank,Yape,Transferencia Interbancaria,221.62,0,1,0.35,2024-09-02 04:34:58
1440,34,10754.69,8,Arequipa,BBVA,Banca Móvil Propia,Pago de Tarjeta de Crédito,55.95,0,1,0.15,2024-04-22 04:34:58
1441,39,25979.34,12,Lima,BCP,Plin,Pago de Tarjeta de Crédito,94.54,1,1,0.1,2024-05-02 04:34:58
1442,34,14661.71,11,Lima,BCP,Yape,Compras Online,169.52,1,1,0.0,2024-11-30 04:34:58
1443,18,18345.9,12,Lima,BCP,Banca Móvil Propia,Transferencia Mismo Banco,109.67,0,1,0.1,2024-11-16 04:34:58
1444,33,28343.0,11,Piura,Scotiabank,QR,Pago de Préstamos,83.39,0,1,0.0,2024-09-13 04:34:58
1445,19,28587.5,3,Lima,BCP,Yape,Pago de Préstamos,111.9,0,1,0.0,2024-03-01 04:34:58
1446,43,42979.76,1,Cusco,Pichincha,Yape,Compras Online,155.11,1,0,0.0,2024-01-15 04:34:58
1447,39,21138.96,7,Trujillo,BCP,Yape,Compras Online,1508.31,0,1,0.15,2024-03-12 04:34:58
1448,23,25673.78,1,Arequipa,BCP,Banca Móvil Propia,Transferencia Mismo Banco,107.19,1,1,0.3,2024-08-31 04:34:58
1449,28,17696.66,1,Lima,BBVA,Lukita,Transferencia Interbancaria,75.38,0,1,0.0,2024-06-14 04:34:58
1450,22,24124.78,1,Cusco,BCP,Plin,Pago de Tarjeta de Crédito,127.39,0,1,0.0,2023-12-11 04:34:58
1451,34,27439.61,3,Cusco,Interbank,Banca Móvil Propia,Recarga de Celular,666.2,0,1,0.0,2024-09-30 04:34:58
1452,46,20969.94,1,Lima,Scotiabank,QR,Pago de Servicios,715.58,0,1,0.45,2024-01-27 04:34:58
1453,23,8938.52,0,Lima,BCP,Plin,Pago de Préstamos,1042.21,1,0,0.0,2024-12-02 04:34:58
1454,41,25996.97,3,Piura,Scotiabank,Banca Móvil Propia,Transferencia Interbancaria,157.74,0,1,0.0,2024-10-29 04:34:58
1455,28,26430.68,10,Piura,BBVA,Banca Móvil Propia,Retiro sin Tarjeta,281.91,1,1,0.3,2023-12-09 04:34:58
1456,25,15676.42,4,Lima,BCP,QR,Pago de Tarjeta de Crédito,51.93,0,1,0.0,2024-06-12 04:34:58
1457,33,11588.94,10,Lima,BCP,Yape,Pago de Préstamos,104.23,0,0,0.1,2024-04-01 04:34:58
1458,22,46071.03,1,Cusco,BanBif,Plin,Transferencia Mismo Banco,48.66,0,0,0.15,2024-02-16 04:34:58
1459,28,28161.83,0,Lima,BCP,Yape,Retiro sin Tarjeta,238.24,0,1,0.35,2024-04-25 04:34:58
1460,20,19642.67,4,Trujillo,Scotiabank,QR,Recarga de Celular,154.23,0,1,0.3,2024-12-02 04:34:58
1461,58,12475.02,3,Lima,BBVA,Plin,Pago de Tarjeta de Crédito,186.08,0,0,0.0,2024-08-09 04:34:58
1462,35,14604.61,5,Piura,BCP,Yape,Pago de Tarjeta de Crédito,63.67,1,1,0.0,2024-01-27 04:34:58
1463,26,42247.28,7,Cusco,BBVA,Web Banking,Pago de Servicios,347.47,0,0,0.3,2024-04-27 04:34:58
1464,37,23595.96,6,Lima,Scotiabank,Web Banking,Pago de Servicios,13.37,0,0,0.15,2024-08-06 04:34:58
1465,33,16725.78,14,Piura,Interbank,Web Banking,Pago de Servicios,115.35,0,1,0.15,2024-04-04 04:34:58
1466,32,28419.89,2,Lima,BBVA,Yape,Pago de Tarjeta de Crédito,133.4,1,1,0.0,2024-03-31 04:34:58
1467,42,14658.87,1,Trujillo,Scotiabank,QR,Pago de Préstamos,19.66,1,0,0.15,2023-12-16 04:34:58
1468,44,46649.69,4,Cusco,BCP,Yape,Pago de Préstamos,217.92,1,1,0.2,2024-03-13 04:34:58
1469,28,43321.32,0,Lima,BanBif,Yape,Retiro sin Tarjeta,124.8,0,1,0.2,2023-12-31 04:34:58
1470,28,17443.34,1,Lima,Scotiabank,Plin,Pago de Préstamos,260.11,1,1,0.15,2023-12-07 04:34:58
1471,31,16085.36,1,Arequipa,Interbank,Banca Móvil Propia,Recarga de Celular,1096.45,0,0,0.2,2024-01-07 04:34:58
1472,18,5948.73,2,Lima,Scotiabank,Yape,Retiro sin Tarjeta,205.33,1,1,0.0,2024-04-07 04:34:58
1473,18,10500.83,0,Arequipa,BBVA,Banca Móvil Propia,Pago de Tarjeta de Crédito,392.55,0,1,0.0,2024-11-16 04:34:58
1474,51,11274.12,0,Lima,Interbank,QR,Transferencia Mismo Banco,590.49,0,0,0.3,2024-08-25 04:34:58
1475,54,23566.82,5,Arequipa,BBVA,Plin,Pago de Servicios,242.75,0,1,0.4,2024-09-07 04:34:58
1476,32,18711.3,4,Lima,BBVA,Plin,Recarga de Celular,62.43,0,1,0.45,2024-05-19 04:34:58
1477,41,11241.1,6,Arequipa,BBVA,Plin,Retiro sin Tarjeta,28.78,0,1,0.0,2024-09-30 04:34:58
1478,38,19137.75,5,Lima,BCP,QR,Pago de Préstamos,215.81,0,0,0.35,2024-10-04 04:34:58
1479,71,28358.12,0,Lima,BBVA,Yape,Retiro sin Tarjeta,99.46,0,1,0.0,2024-08-03 04:34:58
1480,48,28678.98,1,Cusco,BCP,Plin,Pago de Préstamos,535.71,1,0,0.15,2024-09-21 04:34:58
1481,33,8519.94,0,Lima,BCP,Yape,Retiro sin Tarjeta,92.28,1,1,0.0,2024-01-12 04:34:58
1482,23,20658.21,9,Cusco,BCP,QR,Retiro sin Tarjeta,146.3,0,0,0.15,2024-09-15 04:34:58
1483,18,11029.51,6,Trujillo,Scotiabank,Yape,Pago de Tarjeta de Crédito,46.57,0,0,0.1,2024-01-21 04:34:58
1484,37,34574.25,1,Cusco,BBVA,Plin,Retiro sin Tarjeta,105.23,0,0,0.25,2023-12-19 04:34:58
1485,25,32600.18,2,Trujillo,Interbank,Tunki,Compras Online,57.81,1,1,0.0,2024-11-22 04:34:58
1486,18,14058.56,16,Lima,BCP,QR,Transferencia Mismo Banco,63.34,1,1,0.1,2024-04-26 04:34:58
1487,27,15017.59,4,Trujillo,BBVA,Plin,Pago de Servicios,140.78,0,1,0.1,2024-10-07 04:34:58
1488,22,17489.68,8,Trujillo,BCP,Banca Móvil Propia,Pago de Préstamos,80.89,1,1,0.0,2023-12-26 04:34:58
1489,55,7140.97,1,Lima,BCP,Yape,Retiro sin Tarjeta,2057.48,1,1,0.0,2024-03-24 04:34:58
1490,45,26055.5,1,Cusco,Interbank,Web Banking,Transferencia Mismo Banco,342.37,0,1,0.0,2024-05-12 04:34:58
1491,34,19217.52,7,Lima,Interbank,Banca Móvil Propia,Pago de Tarjeta de Crédito,439.06,0,1,0.0,2024-07-20 04:34:58
1492,52,35777.97,5,Lima,BCP,Banca Móvil Propia,Pago de Préstamos,132.83,0,1,0.25,2024-01-14 04:34:58
1493,35,12718.28,5,Lima,BBVA,Plin,Recarga de Celular,164.97,0,0,0.2,2024-08-22 04:34:58
1494,24,16162.33,4,Piura,Scotiabank,Plin,Recarga de Celular,96.58,0,1,0.15,2024-09-15 04:34:58
1495,53,10370.67,4,Lima,BCP,Yape,Pago de Tarjeta de Crédito,2047.51,0,1,0.0,2024-06-01 04:34:58
1496,41,13331.1,6,Lima,BCP,Banca Móvil Propia,Transferencia Mismo Banco,133.1,0,0,0.15,2023-12-24 04:34:58
1497,22,12197.78,1,Lima,Interbank,Web Banking,Pago de Préstamos,81.15,0,1,0.15,2024-01-19 04:34:58
1498,32,36242.47,2,Lima,BCP,Yape,Transferencia Mismo Banco,69.83,0,1,0.15,2024-10-20 04:34:58
1499,24,15535.28,10,Cusco,Pichincha,QR,Pago de Préstamos,207.55,1,0,0.15,2024-08-07 04:34:58
1500,18,23437.39,1,Arequipa,Interbank,Yape,Compras Online,614.63,0,0,0.0,2024-07-18 04:34:58
1501,46,18208.04,3,Piura,BBVA,QR,Transferencia Mismo Banco,440.08,1,1,0.45,2024-05-17 04:34:58
1502,57,11675.73,6,Trujillo,BBVA,Plin,Compras Online,69.66,1,1,0.15,2024-02-29 04:34:58
1503,18,20248.78,30,Piura,BBVA,Plin,Recarga de Celular,67.97,1,0,0.15,2024-10-12 04:34:58
1504,41,29719.29,2,Trujillo,BCP,Plin,Retiro sin Tarjeta,516.08,0,0,0.0,2024-03-04 04:34:58
1505,27,12041.57,2,Piura,BanBif,Lukita,Pago de Préstamos,1213.64,1,1,0.2,2024-05-01 04:34:58
1506,29,33009.69,9,Lima,Interbank,Lukita,Pago de Préstamos,128.38,0,0,0.0,2024-11-23 04:34:58
1507,27,14402.25,8,Lima,BCP,Plin,Pago de Servicios,496.02,0,1,0.2,2024-12-01 04:34:58
1508,24,17300.8,6,Lima,BBVA,Banca Móvil Propia,Retiro sin Tarjeta,34.26,1,1,0.15,2024-01-08 04:34:58
1509,35,28719.79,3,Arequipa,BCP,Yape,Pago de Préstamos,63.85,0,1,0.3,2024-02-10 04:34:58
1510,25,15808.17,1,Piura,BCP,Yape,Transferencia Interbancaria,54.08,0,1,0.15,2024-06-11 04:34:58
1511,38,22444.2,4,Cusco,Interbank,Plin,Transferencia Mismo Banco,224.13,0,1,0.0,2024-05-01 04:34:58
1512,34,18819.61,10,Arequipa,Interbank,Banca Móvil Propia,Retiro sin Tarjeta,124.09,0,1,0.25,2024-11-04 04:34:58
1513,32,23498.32,10,Piura,BBVA,Banca Móvil Propia,Compras Online,188.31,0,0,0.2,2024-05-06 04:34:58
1514,24,6698.44,0,Lima,BCP,Banca Móvil Propia,Pago de Servicios,502.26,0,1,0.1,2024-02-21 04:34:58
1515,28,8823.37,2,Arequipa,Interbank,Lukita,Retiro sin Tarjeta,77.23,0,1,0.4,2024-11-29 04:34:58
1516,44,29970.94,3,Lima,BCP,Yape,Transferencia Interbancaria,163.04,0,0,0.15,2024-08-13 04:34:58
1517,41,36996.95,18,Otros,Interbank,QR,Transferencia Interbancaria,38.94,1,1,0.1,2024-02-13 04:34:58
1518,23,13971.25,5,Trujillo,BBVA,Yape,Retiro sin Tarjeta,475.22,1,1,0.35,2023-12-15 04:34:58
1519,36,19496.41,2,Trujillo,Interbank,Lukita,Pago de Tarjeta de Crédito,444.26,0,0,0.3,2024-12-05 04:34:58
1520,44,25523.62,0,Piura,Scotiabank,Yape,Pago de Tarjeta de Crédito,213.13,0,1,0.25,2024-08-26 04:34:58
1521,18,31151.22,4,Lima,Scotiabank,Lukita,Pago de Tarjeta de Crédito,167.32,1,0,0.0,2024-08-11 04:34:58
1522,41,7991.72,0,Trujillo,Pichincha,Banca Móvil Propia,Pago de Servicios,89.2,0,1,0.3,2024-06-07 04:34:58
1523,27,14143.07,8,Lima,Pichincha,Tunki,Retiro sin Tarjeta,36.76,0,1,0.0,2024-01-16 04:34:58
1524,41,18652.03,6,Arequipa,Scotiabank,Banca Móvil Propia,Transferencia Mismo Banco,201.45,0,1,0.0,2024-08-22 04:34:58
1525,25,31306.16,3,Lima,Pichincha,Yape,Pago de Servicios,316.14,0,1,0.25,2024-02-02 04:34:58
1526,18,50000.0,2,Trujillo,Scotiabank,Plin,Compras Online,1118.08,0,0,0.2,2024-07-15 04:34:58
1527,18,19653.23,11,Lima,Interbank,Banca Móvil Propia,Recarga de Celular,100.13,0,0,0.2,2024-02-23 04:34:58
1528,35,10899.93,1,Lima,BCP,Lukita,Pago de Servicios,194.45,0,0,0.45,2024-11-13 04:34:58
1529,38,26933.71,1,Lima,BCP,Yape,Retiro sin Tarjeta,452.33,0,1,0.2,2024-04-08 04:34:58
1530,24,42637.86,14,Trujillo,Scotiabank,Plin,Retiro sin Tarjeta,466.16,0,1,0.35,2024-04-18 04:34:58
1531,42,23248.76,8,Arequipa,BBVA,Banca Móvil Propia,Recarga de Celular,79.64,0,0,0.0,2024-01-18 04:34:58
1532,18,13998.08,8,Otros,Scotiabank,Banca Móvil Propia,Transferencia Interbancaria,112.26,1,0,0.1,2024-02-29 04:34:58
1533,34,35560.72,1,Lima,BCP,Plin,Retiro sin Tarjeta,87.78,0,1,0.0,2024-03-02 04:34:58
1534,20,30692.48,0,Otros,BBVA,QR,Transferencia Interbancaria,60.23,0,1,0.0,2024-08-15 04:34:58
1535,27,13186.64,0,Lima,Interbank,Banca Móvil Propia,Transferencia Interbancaria,646.56,0,0,0.2,2024-02-18 04:34:58
1536,35,26654.49,1,Lima,BanBif,Yape,Transferencia Mismo Banco,158.02,0,0,0.0,2024-11-14 04:34:58
1537,24,36265.89,7,Lima,BCP,Yape,Pago de Tarjeta de Crédito,137.79,0,1,0.0,2024-06-01 04:34:58
1538,30,39773.06,1,Lima,Scotiabank,Tunki,Transferencia Interbancaria,190.13,0,1,0.15,2024-09-27 04:34:58
1539,47,21306.67,6,Lima,Scotiabank,Banca Móvil Propia,Pago de Servicios,156.61,0,1,0.0,2023-12-25 04:34:58
1540,28,18415.73,1,Lima,BCP,Yape,Pago de Tarjeta de Crédito,118.99,0,1,0.2,2024-08-06 04:34:58
1541,45,40685.9,2,Trujillo,BBVA,Web Banking,Transferencia Interbancaria,69.3,0,1,0.1,2024-08-22 04:34:58
1542,21,12027.12,20,Lima,BCP,Yape,Pago de Tarjeta de Crédito,710.01,1,0,0.0,2024-10-21 04:34:58
1543,41,27427.18,1,Trujillo,BCP,Plin,Pago de Préstamos,83.91,1,1,0.0,2024-06-23 04:34:58
1544,52,11103.18,2,Lima,BBVA,Yape,Pago de Préstamos,58.53,1,1,0.3,2024-09-07 04:34:58
1545,18,37522.2,1,Arequipa,BCP,QR,Transferencia Mismo Banco,136.93,0,1,0.0,2023-12-25 04:34:58
1546,25,19360.25,0,Piura,BCP,Banca Móvil Propia,Retiro sin Tarjeta,1283.72,0,1,0.5,2024-06-10 04:34:58
1547,41,41535.0,3,Trujillo,Scotiabank,Yape,Retiro sin Tarjeta,65.26,0,1,0.4,2024-10-23 04:34:58
1548,32,28161.37,2,Lima,BBVA,QR,Recarga de Celular,301.75,0,1,0.2,2024-07-02 04:34:58
1549,39,11948.84,5,Cusco,Interbank,Plin,Transferencia Interbancaria,116.01,0,0,0.25,2024-01-19 04:34:58
1550,27,44905.42,8,Cusco,BCP,Banca Móvil Propia,Pago de Servicios,189.58,0,0,0.0,2024-11-28 04:34:58
1551,36,47840.25,3,Piura,Scotiabank,QR,Pago de Préstamos,373.22,0,1,0.25,2024-02-22 04:34:58
1552,33,34239.77,0,Piura,Scotiabank,Lukita,Pago de Préstamos,26.58,0,1,0.0,2024-04-15 04:34:58
1553,49,15051.1,4,Trujillo,BBVA,QR,Recarga de Celular,60.56,0,1,0.0,2024-08-23 04:34:58
1554,38,18901.43,0,Lima,BanBif,QR,Recarga de Celular,367.97,0,1,0.1,2024-07-30 04:34:58
1555,39,23687.76,4,Arequipa,Scotiabank,Web Banking,Compras Online,163.6,1,1,0.5,2024-10-23 04:34:58
1556,30,15493.02,5,Trujillo,Interbank,Yape,Pago de Préstamos,183.44,1,1,0.15,2024-04-09 04:34:58
1557,29,50000.0,1,Otros,Interbank,Plin,Transferencia Mismo Banco,302.29,1,1,0.35,2024-07-25 04:34:58
1558,29,23674.72,8,Trujillo,BCP,Banca Móvil Propia,Retiro sin Tarjeta,60.97,1,1,0.3,2024-06-29 04:34:58
1559,39,5700.6,12,Lima,BCP,Banca Móvil Propia,Transferencia Interbancaria,426.27,1,0,0.5,2024-06-11 04:34:58
1560,29,26099.67,8,Lima,BCP,Plin,Pago de Tarjeta de Crédito,336.9,0,0,0.2,2024-03-17 04:34:58
1561,38,18507.31,1,Lima,BCP,Yape,Pago de Tarjeta de Crédito,188.35,0,1,0.3,2024-11-21 04:34:58
1562,59,21216.55,4,Arequipa,BCP,Lukita,Transferencia Interbancaria,237.02,0,1,0.0,2024-05-23 04:34:58
1563,45,18318.93,12,Lima,Scotiabank,Web Banking,Retiro sin Tarjeta,475.79,0,1,0.3,2024-08-15 04:34:58
1564,31,32975.6,1,Arequipa,BCP,Plin,Compras Online,81.95,0,0,0.0,2024-03-08 04:34:58
1565,49,38555.11,8,Trujillo,Pichincha,Plin,Compras Online,287.54,1,0,0.1,2024-08-19 04:34:58
1566,30,25375.17,0,Cusco,BBVA,Yape,Pago de Tarjeta de Crédito,849.25,1,1,0.2,2024-09-29 04:34:58
1567,18,18589.36,0,Piura,BCP,Yape,Transferencia Mismo Banco,281.64,0,1,0.25,2024-06-22 04:34:58
1568,22,21575.88,7,Trujillo,BBVA,Banca Móvil Propia,Pago de Préstamos,118.82,1,1,0.15,2024-04-13 04:34:58
1569,18,22243.38,7,Lima,BCP,QR,Transferencia Mismo Banco,1507.5,0,1,0.25,2023-12-15 04:34:58
1570,30,14746.85,7,Lima,Pichincha,Yape,Transferencia Mismo Banco,186.95,0,1,0.2,2023-12-15 04:34:58
1571,35,29421.01,13,Cusco,Scotiabank,Banca Móvil Propia,Pago de Servicios,601.0,0,0,0.2,2024-06-02 04:34:58
1572,55,27723.1,0,Trujillo,BCP,Banca Móvil Propia,Transferencia Interbancaria,97.37,0,1,0.0,2024-03-31 04:34:58
1573,38,47582.51,1,Lima,BanBif,Plin,Compras Online,431.73,0,1,0.35,2024-06-10 04:34:58
1574,32,41261.08,11,Lima,Interbank,Banca Móvil Propia,Pago de Préstamos,85.93,0,0,0.2,2024-05-27 04:34:58
1575,44,15633.36,0,Lima,BCP,Banca Móvil Propia,Transferencia Mismo Banco,205.08,0,1,0.0,2024-10-06 04:34:58
1576,18,33194.82,5,Arequipa,Interbank,QR,Transferencia Mismo Banco,80.9,1,1,0.15,2024-09-03 04:34:58
1577,37,13691.4,3,Lima,Interbank,Tunki,Retiro sin Tarjeta,993.42,0,1,0.2,2024-07-12 04:34:58
1578,44,31193.53,0,Lima,BCP,Banca Móvil Propia,Recarga de Celular,118.97,1,1,0.15,2024-01-08 04:34:58
1579,18,17012.32,1,Otros,Scotiabank,Plin,Compras Online,49.01,0,0,0.1,2024-10-21 04:34:58
1580,48,13205.3,3,Cusco,BCP,Yape,Recarga de Celular,163.22,1,1,0.15,2024-04-03 04:34:58
1581,39,25337.04,9,Otros,BBVA,Plin,Recarga de Celular,253.94,1,0,0.15,2024-02-02 04:34:58
1582,30,5783.22,6,Trujillo,BCP,Yape,Transferencia Interbancaria,144.52,1,0,0.0,2024-01-04 04:34:58
1583,42,9177.52,4,Lima,Pichincha,Yape,Pago de Servicios,65.8,0,0,0.15,2024-10-09 04:34:58
1584,62,20155.93,3,Lima,Scotiabank,Plin,Transferencia Interbancaria,418.77,0,0,0.0,2024-04-24 04:34:58
1585,37,22953.39,1,Trujillo,BCP,Banca Móvil Propia,Pago de Tarjeta de Crédito,522.79,1,1,0.1,2023-12-22 04:34:58
1586,37,18312.53,0,Piura,BCP,Banca Móvil Propia,Retiro sin Tarjeta,28.56,0,1,0.3,2024-09-16 04:34:58
1587,29,9999.41,2,Lima,BCP,Yape,Transferencia Mismo Banco,61.74,0,1,0.15,2024-06-05 04:34:58
1588,24,14633.29,0,Cusco,Scotiabank,Plin,Transferencia Interbancaria,126.54,1,1,0.0,2024-07-20 04:34:58
1589,44,26785.2,1,Lima,BCP,Tunki,Compras Online,87.28,1,1,0.3,2024-11-22 04:34:58
1590,24,29463.01,2,Lima,Scotiabank,Plin,Recarga de Celular,251.13,0,1,0.35,2024-02-17 04:34:58
1591,35,21848.52,2,Lima,BanBif,Tunki,Pago de Servicios,934.0,1,1,0.1,2024-01-07 04:34:58
1592,29,39277.88,0,Lima,Interbank,Lukita,Compras Online,101.4,0,0,0.2,2023-12-08 04:34:58
1593,40,26868.19,4,Trujillo,BCP,Yape,Retiro sin Tarjeta,718.18,1,0,0.15,2024-02-19 04:34:58
1594,39,15157.82,3,Lima,BBVA,Plin,Transferencia Mismo Banco,34.18,0,0,0.25,2023-12-23 04:34:58
1595,47,19144.08,0,Lima,BBVA,Yape,Pago de Préstamos,234.12,0,1,0.1,2024-04-05 04:34:58
1596,28,10922.36,14,Otros,Interbank,Yape,Pago de Servicios,81.88,0,1,0.15,2024-08-22 04:34:58
1597,31,20867.13,0,Lima,Interbank,Web Banking,Transferencia Interbancaria,239.22,0,1,0.5,2024-01-12 04:34:58
1598,23,38409.12,9,Lima,BBVA,Plin,Transferencia Interbancaria,25.62,0,1,0.0,2024-07-09 04:34:58
1599,29,31027.99,0,Lima,BBVA,Banca Móvil Propia,Compras Online,41.04,0,0,0.0,2024-04-14 04:34:58
1600,39,44400.44,10,Lima,Scotiabank,Lukita,Compras Online,238.73,0,1,0.0,2024-03-10 04:34:58
1601,44,18931.02,0,Lima,BCP,Yape,Compras Online,79.04,0,1,0.35,2024-09-05 04:34:58
1602,23,43176.42,7,Trujillo,BBVA,Plin,Pago de Servicios,107.43,1,0,0.0,2024-07-10 04:34:58
1603,45,19997.21,2,Cusco,Scotiabank,QR,Pago de Servicios,931.02,0,0,0.2,2023-12-23 04:34:58
1604,51,45972.22,6,Lima,BCP,QR,Transferencia Mismo Banco,170.3,0,1,0.15,2024-07-22 04:34:58
1605,39,21787.06,2,Arequipa,Interbank,Plin,Pago de Préstamos,365.59,0,1,0.0,2024-08-25 04:34:58
1606,57,31370.26,0,Piura,Scotiabank,Plin,Recarga de Celular,69.46,0,1,0.0,2024-11-04 04:34:58
1607,25,46053.37,7,Lima,Interbank,QR,Pago de Préstamos,38.81,0,1,0.15,2024-11-27 04:34:58
1608,20,19995.97,0,Arequipa,BCP,Yape,Pago de Préstamos,136.9,0,1,0.0,2024-08-04 04:34:58
1609,18,24567.86,12,Lima,BCP,Yape,Pago de Servicios,33.43,0,1,0.15,2024-07-30 04:34:58
1610,52,41958.31,0,Lima,BCP,Yape,Transferencia Mismo Banco,73.8,0,1,0.0,2024-03-02 04:34:58
1611,42,20609.31,3,Lima,BCP,Yape,Pago de Servicios,188.25,1,1,0.1,2024-04-27 04:34:58
1612,34,11379.33,6,Lima,Pichincha,Yape,Pago de Tarjeta de Crédito,132.79,1,0,0.15,2024-10-10 04:34:58
1613,38,50000.0,2,Lima,Interbank,Tunki,Pago de Servicios,207.37,0,1,0.35,2024-10-17 04:34:58
1614,21,17415.53,1,Lima,BCP,Banca Móvil Propia,Pago de Tarjeta de Crédito,270.51,1,1,0.2,2024-10-22 04:34:58
1615,64,23846.15,7,Lima,BanBif,Banca Móvil Propia,Recarga de Celular,44.89,0,0,0.25,2024-05-21 04:34:58
1616,36,39261.64,7,Lima,Interbank,Yape,Transferencia Mismo Banco,57.86,0,0,0.0,2023-12-11 04:34:58
1617,36,16248.45,12,Lima,BCP,Plin,Transferencia Interbancaria,16.8,0,0,0.3,2024-09-12 04:34:58
1618,43,13307.27,2,Lima,BBVA,Banca Móvil Propia,Transferencia Mismo Banco,102.46,0,1,0.0,2023-12-15 04:34:58
1619,40,25005.94,3,Lima,BCP,Yape,Transferencia Mismo Banco,310.06,0,1,0.0,2024-01-28 04:34:58
1620,37,8986.35,2,Lima,Pichincha,Yape,Compras Online,659.36,0,1,0.2,2023-12-28 04:34:58
1621,25,19073.34,1,Trujillo,BBVA,Plin,Transferencia Mismo Banco,179.56,1,0,0.15,2024-01-01 04:34:58
1622,40,24897.42,6,Lima,Scotiabank,Yape,Compras Online,585.95,0,1,0.2,2024-11-05 04:34:58
1623,57,19245.34,2,Arequipa,BCP,QR,Recarga de Celular,217.85,0,1,0.5,2024-07-02 04:34:58
1624,51,10180.96,2,Arequipa,Scotiabank,Banca Móvil Propia,Recarga de Celular,165.25,1,1,0.1,2024-08-13 04:34:58
1625,54,48878.31,2,Arequipa,BCP,Yape,Retiro sin Tarjeta,80.54,0,1,0.0,2024-05-10 04:34:58
1626,28,23196.79,6,Cusco,Pichincha,Lukita,Pago de Tarjeta de Crédito,13.67,0,0,0.15,2024-01-21 04:34:58
1627,23,45052.15,12,Cusco,BanBif,Plin,Transferencia Interbancaria,504.31,0,1,0.3,2024-03-30 04:34:58
1628,33,19340.99,5,Arequipa,BBVA,Yape,Recarga de Celular,140.72,0,1,0.1,2024-02-13 04:34:58
1629,35,14185.76,3,Lima,Scotiabank,Plin,Pago de Tarjeta de Crédito,594.84,1,1,0.15,2024-04-26 04:34:58
1630,48,25199.78,7,Piura,Scotiabank,Banca Móvil Propia,Recarga de Celular,57.42,1,1,0.15,2024-04-09 04:34:58
1631,18,19773.67,5,Lima,BanBif,Yape,Transferencia Mismo Banco,1683.82,0,0,0.2,2024-04-20 04:34:58
1632,53,12223.54,0,Lima,BCP,Yape,Transferencia Mismo Banco,115.72,0,1,0.1,2024-03-18 04:34:58
1633,33,45930.84,0,Piura,BBVA,Plin,Pago de Tarjeta de Crédito,74.28,1,1,0.25,2024-01-27 04:34:58
1634,29,16136.92,0,Arequipa,Scotiabank,Plin,Pago de Servicios,119.76,0,1,0.0,2023-12-11 04:34:58
1635,22,8776.8,3,Arequipa,Scotiabank,Banca Móvil Propia,Pago de Servicios,176.0,0,1,0.2,2024-08-01 04:34:58
1636,18,42791.0,8,Arequipa,BBVA,Lukita,Pago de Servicios,138.39,0,1,0.25,2024-09-15 04:34:58
1637,44,17117.4,1,Lima,Scotiabank,Lukita,Pago de Tarjeta de Crédito,88.65,0,0,0.15,2024-09-18 04:34:58
1638,35,16253.9,2,Lima,BCP,Banca Móvil Propia,Recarga de Celular,24.45,0,0,0.15,2024-05-08 04:34:58
1639,19,9111.62,12,Lima,Scotiabank,Web Banking,Compras Online,66.4,0,1,0.15,2024-03-31 04:34:58
1640,19,50000.0,9,Lima,BCP,Yape,Pago de Servicios,434.6,0,1,0.45,2024-01-26 04:34:58
1641,30,11559.46,5,Piura,BCP,Yape,Transferencia Interbancaria,61.58,0,0,0.15,2024-02-20 04:34:58
1642,55,22679.68,1,Otros,BBVA,Plin,Pago de Tarjeta de Crédito,26.66,0,1,0.1,2024-10-14 04:34:58
1643,31,34763.04,0,Lima,BBVA,Plin,Compras Online,51.65,1,1,0.0,2024-08-13 04:34:58
1644,18,27196.91,0,Cusco,BBVA,Plin,Compras Online,135.82,1,1,0.35,2024-03-08 04:34:58
1645,32,21379.18,0,Lima,BBVA,Plin,Pago de Servicios,69.46,0,1,0.1,2024-03-15 04:34:58
1646,31,9406.6,1,Cusco,BCP,Yape,Retiro sin Tarjeta,112.19,0,1,0.15,2024-10-27 04:34:58
1647,18,14693.16,4,Arequipa,BCP,Plin,Retiro sin Tarjeta,66.79,0,0,0.1,2024-04-30 04:34:58
1648,34,24194.97,0,Piura,Scotiabank,Web Banking,Transferencia Mismo Banco,407.38,0,1,0.0,2024-05-02 04:34:58
1649,32,14859.77,0,Lima,BBVA,Plin,Recarga de Celular,242.46,0,0,0.15,2024-08-18 04:34:58
1650,43,24383.93,0,Arequipa,BBVA,Yape,Pago de Tarjeta de Crédito,1363.7,0,0,0.3,2024-10-09 04:34:58
1651,57,30973.02,4,Arequipa,Interbank,Lukita,Retiro sin Tarjeta,101.32,0,0,0.1,2024-10-08 04:34:58
1652,48,35640.98,4,Trujillo,BanBif,Plin,Transferencia Interbancaria,111.62,0,1,0.0,2024-05-01 04:34:58
1653,31,11931.18,4,Lima,Interbank,Plin,Transferencia Mismo Banco,484.69,0,0,0.2,2024-08-06 04:34:58
1654,21,50000.0,1,Piura,BCP,Yape,Retiro sin Tarjeta,219.42,0,1,0.0,2023-12-17 04:34:58
1655,65,32329.64,2,Arequipa,Scotiabank,Lukita,Pago de Préstamos,57.89,0,1,0.15,2024-08-12 04:34:58
1656,35,22007.6,0,Otros,Pichincha,QR,Pago de Servicios,258.89,0,0,0.0,2024-05-30 04:34:58
1657,35,37978.23,1,Lima,BBVA,Banca Móvil Propia,Retiro sin Tarjeta,220.64,0,0,0.15,2024-07-22 04:34:58
1658,34,50000.0,11,Lima,Pichincha,Plin,Compras Online,24.69,1,1,0.0,2024-08-21 04:34:58
1659,37,10728.3,19,Piura,BBVA,Plin,Retiro sin Tarjeta,77.38,0,0,0.0,2024-08-10 04:34:58
1660,33,19680.21,5,Lima,BBVA,Yape,Transferencia Mismo Banco,179.53,0,1,0.35,2024-06-04 04:34:58
1661,28,6706.18,12,Lima,BCP,QR,Recarga de Celular,630.35,1,1,0.15,2024-08-15 04:34:58
1662,28,24253.73,5,Piura,Interbank,Banca Móvil Propia,Pago de Servicios,298.27,0,1,0.15,2024-08-19 04:34:58
1663,34,26441.69,0,Cusco,BCP,Yape,Pago de Servicios,84.43,0,1,0.2,2024-07-03 04:34:58
1664,28,21599.36,28,Lima,BCP,Banca Móvil Propia,Pago de Préstamos,73.1,0,0,0.1,2024-04-09 04:34:58
1665,26,15878.69,0,Lima,BCP,Plin,Pago de Servicios,329.55,1,0,0.2,2024-11-18 04:34:58
1666,36,7904.94,5,Arequipa,BCP,Web Banking,Pago de Servicios,13.11,1,0,0.1,2024-10-21 04:34:58
1667,31,26549.52,1,Lima,BBVA,Lukita,Recarga de Celular,66.18,0,0,0.25,2024-03-04 04:34:58
1668,53,45602.47,2,Lima,BBVA,Plin,Pago de Servicios,607.47,0,1,0.2,2024-10-13 04:34:58
1669,18,16391.05,5,Piura,BCP,Banca Móvil Propia,Recarga de Celular,199.7,0,0,0.15,2024-01-30 04:34:58
1670,48,27447.49,2,Trujillo,Pichincha,Tunki,Transferencia Mismo Banco,69.5,0,1,0.15,2024-03-11 04:34:58
1671,49,10056.03,1,Cusco,BCP,Yape,Transferencia Interbancaria,44.61,1,0,0.25,2024-01-26 04:34:58
1672,18,27683.91,2,Lima,BBVA,Banca Móvil Propia,Recarga de Celular,343.69,0,1,0.15,2023-12-19 04:34:58
1673,30,18093.51,2,Lima,BCP,Plin,Pago de Servicios,160.42,1,1,0.35,2024-07-03 04:34:58
1674,30,15044.85,16,Lima,BCP,Yape,Transferencia Mismo Banco,119.26,0,1,0.15,2024-09-14 04:34:58
1675,18,15060.31,8,Trujillo,BCP,Banca Móvil Propia,Transferencia Mismo Banco,215.72,0,0,0.0,2024-12-01 04:34:58
1676,25,18091.44,3,Piura,BBVA,Banca Móvil Propia,Retiro sin Tarjeta,174.97,0,1,0.35,2024-02-04 04:34:58
1677,21,26667.92,1,Arequipa,Scotiabank,Yape,Retiro sin Tarjeta,162.05,1,0,0.0,2024-05-12 04:34:58
1678,56,11429.1,8,Cusco,BCP,Yape,Compras Online,39.48,0,1,0.0,2024-04-08 04:34:58
1679,46,18059.77,0,Arequipa,BBVA,Banca Móvil Propia,Compras Online,53.17,0,0,0.1,2024-08-21 04:34:58
1680,50,21574.43,1,Cusco,BCP,Yape,Transferencia Interbancaria,313.65,1,1,0.2,2024-08-01 04:34:58
1681,43,12714.27,2,Otros,Scotiabank,QR,Transferencia Interbancaria,259.6,1,0,0.0,2024-08-04 04:34:58
1682,21,50000.0,10,Lima,Scotiabank,Yape,Retiro sin Tarjeta,217.48,0,1,0.3,2024-02-12 04:34:58
1683,28,14375.09,0,Lima,BCP,Yape,Pago de Tarjeta de Crédito,82.56,0,0,0.0,2024-01-15 04:34:58
1684,40,15760.81,0,Otros,BBVA,Yape,Retiro sin Tarjeta,319.0,0,1,0.25,2024-10-18 04:34:58
1685,20,13505.42,3,Piura,Pichincha,Banca Móvil Propia,Transferencia Mismo Banco,102.44,0,0,0.25,2024-12-01 04:34:58
1686,43,50000.0,1,Lima,BBVA,Banca Móvil Propia,Pago de Préstamos,545.41,1,1,0.2,2024-07-28 04:34:58
1687,32,29040.67,4,Trujillo,BBVA,Plin,Pago de Préstamos,70.33,0,1,0.0,2024-01-25 04:34:58
1688,30,13790.07,3,Trujillo,BBVA,Plin,Recarga de Celular,87.77,0,1,0.0,2024-01-30 04:34:58
1689,43,38296.58,2,Lima,BBVA,Lukita,Compras Online,127.56,0,0,0.0,2024-08-10 04:34:58
1690,40,24351.52,0,Lima,Pichincha,Yape,Retiro sin Tarjeta,346.3,1,1,0.0,2023-12-23 04:34:58
1691,30,25049.94,0,Lima,Pichincha,Plin,Compras Online,143.3,1,1,0.25,2024-04-29 04:34:58
1692,48,18541.4,8,Trujillo,Scotiabank,Yape,Pago de Servicios,154.11,1,1,0.25,2024-10-23 04:34:58
1693,22,15142.97,10,Cusco,BBVA,Yape,Recarga de Celular,100.32,1,0,0.0,2024-10-28 04:34:58
1694,42,26078.93,1,Trujillo,BBVA,Plin,Pago de Tarjeta de Crédito,194.05,0,1,0.2,2024-09-22 04:34:58
1695,42,16771.84,0,Lima,BBVA,Plin,Recarga de Celular,138.28,0,0,0.25,2024-07-14 04:34:58
1696,31,50000.0,0,Lima,Pichincha,Plin,Pago de Servicios,67.74,1,0,0.0,2024-09-29 04:34:58
1697,38,11676.74,4,Lima,Interbank,QR,Pago de Préstamos,168.56,0,0,0.2,2024-03-18 04:34:58
1698,19,47480.69,6,Piura,BBVA,Plin,Pago de Servicios,172.57,0,1,0.1,2024-04-19 04:34:58
1699,46,20833.98,2,Trujillo,BCP,Banca Móvil Propia,Pago de Servicios,1555.89,1,0,0.35,2024-01-02 04:34:58
1700,32,25579.41,5,Arequipa,BBVA,Banca Móvil Propia,Transferencia Mismo Banco,80.56,0,1,0.0,2024-03-25 04:34:58
1701,28,33408.94,6,Otros,Pichincha,Plin,Compras Online,64.11,1,1,0.3,2024-06-04 04:34:58
1702,47,16072.67,13,Lima,BBVA,Banca Móvil Propia,Pago de Préstamos,196.18,0,1,0.3,2024-04-07 04:34:58
1703,26,33932.35,0,Arequipa,BCP,Plin,Compras Online,54.99,0,1,0.35,2024-09-27 04:34:58
1704,18,5688.65,1,Arequipa,BCP,Yape,Retiro sin Tarjeta,50.75,0,1,0.0,2024-06-29 04:34:58
1705,18,15367.42,0,Lima,BBVA,QR,Pago de Tarjeta de Crédito,35.27,0,1,0.1,2024-08-19 04:34:58
1706,42,13876.73,10,Lima,BanBif,Banca Móvil Propia,Retiro sin Tarjeta,68.4,0,1,0.35,2024-11-05 04:34:58
1707,19,11769.27,7,Lima,Pichincha,QR,Transferencia Mismo Banco,70.11,0,1,0.15,2023-12-31 04:34:58
1708,56,19781.9,4,Arequipa,BanBif,QR,Pago de Préstamos,41.13,0,1,0.15,2024-02-21 04:34:58
1709,18,26712.18,0,Lima,Interbank,Yape,Recarga de Celular,115.55,1,1,0.3,2023-12-09 04:34:58
1710,55,31298.64,1,Lima,BBVA,Plin,Transferencia Mismo Banco,13.93,0,0,0.5,2024-09-09 04:34:58
1711,37,24845.66,1,Trujillo,BBVA,Yape,Retiro sin Tarjeta,242.69,1,1,0.15,2024-08-23 04:34:58
1712,33,15790.33,4,Otros,BBVA,Lukita,Transferencia Interbancaria,85.05,0,1,0.0,2024-10-18 04:34:58
1713,28,26489.62,1,Piura,Interbank,QR,Compras Online,98.52,1,1,0.35,2024-10-11 04:34:58
1714,39,23438.68,0,Lima,BBVA,Banca Móvil Propia,Transferencia Mismo Banco,266.9,0,1,0.2,2024-06-09 04:34:58
1715,34,35172.79,6,Lima,Interbank,Yape,Transferencia Interbancaria,215.24,0,0,0.35,2024-05-10 04:34:58
1716,48,32482.88,1,Arequipa,BCP,Yape,Transferencia Interbancaria,79.05,1,1,0.35,2024-11-10 04:34:58
1717,36,22364.68,3,Lima,BCP,Lukita,Pago de Tarjeta de Crédito,233.18,0,1,0.3,2024-01-06 04:34:58
1718,36,14064.0,0,Lima,Scotiabank,Web Banking,Pago de Servicios,698.47,0,1,0.2,2024-02-08 04:34:58
1719,30,15891.27,8,Otros,BanBif,Yape,Pago de Servicios,53.94,0,0,0.15,2024-09-03 04:34:58
1720,34,16732.45,4,Piura,BBVA,Yape,Compras Online,315.38,1,1,0.2,2024-08-01 04:34:58
1721,38,18814.19,11,Trujillo,BCP,Yape,Pago de Servicios,48.76,1,0,0.15,2024-04-04 04:34:58
1722,18,25185.54,3,Arequipa,BanBif,Yape,Compras Online,480.79,0,0,0.2,2023-12-30 04:34:58
1723,18,31495.1,14,Arequipa,Interbank,QR,Transferencia Interbancaria,72.83,0,1,0.15,2024-04-13 04:34:58
1724,43,21470.62,11,Piura,BBVA,Tunki,Retiro sin Tarjeta,70.1,0,1,0.15,2024-10-24 04:34:58
1725,37,22204.77,4,Lima,BBVA,Banca Móvil Propia,Pago de Servicios,468.35,0,1,0.4,2024-01-17 04:34:58
1726,32,23662.65,13,Lima,BBVA,Plin,Pago de Tarjeta de Crédito,305.39,1,1,0.2,2023-12-07 04:34:58
1727,35,17018.35,1,Lima,BBVA,Plin,Pago de Servicios,75.26,0,1,0.1,2024-06-09 04:34:58
1728,39,13867.51,2,Arequipa,Scotiabank,Plin,Compras Online,168.57,0,1,0.15,2024-04-22 04:34:58
1729,28,9157.07,0,Piura,BCP,Banca Móvil Propia,Recarga de Celular,72.97,0,0,0.1,2024-03-07 04:34:58
1730,25,15559.48,4,Otros,BCP,Banca Móvil Propia,Pago de Tarjeta de Crédito,30.18,1,0,0.0,2024-04-20 04:34:58
1731,37,27905.32,6,Lima,BCP,Yape,Transferencia Interbancaria,179.34,1,0,0.5,2024-04-29 04:34:58
1732,23,15499.21,7,Lima,BCP,Yape,Transferencia Interbancaria,103.92,1,1,0.0,2024-09-17 04:34:58
1733,39,19557.15,0,Arequipa,BCP,Yape,Pago de Servicios,57.64,0,1,0.0,2024-06-24 04:34:58
1734,18,27811.8,2,Otros,BCP,Yape,Recarga de Celular,547.15,0,0,0.1,2024-09-20 04:34:58
1735,47,28576.64,0,Cusco,BCP,Banca Móvil Propia,Recarga de Celular,59.62,1,1,0.25,2024-11-24 04:34:58
1736,40,12838.88,5,Lima,BCP,Plin,Transferencia Mismo Banco,171.4,0,0,0.35,2024-04-22 04:34:58
1737,38,36262.15,0,Cusco,BCP,Plin,Transferencia Mismo Banco,436.99,1,1,0.3,2023-12-17 04:34:58
1738,46,38703.1,11,Piura,BCP,Lukita,Pago de Servicios,114.89,0,1,0.3,2024-05-19 04:34:58
1739,54,12519.91,1,Lima,Interbank,Banca Móvil Propia,Pago de Tarjeta de Crédito,71.22,1,1,0.0,2024-02-15 04:34:58
1740,47,14589.85,1,Lima,BBVA,Plin,Transferencia Interbancaria,199.89,0,1,0.0,2024-05-04 04:34:58
1741,18,39956.45,9,Arequipa,BCP,Yape,Pago de Tarjeta de Crédito,234.09,0,0,0.45,2023-12-31 04:34:58
1742,19,20467.08,3,Piura,BBVA,Lukita,Recarga de Celular,356.58,0,1,0.15,2024-07-07 04:34:58
1743,27,7259.83,0,Lima,Pichincha,Banca Móvil Propia,Compras Online,964.11,0,1,0.1,2024-08-29 04:34:58
1744,35,10939.76,3,Arequipa,BanBif,Yape,Recarga de Celular,93.94,0,0,0.0,2024-01-03 04:34:58
1745,41,19444.42,0,Arequipa,BCP,Banca Móvil Propia,Recarga de Celular,180.52,0,0,0.0,2024-06-13 04:34:58
1746,26,12313.83,21,Lima,Scotiabank,Tunki,Transferencia Interbancaria,41.71,1,1,0.15,2024-06-15 04:34:58
1747,37,17913.11,4,Trujillo,BBVA,Lukita,Pago de Préstamos,288.99,0,1,0.3,2024-06-18 04:34:58
1748,25,22386.16,1,Lima,BCP,QR,Transferencia Mismo Banco,178.34,0,1,0.0,2024-06-12 04:34:58
1749,27,45758.25,4,Lima,BCP,Banca Móvil Propia,Pago de Préstamos,124.13,0,0,0.25,2024-09-28 04:34:58
1750,18,19049.06,0,Piura,BCP,Banca Móvil Propia,Pago de Servicios,79.99,1,1,0.0,2024-01-19 04:34:58
1751,23,37656.88,8,Lima,BBVA,Yape,Transferencia Mismo Banco,104.75,1,1,0.1,2024-08-22 04:34:58
1752,18,44998.3,12,Trujillo,Interbank,Banca Móvil Propia,Compras Online,187.98,0,0,0.5,2024-04-06 04:34:58
1753,23,45123.34,10,Otros,Interbank,QR,Compras Online,56.48,0,1,0.15,2024-10-16 04:34:58
1754,47,25396.77,2,Lima,BCP,Plin,Recarga de Celular,109.17,0,1,0.15,2024-06-18 04:34:58
1755,23,8253.19,1,Arequipa,BCP,Tunki,Pago de Tarjeta de Crédito,150.91,0,1,0.0,2024-08-20 04:34:58
1756,66,27733.95,0,Trujillo,BCP,QR,Pago de Tarjeta de Crédito,31.83,0,1,0.2,2024-03-14 04:34:58
1757,40,37205.06,5,Piura,BBVA,Plin,Recarga de Celular,51.87,1,1,0.2,2024-09-17 04:34:58
1758,37,21151.51,3,Piura,Pichincha,Yape,Transferencia Interbancaria,76.71,0,1,0.1,2024-01-24 04:34:58
1759,24,50000.0,3,Otros,Scotiabank,Banca Móvil Propia,Pago de Préstamos,712.11,0,1,0.35,2024-10-07 04:34:58
1760,43,33857.53,11,Arequipa,Pichincha,QR,Transferencia Interbancaria,64.67,1,0,0.15,2024-06-04 04:34:58
1761,28,29264.68,0,Lima,Interbank,QR,Pago de Préstamos,140.36,0,1,0.0,2024-01-27 04:34:58
1762,36,37918.35,0,Lima,BBVA,Banca Móvil Propia,Pago de Préstamos,52.43,0,1,0.25,2023-12-07 04:34:58
1763,65,26021.67,0,Piura,BBVA,Lukita,Transferencia Interbancaria,68.28,0,0,0.15,2024-04-27 04:34:58
1764,33,6333.41,1,Arequipa,BBVA,Banca Móvil Propia,Pago de Servicios,35.13,1,1,0.2,2024-11-02 04:34:58
1765,48,17161.62,0,Lima,BBVA,Yape,Retiro sin Tarjeta,290.12,0,0,0.15,2023-12-22 04:34:58
1766,26,40078.05,3,Trujillo,Scotiabank,QR,Compras Online,39.43,1,0,0.1,2024-04-03 04:34:58
1767,34,14708.85,1,Otros,BBVA,Plin,Pago de Tarjeta de Crédito,367.61,1,1,0.35,2024-05-25 04:34:58
1768,56,19697.83,0,Trujillo,BCP,Yape,Pago de Préstamos,236.96,0,1,0.15,2024-09-02 04:34:58
1769,27,13063.56,6,Lima,Scotiabank,Plin,Retiro sin Tarjeta,137.63,0,1,0.15,2024-11-16 04:34:58
1770,56,50000.0,1,Lima,Scotiabank,Plin,Pago de Tarjeta de Crédito,379.94,0,0,0.15,2024-01-27 04:34:58
1771,43,50000.0,5,Arequipa,BBVA,Plin,Pago de Préstamos,3305.03,0,0,0.35,2024-07-06 04:34:58
1772,28,14158.43,2,Lima,Interbank,Yape,Pago de Préstamos,239.25,0,0,0.3,2023-12-08 04:34:58
1773,42,23709.92,3,Piura,BCP,Yape,Pago de Préstamos,48.42,0,0,0.25,2024-01-24 04:34:58
1774,46,15673.91,13,Lima,BBVA,Yape,Pago de Servicios,657.88,0,1,0.1,2024-05-19 04:34:58
1775,42,29955.62,0,Trujillo,BCP,Plin,Pago de Tarjeta de Crédito,178.77,0,1,0.0,2024-08-29 04:34:58
1776,18,28419.8,3,Lima,BCP,Banca Móvil Propia,Pago de Servicios,1225.52,0,1,0.45,2024-11-27 04:34:58
1777,26,33052.51,9,Lima,Interbank,QR,Pago de Servicios,89.47,1,0,0.0,2024-07-24 04:34:58
1778,32,26002.79,4,Trujillo,BCP,Lukita,Transferencia Mismo Banco,534.83,0,1,0.0,2023-12-31 04:34:58
1779,34,50000.0,1,Trujillo,Interbank,Tunki,Pago de Tarjeta de Crédito,148.39,0,1,0.15,2023-12-29 04:34:58
1780,42,13174.5,2,Piura,Scotiabank,Lukita,Pago de Servicios,2114.83,0,1,0.2,2024-06-15 04:34:58
1781,37,9364.66,5,Otros,BCP,Yape,Transferencia Mismo Banco,111.99,0,1,0.1,2024-03-19 04:34:58
1782,18,18096.16,11,Trujillo,Interbank,Yape,Pago de Tarjeta de Crédito,2985.94,0,0,0.2,2024-10-24 04:34:58
1783,39,10056.82,0,Lima,BBVA,Banca Móvil Propia,Transferencia Interbancaria,230.4,0,1,0.2,2024-10-14 04:34:58
1784,42,10443.85,0,Arequipa,BCP,Banca Móvil Propia,Pago de Tarjeta de Crédito,346.18,0,1,0.0,2024-11-18 04:34:58
1785,41,13350.95,1,Lima,Interbank,QR,Recarga de Celular,812.68,0,1,0.0,2024-10-26 04:34:58
1786,47,13889.74,1,Trujillo,Interbank,Banca Móvil Propia,Retiro sin Tarjeta,67.51,1,1,0.2,2024-10-12 04:34:58
1787,45,13666.34,1,Trujillo,BBVA,Plin,Recarga de Celular,391.15,0,1,0.3,2024-03-20 04:34:58
1788,40,28541.36,1,Lima,BanBif,QR,Retiro sin Tarjeta,110.75,0,1,0.15,2024-07-01 04:34:58
1789,34,17101.23,1,Piura,BBVA,Banca Móvil Propia,Transferencia Interbancaria,172.62,0,1,0.15,2024-10-01 04:34:58
1790,18,20135.56,0,Lima,Pichincha,QR,Retiro sin Tarjeta,161.27,0,1,0.0,2024-01-08 04:34:58
1791,40,34444.91,13,Lima,BBVA,Lukita,Transferencia Interbancaria,263.07,0,1,0.35,2024-11-30 04:34:58
1792,37,15015.51,0,Lima,BCP,Yape,Pago de Tarjeta de Crédito,252.19,1,1,0.5,2024-06-05 04:34:58
1793,38,19297.43,1,Otros,BBVA,Yape,Recarga de Celular,83.5,1,1,0.0,2024-03-13 04:34:58
1794,19,26446.52,1,Piura,BCP,Yape,Transferencia Mismo Banco,168.15,0,1,0.35,2024-06-18 04:34:58
1795,22,8343.32,13,Lima,BBVA,Yape,Pago de Tarjeta de Crédito,14.38,1,1,0.0,2024-02-04 04:34:58
1796,47,6684.5,7,Lima,Interbank,Plin,Pago de Préstamos,399.48,0,1,0.25,2023-12-13 04:34:58
1797,34,26188.05,7,Arequipa,BBVA,Tunki,Pago de Tarjeta de Crédito,807.5,0,1,0.3,2024-01-15 04:34:58
1798,43,28169.84,0,Trujillo,BCP,QR,Retiro sin Tarjeta,179.58,0,1,0.3,2024-07-06 04:34:58
1799,35,50000.0,9,Arequipa,BBVA,QR,Pago de Préstamos,29.78,0,1,0.15,2024-09-10 04:34:58
1800,35,23838.27,2,Arequipa,BCP,Banca Móvil Propia,Pago de Préstamos,311.98,0,1,0.15,2024-03-23 04:34:58
1801,46,33185.55,1,Lima,Interbank,Yape,Pago de Tarjeta de Crédito,69.15,0,1,0.25,2024-11-20 04:34:58
1802,28,19975.54,4,Otros,Scotiabank,Plin,Compras Online,178.09,0,0,0.1,2024-05-14 04:34:58
1803,36,25555.65,8,Lima,Pichincha,Banca Móvil Propia,Pago de Servicios,294.57,1,1,0.15,2024-09-27 04:34:58
1804,29,50000.0,7,Lima,BCP,Yape,Transferencia Mismo Banco,256.33,1,0,0.2,2024-10-01 04:34:58
1805,29,7615.98,11,Lima,BBVA,Lukita,Transferencia Mismo Banco,437.4,1,1,0.0,2024-01-24 04:34:58
1806,31,27086.97,13,Arequipa,BBVA,QR,Transferencia Interbancaria,171.81,0,1,0.0,2024-05-06 04:34:58
1807,37,50000.0,1,Trujillo,BanBif,Plin,Recarga de Celular,176.51,1,1,0.0,2024-10-02 04:34:58
1808,29,25362.25,2,Arequipa,Interbank,Lukita,Pago de Servicios,310.07,0,0,0.3,2024-10-30 04:34:58
1809,50,50000.0,0,Lima,BCP,Yape,Compras Online,138.19,1,0,0.25,2024-11-25 04:34:58
1810,24,16081.0,10,Lima,BBVA,Banca Móvil Propia,Recarga de Celular,74.6,0,1,0.0,2024-03-19 04:34:58
1811,32,21676.33,0,Lima,Interbank,Yape,Compras Online,233.23,1,1,0.0,2024-06-04 04:34:58
1812,29,22398.79,9,Trujillo,Interbank,Yape,Pago de Préstamos,48.0,1,1,0.1,2024-08-31 04:34:58
1813,52,7267.77,1,Lima,Scotiabank,Lukita,Pago de Préstamos,136.88,1,1,0.15,2024-12-01 04:34:58
1814,37,12282.26,2,Lima,BCP,Banca Móvil Propia,Recarga de Celular,37.42,0,1,0.0,2023-12-12 04:34:58
1815,47,12728.04,0,Trujillo,Pichincha,Banca Móvil Propia,Transferencia Mismo Banco,85.22,0,1,0.2,2024-07-22 04:34:58
1816,18,33224.17,1,Piura,BCP,Plin,Pago de Servicios,88.82,0,1,0.1,2024-11-10 04:34:58
1817,38,34066.73,10,Trujillo,Pichincha,Banca Móvil Propia,Retiro sin Tarjeta,55.47,0,1,0.3,2024-04-15 04:34:58
1818,45,25900.52,0,Otros,Scotiabank,QR,Compras Online,446.09,1,1,0.35,2024-10-30 04:34:58
1819,35,33258.03,2,Cusco,Interbank,Web Banking,Pago de Préstamos,410.75,1,1,0.2,2024-08-26 04:34:58
1820,47,20290.85,0,Trujillo,Interbank,QR,Pago de Servicios,552.26,0,1,0.4,2024-04-01 04:34:58
1821,28,40173.62,2,Piura,BCP,Banca Móvil Propia,Compras Online,123.0,0,1,0.1,2024-03-08 04:34:58
1822,51,22123.47,0,Trujillo,BCP,Banca Móvil Propia,Transferencia Interbancaria,96.2,1,1,0.25,2024-05-22 04:34:58
1823,62,22673.04,1,Piura,BCP,Tunki,Pago de Tarjeta de Crédito,331.49,1,1,0.1,2024-08-19 04:34:58
1824,30,19287.33,10,Lima,BCP,Yape,Transferencia Mismo Banco,168.75,0,0,0.15,2024-05-28 04:34:58
1825,29,31014.97,2,Piura,BBVA,Plin,Pago de Servicios,167.93,0,0,0.1,2024-01-05 04:34:58
1826,52,17843.61,1,Lima,BCP,Lukita,Transferencia Interbancaria,11.66,0,1,0.0,2024-05-07 04:34:58
1827,53,35890.06,4,Trujillo,Scotiabank,QR,Retiro sin Tarjeta,316.24,1,1,0.1,2024-03-06 04:34:58
1828,28,12505.52,0,Trujillo,BBVA,Banca Móvil Propia,Recarga de Celular,276.99,1,0,0.1,2024-09-28 04:34:58
1829,29,12715.05,1,Cusco,Interbank,Tunki,Recarga de Celular,147.61,0,1,0.1,2024-09-15 04:34:58
1830,31,31061.16,3,Lima,Interbank,Yape,Transferencia Interbancaria,335.58,0,1,0.0,2024-10-15 04:34:58
1831,18,21072.58,1,Piura,BCP,Yape,Transferencia Mismo Banco,270.89,0,0,0.0,2024-09-17 04:34:58
1832,23,17554.3,5,Lima,BCP,Plin,Recarga de Celular,73.94,0,1,0.3,2024-10-14 04:34:58
1833,22,34373.08,3,Lima,BCP,Plin,Compras Online,119.13,0,1,0.0,2024-09-26 04:34:58
1834,25,16258.47,7,Trujillo,Scotiabank,Web Banking,Transferencia Mismo Banco,54.17,1,0,0.0,2024-06-05 04:34:58
1835,34,19928.37,14,Otros,BBVA,Yape,Transferencia Mismo Banco,640.49,1,1,0.1,2024-06-15 04:34:58
1836,37,44338.74,0,Lima,BCP,Plin,Recarga de Celular,394.33,0,1,0.35,2024-05-24 04:34:58
1837,53,47551.62,2,Otros,Scotiabank,Plin,Retiro sin Tarjeta,65.76,0,1,0.2,2024-03-15 04:34:58
1838,23,48348.92,1,Trujillo,BCP,Web Banking,Compras Online,275.58,1,0,0.1,2024-07-07 04:34:58
1839,46,19128.55,0,Lima,Interbank,QR,Pago de Tarjeta de Crédito,196.09,1,0,0.0,2023-12-30 04:34:58
1840,32,40755.72,8,Piura,BBVA,Plin,Compras Online,74.74,0,1,0.15,2024-03-10 04:34:58
1841,34,13705.1,7,Otros,Interbank,Web Banking,Pago de Servicios,168.06,0,1,0.15,2024-08-08 04:34:58
1842,43,13996.3,3,Trujillo,BanBif,Banca Móvil Propia,Pago de Tarjeta de Crédito,350.16,1,1,0.0,2024-10-09 04:34:58
1843,21,6800.64,3,Trujillo,Scotiabank,Yape,Recarga de Celular,379.9,1,1,0.15,2024-07-09 04:34:58
1844,39,50000.0,0,Trujillo,BBVA,Banca Móvil Propia,Pago de Servicios,1528.41,1,0,0.15,2024-04-04 04:34:58
1845,36,14299.93,4,Lima,BCP,Yape,Transferencia Mismo Banco,163.09,1,0,0.3,2024-10-17 04:34:58
1846,40,20676.1,7,Lima,Scotiabank,Banca Móvil Propia,Pago de Préstamos,117.0,1,1,0.0,2024-07-05 04:34:58
1847,38,13972.38,4,Lima,BBVA,QR,Retiro sin Tarjeta,260.38,1,1,0.2,2024-06-27 04:34:58
1848,64,31181.57,1,Cusco,BCP,Banca Móvil Propia,Transferencia Mismo Banco,123.6,0,1,0.15,2024-10-10 04:34:58
1849,27,18254.8,5,Arequipa,Interbank,Plin,Pago de Préstamos,82.69,1,0,0.15,2024-11-18 04:34:58
1850,28,11471.16,2,Arequipa,BCP,Yape,Retiro sin Tarjeta,58.8,0,0,0.0,2024-09-25 04:34:58
1851,27,27469.49,3,Piura,BCP,Yape,Pago de Préstamos,4.82,0,1,0.25,2024-11-13 04:34:58
1852,28,10755.1,3,Lima,BanBif,Plin,Pago de Tarjeta de Crédito,309.46,0,1,0.35,2024-02-09 04:34:58
1853,27,14491.2,2,Piura,BBVA,Yape,Pago de Tarjeta de Crédito,28.85,0,1,0.0,2024-08-10 04:34:58
1854,49,7681.39,6,Lima,BCP,Plin,Pago de Tarjeta de Crédito,61.57,0,0,0.0,2024-08-16 04:34:58
1855,52,10807.77,10,Lima,Interbank,Lukita,Transferencia Interbancaria,198.83,0,1,0.45,2024-01-09 04:34:58
1856,28,24083.07,0,Lima,Scotiabank,QR,Compras Online,107.61,0,0,0.15,2024-09-19 04:34:58
1857,25,8248.05,13,Piura,BCP,Yape,Pago de Tarjeta de Crédito,1273.21,0,1,0.15,2023-12-24 04:34:58
1858,40,10503.11,3,Trujillo,Interbank,Plin,Retiro sin Tarjeta,32.81,1,1,0.0,2024-08-22 04:34:58
1859,28,22000.39,6,Piura,Scotiabank,Plin,Retiro sin Tarjeta,1392.31,0,1,0.0,2024-04-28 04:34:58
1860,42,16784.26,9,Lima,BCP,Yape,Pago de Tarjeta de Crédito,590.27,0,0,0.35,2023-12-08 04:34:58
1861,37,50000.0,3,Trujillo,BBVA,Plin,Transferencia Mismo Banco,368.37,0,0,0.5,2024-05-16 04:34:58
1862,18,50000.0,9,Piura,BCP,Yape,Pago de Tarjeta de Crédito,625.98,0,1,0.35,2024-04-24 04:34:58
1863,53,14271.77,0,Lima,Interbank,Banca Móvil Propia,Pago de Tarjeta de Crédito,222.43,1,1,0.35,2024-02-08 04:34:58
1864,56,29102.19,0,Lima,Scotiabank,QR,Compras Online,27.02,0,1,0.0,2024-02-23 04:34:58
1865,27,32036.82,5,Cusco,BCP,Plin,Recarga de Celular,248.35,0,1,0.0,2024-05-13 04:34:58
1866,30,16338.19,10,Cusco,Scotiabank,Lukita,Pago de Préstamos,33.76,1,1,0.15,2024-03-10 04:34:58
1867,38,10427.79,11,Lima,Scotiabank,Yape,Recarga de Celular,87.5,1,1,0.0,2024-10-12 04:34:58
1868,39,21891.44,5,Lima,BCP,QR,Pago de Préstamos,137.27,0,0,0.0,2024-02-13 04:34:58
1869,42,20202.81,3,Lima,Interbank,Yape,Pago de Servicios,59.68,0,1,0.3,2023-12-11 04:34:58
1870,59,17714.13,2,Arequipa,BCP,Yape,Transferencia Interbancaria,382.24,0,1,0.2,2024-07-31 04:34:58
1871,32,27478.48,19,Lima,BanBif,Yape,Compras Online,119.85,0,1,0.15,2024-04-28 04:34:58
1872,25,15133.03,1,Lima,BBVA,Plin,Compras Online,223.48,1,0,0.0,2024-02-06 04:34:58
1873,18,12382.03,6,Lima,Interbank,Banca Móvil Propia,Compras Online,147.02,0,1,0.0,2024-04-22 04:34:58
1874,26,23261.19,3,Lima,Interbank,Web Banking,Retiro sin Tarjeta,168.37,1,0,0.2,2024-08-08 04:34:58
1875,34,26715.12,4,Cusco,BBVA,Lukita,Pago de Servicios,61.14,0,1,0.15,2023-12-13 04:34:58
1876,56,12230.37,2,Lima,Scotiabank,Plin,Compras Online,45.88,0,1,0.15,2024-11-04 04:34:58
1877,28,35032.98,16,Arequipa,Interbank,Banca Móvil Propia,Pago de Tarjeta de Crédito,127.26,0,1,0.15,2024-05-07 04:34:58
1878,37,9088.45,4,Lima,BanBif,Banca Móvil Propia,Retiro sin Tarjeta,56.48,1,0,0.2,2024-05-13 04:34:58
1879,34,16497.16,13,Lima,BBVA,Lukita,Retiro sin Tarjeta,597.98,0,1,0.5,2024-05-07 04:34:58
1880,49,19360.61,0,Arequipa,BCP,Banca Móvil Propia,Transferencia Interbancaria,37.47,0,0,0.3,2024-05-27 04:34:58
1881,65,16024.73,4,Lima,BanBif,Banca Móvil Propia,Transferencia Interbancaria,1536.1,0,1,0.2,2024-10-26 04:34:58
1882,28,16605.18,6,Arequipa,Interbank,Banca Móvil Propia,Pago de Préstamos,200.74,0,0,0.35,2024-01-03 04:34:58
1883,29,50000.0,6,Cusco,Interbank,Lukita,Pago de Servicios,159.07,0,1,0.0,2024-08-21 04:34:58
1884,47,14393.87,11,Trujillo,Pichincha,Yape,Compras Online,86.46,0,0,0.35,2024-09-21 04:34:58
1885,43,50000.0,0,Lima,BCP,Yape,Recarga de Celular,286.27,0,0,0.4,2024-05-21 04:34:58
1886,57,27407.26,0,Lima,BBVA,Banca Móvil Propia,Retiro sin Tarjeta,120.99,0,1,0.1,2024-05-18 04:34:58
1887,42,23063.98,3,Arequipa,BCP,QR,Transferencia Mismo Banco,200.43,0,0,0.3,2024-04-07 04:34:58
1888,30,27948.54,0,Cusco,Interbank,Tunki,Pago de Servicios,344.41,1,0,0.3,2024-11-06 04:34:58
1889,42,50000.0,18,Arequipa,Scotiabank,Web Banking,Retiro sin Tarjeta,289.83,0,0,0.25,2023-12-20 04:34:58
1890,48,13402.59,1,Arequipa,Pichincha,Plin,Pago de Préstamos,512.79,0,1,0.2,2024-05-17 04:34:58
1891,44,12579.09,3,Piura,BBVA,Plin,Transferencia Interbancaria,254.13,0,0,0.2,2024-01-16 04:34:58
1892,41,15101.76,0,Cusco,Scotiabank,Plin,Pago de Tarjeta de Crédito,57.32,0,1,0.3,2024-10-04 04:34:58
1893,47,22383.33,3,Lima,BanBif,Web Banking,Transferencia Interbancaria,18.55,0,0,0.35,2024-01-19 04:34:58
1894,49,9293.91,2,Arequipa,Interbank,Plin,Transferencia Interbancaria,183.28,0,1,0.2,2024-01-25 04:34:58
1895,51,22273.87,0,Trujillo,BCP,Plin,Transferencia Interbancaria,185.95,0,1,0.0,2024-02-16 04:34:58
1896,42,50000.0,2,Piura,Interbank,Yape,Pago de Tarjeta de Crédito,1018.34,0,1,0.0,2024-08-04 04:34:58
1897,32,23758.69,2,Lima,Pichincha,Banca Móvil Propia,Compras Online,132.18,0,1,0.0,2024-02-10 04:34:58
1898,36,19027.82,22,Lima,Pichincha,QR,Recarga de Celular,215.83,0,1,0.45,2024-08-29 04:34:58
1899,49,16170.11,1,Arequipa,Interbank,Plin,Recarga de Celular,322.85,0,1,0.1,2024-01-17 04:34:58
1900,25,34518.68,3,Lima,Scotiabank,QR,Retiro sin Tarjeta,247.99,1,1,0.2,2024-10-31 04:34:58
1901,39,14575.3,21,Trujillo,BCP,QR,Compras Online,345.14,0,0,0.2,2024-02-09 04:34:58
1902,30,50000.0,7,Arequipa,BCP,Yape,Retiro sin Tarjeta,65.48,0,0,0.0,2024-06-26 04:34:58
1903,35,50000.0,25,Arequipa,Pichincha,QR,Pago de Servicios,55.9,0,0,0.15,2024-10-22 04:34:58
1904,50,25043.65,17,Trujillo,BCP,Yape,Transferencia Interbancaria,112.11,1,1,0.1,2024-08-29 04:34:58
1905,37,21900.01,3,Arequipa,BCP,Yape,Pago de Préstamos,16.88,0,1,0.0,2024-08-17 04:34:58
1906,35,36876.5,5,Cusco,BBVA,Banca Móvil Propia,Transferencia Interbancaria,142.65,0,1,0.15,2024-07-03 04:34:58
1907,18,38078.28,0,Lima,BBVA,Banca Móvil Propia,Pago de Tarjeta de Crédito,76.74,0,1,0.0,2024-10-22 04:34:58
1908,43,14720.61,2,Lima,Interbank,Plin,Transferencia Mismo Banco,204.84,1,1,0.2,2024-03-10 04:34:58
1909,42,16927.97,8,Lima,BCP,Yape,Compras Online,113.86,0,1,0.2,2024-02-19 04:34:58
1910,60,11371.05,3,Arequipa,BanBif,Web Banking,Transferencia Mismo Banco,53.76,1,0,0.15,2024-04-22 04:34:58
1911,31,27025.4,6,Trujillo,BanBif,Lukita,Transferencia Interbancaria,550.52,0,1,0.45,2024-07-15 04:34:58
1912,37,30739.81,6,Trujillo,BBVA,Plin,Transferencia Mismo Banco,161.18,1,1,0.3,2024-03-05 04:34:58
1913,37,11215.33,1,Trujillo,BBVA,Tunki,Transferencia Mismo Banco,351.73,0,0,0.1,2024-06-20 04:34:58
1914,53,17542.83,10,Lima,Interbank,Yape,Transferencia Interbancaria,178.31,0,0,0.0,2024-09-09 04:34:58
1915,33,11230.33,3,Otros,Interbank,Plin,Recarga de Celular,236.04,0,1,0.2,2024-01-09 04:34:58
1916,38,14053.13,1,Piura,BBVA,Banca Móvil Propia,Recarga de Celular,38.05,0,1,0.15,2024-12-05 04:34:58
1917,42,29013.27,10,Lima,BBVA,Banca Móvil Propia,Compras Online,532.78,0,1,0.3,2024-12-04 04:34:58
1918,37,15264.1,2,Arequipa,BCP,Yape,Pago de Préstamos,357.34,1,0,0.35,2024-04-22 04:34:58
1919,29,18950.53,6,Trujillo,BCP,Banca Móvil Propia,Compras Online,145.64,0,1,0.0,2024-10-27 04:34:58
1920,37,9762.89,3,Lima,BBVA,Plin,Retiro sin Tarjeta,197.95,1,0,0.15,2024-01-26 04:34:58
1921,47,24185.17,2,Lima,Interbank,Banca Móvil Propia,Recarga de Celular,404.48,0,1,0.25,2024-04-22 04:34:58
1922,22,21544.23,8,Otros,Interbank,Plin,Transferencia Interbancaria,102.31,0,1,0.35,2023-12-14 04:34:58
1923,36,15298.66,4,Lima,Scotiabank,Tunki,Pago de Préstamos,30.48,0,1,0.3,2024-03-16 04:34:58
1924,26,20040.15,2,Arequipa,BBVA,Plin,Transferencia Mismo Banco,104.24,1,0,0.0,2024-10-30 04:34:58
1925,49,24104.35,0,Lima,Scotiabank,Banca Móvil Propia,Transferencia Interbancaria,172.84,1,1,0.55,2024-07-16 04:34:58
1926,18,14655.43,11,Lima,BCP,Plin,Pago de Servicios,143.68,1,1,0.0,2024-10-02 04:34:58
1927,28,10528.79,0,Piura,BBVA,Yape,Pago de Préstamos,554.22,0,1,0.3,2024-03-26 04:34:58
1928,39,50000.0,9,Lima,Scotiabank,Yape,Transferencia Mismo Banco,56.83,0,1,0.15,2023-12-08 04:34:58
1929,53,16048.39,2,Arequipa,Interbank,Tunki,Transferencia Interbancaria,64.5,0,0,0.25,2024-05-18 04:34:58
1930,34,20986.19,5,Cusco,BBVA,Plin,Compras Online,51.52,0,1,0.15,2024-08-03 04:34:58
1931,28,36512.86,12,Lima,Interbank,Banca Móvil Propia,Pago de Préstamos,227.86,0,0,0.2,2023-12-16 04:34:58
1932,57,50000.0,0,Cusco,BanBif,Tunki,Compras Online,32.26,1,1,0.2,2024-07-18 04:34:58
1933,18,11822.46,4,Lima,BBVA,Banca Móvil Propia,Retiro sin Tarjeta,312.24,0,1,0.0,2023-12-10 04:34:58
1934,18,27581.86,7,Trujillo,Scotiabank,Web Banking,Retiro sin Tarjeta,58.39,0,1,0.1,2024-01-16 04:34:58
1935,40,15463.29,7,Lima,Pichincha,Banca Móvil Propia,Transferencia Mismo Banco,68.5,0,1,0.15,2024-02-15 04:34:58
1936,28,16824.73,3,Piura,Interbank,QR,Recarga de Celular,871.51,0,0,0.0,2024-07-30 04:34:58
1937,22,15365.71,4,Lima,BBVA,Lukita,Retiro sin Tarjeta,509.07,1,1,0.15,2023-12-31 04:34:58
1938,43,12546.19,7,Arequipa,BCP,QR,Pago de Tarjeta de Crédito,167.2,1,1,0.0,2024-07-03 04:34:58
1939,37,21576.38,9,Arequipa,BBVA,Plin,Pago de Servicios,40.0,0,1,0.0,2024-06-07 04:34:58
1940,28,10538.06,7,Piura,BBVA,Lukita,Compras Online,1112.56,0,0,0.25,2024-10-27 04:34:58
1941,19,35362.38,2,Arequipa,Scotiabank,Web Banking,Pago de Tarjeta de Crédito,121.96,0,1,0.0,2024-08-14 04:34:58
1942,45,22640.63,28,Lima,BBVA,Plin,Pago de Tarjeta de Crédito,190.11,0,1,0.1,2024-06-04 04:34:58
1943,42,27206.67,2,Arequipa,Pichincha,Plin,Pago de Préstamos,369.42,0,0,0.15,2024-02-24 04:34:58
1944,33,17446.7,0,Lima,BCP,Web Banking,Pago de Tarjeta de Crédito,20.84,0,1,0.15,2024-11-29 04:34:58
1945,57,18331.9,2,Lima,Interbank,Banca Móvil Propia,Transferencia Mismo Banco,78.25,0,1,0.0,2024-01-12 04:34:58
1946,22,25432.47,0,Lima,BBVA,Plin,Pago de Servicios,138.65,1,0,0.1,2024-12-03 04:34:58
1947,18,12307.63,0,Trujillo,BBVA,Lukita,Transferencia Mismo Banco,169.14,0,1,0.0,2024-07-18 04:34:58
1948,26,18416.55,1,Lima,Scotiabank,Plin,Recarga de Celular,40.3,0,1,0.15,2024-07-14 04:34:58
1949,34,14331.19,0,Lima,BCP,Yape,Transferencia Interbancaria,205.68,0,1,0.15,2023-12-30 04:34:58
1950,37,14111.08,5,Otros,BCP,Plin,Pago de Tarjeta de Crédito,153.51,1,1,0.0,2024-10-20 04:34:58
1951,32,7670.07,0,Lima,BBVA,Banca Móvil Propia,Transferencia Mismo Banco,786.28,1,1,0.2,2024-03-04 04:34:58
1952,39,43030.45,1,Cusco,BBVA,Lukita,Transferencia Interbancaria,403.55,0,1,0.45,2024-02-09 04:34:58
1953,19,15626.61,0,Arequipa,Scotiabank,Tunki,Transferencia Mismo Banco,113.38,1,1,0.25,2024-09-22 04:34:58
1954,52,39406.58,0,Cusco,Pichincha,QR,Pago de Préstamos,121.99,1,1,0.25,2024-02-29 04:34:58
1955,34,37586.35,1,Lima,BCP,Yape,Recarga de Celular,409.32,0,1,0.0,2024-06-21 04:34:58
1956,48,11579.6,4,Arequipa,BBVA,Banca Móvil Propia,Pago de Servicios,197.08,0,1,0.0,2024-09-19 04:34:58
1957,39,12782.01,16,Arequipa,Interbank,Plin,Transferencia Interbancaria,37.67,1,1,0.15,2024-02-27 04:34:58
1958,40,50000.0,10,Lima,Pichincha,Plin,Pago de Servicios,1204.47,1,0,0.2,2024-08-18 04:34:58
1959,41,50000.0,10,Trujillo,BanBif,QR,Compras Online,55.15,1,1,0.15,2023-12-19 04:34:58
1960,40,21682.07,0,Cusco,Interbank,Plin,Transferencia Mismo Banco,1770.42,0,1,0.2,2024-07-18 04:34:58
1961,42,25051.44,1,Arequipa,BBVA,Lukita,Pago de Préstamos,227.68,0,0,0.0,2024-07-05 04:34:58
1962,50,16067.87,0,Piura,BCP,Yape,Pago de Tarjeta de Crédito,78.61,0,1,0.1,2024-09-06 04:34:58
1963,37,27341.92,7,Cusco,BBVA,Yape,Transferencia Mismo Banco,13.91,0,1,0.2,2024-01-07 04:34:58
1964,43,15389.01,0,Lima,BBVA,Yape,Compras Online,322.71,0,0,0.15,2024-09-29 04:34:58
1965,33,7973.06,4,Piura,Interbank,Lukita,Recarga de Celular,31.49,0,1,0.15,2024-07-15 04:34:58
1966,52,11375.56,1,Piura,Interbank,Plin,Transferencia Mismo Banco,212.15,0,1,0.0,2024-03-07 04:34:58
1967,26,22259.99,1,Lima,Interbank,Banca Móvil Propia,Recarga de Celular,1026.22,1,0,0.15,2024-07-29 04:34:58
1968,56,12512.29,23,Arequipa,BBVA,Banca Móvil Propia,Transferencia Mismo Banco,47.58,0,0,0.0,2024-02-17 04:34:58
1969,34,21297.85,7,Lima,Interbank,Plin,Pago de Tarjeta de Crédito,310.46,1,0,0.25,2024-08-11 04:34:58
1970,18,12870.2,9,Trujillo,BCP,Plin,Pago de Servicios,65.92,0,1,0.15,2024-02-02 04:34:58
1971,36,14895.63,4,Lima,BCP,Plin,Transferencia Mismo Banco,460.89,1,1,0.2,2024-06-20 04:34:58
1972,26,33744.84,10,Trujillo,BCP,QR,Transferencia Interbancaria,158.51,0,0,0.2,2024-01-31 04:34:58
1973,45,24927.83,5,Lima,Scotiabank,Plin,Compras Online,145.61,0,1,0.0,2024-11-04 04:34:58
1974,27,21920.29,14,Lima,BCP,Yape,Retiro sin Tarjeta,496.35,0,1,0.0,2024-09-05 04:34:58
1975,29,34182.94,1,Lima,Scotiabank,Plin,Transferencia Interbancaria,277.35,1,1,0.0,2024-04-10 04:34:58
1976,18,28009.65,4,Arequipa,BCP,Banca Móvil Propia,Pago de Préstamos,66.37,1,1,0.0,2024-01-28 04:34:58
1977,29,45400.65,5,Lima,BBVA,Banca Móvil Propia,Transferencia Interbancaria,886.35,1,1,0.0,2024-09-17 04:34:58
1978,18,17502.0,2,Cusco,BanBif,Web Banking,Recarga de Celular,31.95,0,0,0.0,2024-11-30 04:34:58
1979,18,17768.5,10,Lima,BBVA,QR,Transferencia Mismo Banco,195.53,0,1,0.5,2024-07-21 04:34:58
1980,44,11492.45,19,Lima,BCP,Yape,Compras Online,65.18,0,1,0.0,2024-09-27 04:34:58
1981,44,17774.31,3,Lima,BCP,Plin,Pago de Servicios,33.54,0,0,0.0,2024-03-13 04:34:58
1982,40,35681.4,2,Piura,BanBif,Lukita,Pago de Préstamos,47.74,0,1,0.25,2024-11-10 04:34:58
1983,23,42192.33,3,Lima,BBVA,QR,Transferencia Mismo Banco,141.28,0,0,0.0,2024-04-06 04:34:58
1984,34,35601.84,9,Trujillo,BBVA,Plin,Retiro sin Tarjeta,210.55,0,1,0.25,2024-04-13 04:34:58
1985,34,8981.34,5,Trujillo,BBVA,Plin,Transferencia Mismo Banco,427.92,0,1,0.15,2024-08-18 04:34:58
1986,21,37857.05,0,Arequipa,BBVA,QR,Retiro sin Tarjeta,649.39,0,1,0.1,2024-02-06 04:34:58
1987,53,8784.47,3,Lima,BCP,Yape,Retiro sin Tarjeta,195.92,1,1,0.2,2024-10-12 04:34:58
1988,45,34511.87,0,Lima,Interbank,Tunki,Transferencia Interbancaria,95.28,0,0,0.0,2024-02-02 04:34:58
1989,32,18326.58,7,Arequipa,Interbank,Web Banking,Retiro sin Tarjeta,419.48,0,0,0.15,2024-07-10 04:34:58
1990,35,31296.66,1,Cusco,BCP,Lukita,Retiro sin Tarjeta,80.27,0,0,0.15,2024-07-04 04:34:58
1991,37,11313.77,3,Trujillo,Scotiabank,Plin,Pago de Tarjeta de Crédito,30.1,1,1,0.15,2024-08-02 04:34:58
1992,18,39560.4,8,Lima,Scotiabank,Plin,Pago de Préstamos,379.56,0,1,0.0,2024-01-17 04:34:58
1993,32,10588.38,0,Lima,BanBif,Plin,Pago de Préstamos,557.75,0,1,0.0,2024-01-05 04:34:58
1994,26,15768.55,0,Lima,BCP,QR,Pago de Servicios,65.25,0,1,0.0,2024-10-07 04:34:58
1995,22,13372.46,2,Piura,BCP,Web Banking,Pago de Tarjeta de Crédito,1054.5,0,0,0.2,2024-08-23 04:34:58
1996,31,9162.35,1,Cusco,Scotiabank,QR,Recarga de Celular,265.88,0,0,0.25,2024-07-28 04:34:58
1997,56,23092.51,2,Cusco,BCP,Plin,Transferencia Mismo Banco,229.05,0,0,0.0,2024-06-19 04:34:58
1998,42,50000.0,30,Piura,BCP,Yape,Pago de Servicios,88.53,0,1,0.25,2024-04-30 04:34:58
1999,28,50000.0,8,Cusco,Scotiabank,Banca Móvil Propia,Recarga de Celular,410.46,1,0,0.0,2023-12-27 04:34:58
2000,41,23122.88,10,Cusco,BCP,Yape,Transferencia Interbancaria,32.32,0,1,0.15,2024-10-03 04:34:58
2001,51,38497.19,13,Trujillo,BBVA,Banca Móvil Propia,Pago de Servicios,105.66,0,1,0.15,2024-08-12 04:34:58
2002,46,24736.8,2,Lima,BBVA,Banca Móvil Propia,Pago de Servicios,71.3,0,1,0.0,2024-03-17 04:34:58
2003,35,28266.75,1,Lima,Scotiabank,Tunki,Transferencia Interbancaria,40.09,0,1,0.0,2023-12-08 04:34:58
2004,27,18563.0,1,Trujillo,BCP,QR,Compras Online,351.77,0,1,0.3,2024-10-24 04:34:58
2005,43,24283.16,8,Arequipa,Scotiabank,Yape,Retiro sin Tarjeta,208.75,1,1,0.2,2024-06-27 04:34:58
2006,39,28817.54,5,Lima,Interbank,Lukita,Transferencia Interbancaria,331.85,1,1,0.2,2024-09-13 04:34:58
2007,45,16494.3,1,Lima,BBVA,Plin,Transferencia Mismo Banco,112.36,0,1,0.15,2024-02-09 04:34:58
2008,42,21189.33,2,Piura,BCP,Banca Móvil Propia,Transferencia Interbancaria,397.45,1,1,0.3,2024-03-23 04:34:58
2009,47,21392.27,3,Arequipa,BCP,Banca Móvil Propia,Pago de Préstamos,160.32,0,0,0.35,2024-08-04 04:34:58
2010,28,33296.3,3,Piura,Interbank,Yape,Pago de Servicios,92.56,1,1,0.0,2024-09-03 04:34:58
2011,50,12925.84,10,Arequipa,BBVA,Plin,Pago de Préstamos,78.34,1,1,0.0,2024-05-30 04:34:58
2012,37,21466.07,2,Arequipa,BanBif,Yape,Compras Online,20.43,0,1,0.1,2024-03-27 04:34:58
2013,59,50000.0,11,Otros,BBVA,Plin,Pago de Préstamos,475.5,0,0,0.1,2024-01-28 04:34:58
2014,26,39420.06,2,Lima,BBVA,Banca Móvil Propia,Transferencia Interbancaria,424.5,1,1,0.0,2024-11-30 04:34:58
2015,55,43242.95,6,Lima,BBVA,Plin,Transferencia Mismo Banco,2772.12,0,1,0.3,2024-10-16 04:34:58
2016,37,22297.19,13,Lima,Scotiabank,Tunki,Pago de Préstamos,106.21,0,1,0.0,2024-08-04 04:34:58
2017,27,25861.19,11,Cusco,BBVA,Plin,Compras Online,76.19,1,1,0.15,2024-04-15 04:34:58
2018,29,36356.13,0,Arequipa,BCP,Tunki,Retiro sin Tarjeta,27.07,0,0,0.0,2024-07-08 04:34:58
2019,31,48056.26,1,Lima,Scotiabank,Lukita,Retiro sin Tarjeta,387.6,0,1,0.3,2024-06-26 04:34:58
2020,40,8301.56,3,Lima,BBVA,Plin,Recarga de Celular,307.92,0,0,0.4,2024-09-14 04:34:58
2021,41,11410.39,2,Lima,BBVA,Banca Móvil Propia,Pago de Tarjeta de Crédito,700.49,1,1,0.6,2024-07-11 04:34:58
2022,28,42392.3,5,Lima,Interbank,QR,Recarga de Celular,59.34,0,1,0.0,2024-05-11 04:34:58
2023,34,19178.7,14,Cusco,Interbank,Yape,Transferencia Mismo Banco,303.8,1,1,0.0,2024-10-20 04:34:58
2024,60,15742.82,0,Cusco,BCP,Banca Móvil Propia,Recarga de Celular,88.05,1,1,0.0,2024-11-30 04:34:58
2025,55,11765.41,3,Cusco,BCP,Yape,Retiro sin Tarjeta,568.91,0,1,0.2,2024-04-05 04:34:58
2026,40,16688.78,1,Lima,Scotiabank,Yape,Pago de Préstamos,253.72,1,1,0.15,2024-09-22 04:34:58
2027,35,10925.07,11,Lima,BCP,Plin,Pago de Préstamos,31.32,0,1,0.15,2024-01-08 04:34:58
2028,36,50000.0,16,Lima,Interbank,Plin,Pago de Tarjeta de Crédito,130.17,0,1,0.0,2024-11-28 04:34:58
2029,42,21780.75,3,Lima,BCP,Lukita,Retiro sin Tarjeta,21.16,0,1,0.15,2024-05-04 04:34:58
2030,22,21397.4,0,Lima,BBVA,Yape,Pago de Préstamos,46.37,1,0,0.0,2024-03-17 04:34:58
2031,31,29555.89,7,Otros,BCP,Yape,Recarga de Celular,49.26,0,1,0.1,2024-02-08 04:34:58
2032,18,35638.17,5,Piura,BBVA,Banca Móvil Propia,Transferencia Interbancaria,78.18,0,1,0.1,2024-09-09 04:34:58
2033,39,35346.13,2,Lima,Interbank,Banca Móvil Propia,Retiro sin Tarjeta,114.13,0,1,0.0,2024-06-04 04:34:58
2034,42,37677.22,10,Trujillo,BCP,Banca Móvil Propia,Pago de Préstamos,174.96,1,1,0.15,2024-09-05 04:34:58
2035,29,16067.88,18,Lima,BBVA,Plin,Recarga de Celular,166.43,0,1,0.25,2024-11-16 04:34:58
2036,53,18978.59,4,Otros,BanBif,QR,Recarga de Celular,144.91,0,1,0.0,2024-01-16 04:34:58
2037,20,32354.74,4,Trujillo,BBVA,Web Banking,Pago de Préstamos,206.93,0,0,0.3,2024-05-02 04:34:58
2038,18,16920.91,1,Lima,Scotiabank,Tunki,Compras Online,42.53,1,1,0.2,2024-08-22 04:34:58
2039,37,21970.3,4,Lima,BanBif,QR,Pago de Préstamos,159.68,0,1,0.0,2024-10-01 04:34:58
2040,47,26886.56,2,Lima,Pichincha,Banca Móvil Propia,Transferencia Mismo Banco,622.95,0,1,0.0,2024-08-27 04:34:58
2041,55,32617.12,1,Arequipa,Scotiabank,Yape,Transferencia Mismo Banco,125.74,1,1,0.3,2024-05-01 04:34:58
2042,29,9055.79,0,Arequipa,BCP,Yape,Retiro sin Tarjeta,243.39,0,1,0.0,2024-08-15 04:34:58
2043,47,31488.35,1,Arequipa,Pichincha,Yape,Pago de Servicios,221.77,0,1,0.1,2024-05-09 04:34:58
2044,34,19597.12,1,Cusco,Scotiabank,Web Banking,Compras Online,351.52,1,1,0.15,2024-05-27 04:34:58
2045,32,31373.81,3,Cusco,Scotiabank,Plin,Recarga de Celular,197.78,0,0,0.25,2024-11-27 04:34:58
2046,45,32482.8,4,Lima,BCP,Banca Móvil Propia,Pago de Préstamos,345.63,0,0,0.2,2023-12-09 04:34:58
2047,42,49215.19,4,Lima,Pichincha,Plin,Transferencia Interbancaria,246.48,0,0,0.35,2024-04-14 04:34:58
2048,18,43335.47,2,Lima,Scotiabank,Banca Móvil Propia,Pago de Servicios,286.37,0,0,0.2,2023-12-24 04:34:58
2049,52,43186.61,2,Cusco,Scotiabank,Plin,Recarga de Celular,230.93,1,1,0.3,2024-06-22 04:34:58
2050,51,45335.02,8,Arequipa,BCP,Banca Móvil Propia,Pago de Servicios,54.23,0,0,0.15,2024-10-27 04:34:58
2051,27,25481.03,3,Lima,BCP,Yape,Recarga de Celular,46.03,1,1,0.0,2024-10-23 04:34:58
2052,39,22383.8,22,Trujillo,Pichincha,QR,Recarga de Celular,104.25,0,0,0.25,2024-12-03 04:34:58
2053,40,34078.04,2,Piura,BBVA,Lukita,Pago de Servicios,700.39,0,0,0.2,2024-03-02 04:34:58
2054,38,31762.46,5,Trujillo,BBVA,Banca Móvil Propia,Transferencia Mismo Banco,125.0,0,1,0.0,2024-02-11 04:34:58
2055,28,18872.61,0,Lima,Scotiabank,Yape,Compras Online,202.26,0,1,0.0,2024-05-15 04:34:58
2056,26,26968.15,5,Piura,BCP,Yape,Recarga de Celular,20.75,0,1,0.0,2024-07-29 04:34:58
2057,34,21643.31,9,Lima,BBVA,QR,Retiro sin Tarjeta,180.14,0,1,0.2,2024-03-27 04:34:58
2058,49,14371.95,14,Arequipa,BBVA,Yape,Compras Online,161.73,1,1,0.3,2024-08-21 04:34:58
2059,41,41991.83,29,Piura,BCP,Yape,Pago de Servicios,10.24,0,1,0.15,2024-01-13 04:34:58
2060,30,22642.85,1,Cusco,BCP,Plin,Pago de Tarjeta de Crédito,198.52,0,1,0.25,2024-09-24 04:34:58
2061,44,50000.0,4,Cusco,BCP,Yape,Compras Online,28.47,0,1,0.0,2024-05-14 04:34:58
2062,18,9771.78,2,Lima,BCP,Yape,Transferencia Mismo Banco,71.86,0,1,0.15,2024-07-10 04:34:58
2063,48,16674.08,4,Arequipa,Interbank,Banca Móvil Propia,Transferencia Interbancaria,401.2,0,1,0.25,2024-05-03 04:34:58
2064,18,22388.87,0,Piura,BanBif,Plin,Pago de Préstamos,173.72,1,1,0.35,2024-09-18 04:34:58
2065,30,38897.71,9,Cusco,BBVA,Yape,Recarga de Celular,94.78,0,1,0.0,2024-03-24 04:34:58
2066,21,26896.05,12,Otros,BCP,Plin,Pago de Tarjeta de Crédito,87.0,1,0,0.0,2024-04-29 04:34:58
2067,19,25725.46,2,Lima,BCP,Yape,Recarga de Celular,97.71,0,1,0.15,2024-07-20 04:34:58
2068,48,12536.1,1,Cusco,Scotiabank,Lukita,Pago de Tarjeta de Crédito,174.32,0,0,0.2,2024-05-05 04:34:58
2069,29,12351.46,0,Piura,Pichincha,Yape,Retiro sin Tarjeta,44.67,1,1,0.0,2024-09-12 04:34:58
2070,39,25880.69,5,Lima,BCP,Banca Móvil Propia,Transferencia Mismo Banco,456.88,0,1,0.1,2024-11-11 04:34:58
2071,34,11136.1,1,Lima,BCP,Plin,Recarga de Celular,47.11,1,1,0.15,2024-07-04 04:34:58
2072,40,16882.98,12,Lima,Interbank,Tunki,Pago de Préstamos,26.39,0,1,0.35,2024-04-30 04:34:58
2073,35,28295.52,5,Arequipa,Scotiabank,Plin,Pago de Tarjeta de Crédito,399.88,0,1,0.0,2023-12-10 04:34:58
2074,19,13478.32,5,Trujillo,BBVA,Yape,Transferencia Mismo Banco,95.88,0,0,0.15,2023-12-26 04:34:58
2075,46,49152.25,4,Lima,Interbank,QR,Pago de Préstamos,159.25,0,1,0.35,2024-08-23 04:34:58
2076,29,40618.06,0,Arequipa,Interbank,Plin,Recarga de Celular,285.61,0,1,0.35,2024-03-23 04:34:58
2077,18,10039.57,13,Piura,Pichincha,Banca Móvil Propia,Pago de Tarjeta de Crédito,72.28,0,1,0.2,2023-12-20 04:34:58
2078,29,13819.2,4,Lima,BCP,QR,Transferencia Interbancaria,170.23,1,1,0.0,2024-07-27 04:34:58
2079,53,7024.16,25,Otros,Pichincha,Banca Móvil Propia,Compras Online,283.78,0,1,0.0,2024-03-30 04:34:58
2080,45,14893.86,3,Lima,BBVA,Plin,Pago de Tarjeta de Crédito,767.57,0,1,0.0,2024-01-31 04:34:58
2081,30,32312.01,6,Arequipa,Interbank,Plin,Retiro sin Tarjeta,89.03,0,1,0.0,2024-04-03 04:34:58
2082,30,17908.89,0,Arequipa,BBVA,QR,Transferencia Interbancaria,93.42,0,1,0.1,2024-02-03 04:34:58
2083,31,27733.56,4,Arequipa,BBVA,Banca Móvil Propia,Pago de Préstamos,260.69,1,1,0.0,2024-01-15 04:34:58
2084,59,10289.02,7,Trujillo,Interbank,Banca Móvil Propia,Compras Online,182.84,1,1,0.35,2024-09-20 04:34:58
2085,39,32826.38,7,Lima,BBVA,Plin,Transferencia Interbancaria,129.41,0,1,0.3,2024-02-25 04:34:58
2086,40,16688.0,7,Arequipa,BCP,Lukita,Pago de Tarjeta de Crédito,729.74,0,1,0.3,2024-02-21 04:34:58
2087,47,22160.9,1,Lima,BBVA,Banca Móvil Propia,Compras Online,27.59,0,1,0.1,2024-09-04 04:34:58
2088,37,21027.0,18,Piura,BBVA,Plin,Pago de Servicios,35.81,1,1,0.15,2024-05-15 04:34:58
2089,31,11663.57,26,Lima,BCP,Tunki,Transferencia Interbancaria,27.91,0,0,0.1,2024-10-09 04:34:58
2090,32,12375.3,0,Lima,BanBif,Tunki,Retiro sin Tarjeta,493.58,0,1,0.2,2024-01-22 04:34:58
2091,34,35735.41,13,Lima,BCP,Yape,Retiro sin Tarjeta,248.32,0,1,0.0,2024-05-09 04:34:58
2092,34,26889.63,1,Lima,BBVA,Lukita,Pago de Tarjeta de Crédito,37.68,0,1,0.0,2024-07-24 04:34:58
2093,43,37235.75,5,Lima,BCP,Yape,Recarga de Celular,131.23,1,1,0.0,2024-08-20 04:34:58
2094,35,25908.57,2,Arequipa,BBVA,Banca Móvil Propia,Pago de Tarjeta de Crédito,144.36,1,1,0.25,2024-04-13 04:34:58
2095,43,23658.92,17,Lima,BCP,Yape,Transferencia Interbancaria,16.29,0,1,0.3,2024-07-29 04:34:58
2096,34,9292.8,0,Otros,BBVA,Plin,Pago de Préstamos,179.16,0,1,0.25,2023-12-31 04:34:58
2097,35,19241.35,3,Trujillo,BCP,Plin,Transferencia Mismo Banco,45.72,1,0,0.0,2024-02-21 04:34:58
2098,18,21726.93,2,Trujillo,BCP,Web Banking,Pago de Servicios,300.87,0,0,0.1,2024-07-16 04:34:58
2099,45,50000.0,1,Trujillo,Scotiabank,Tunki,Pago de Tarjeta de Crédito,47.14,0,1,0.15,2024-11-03 04:34:58
2100,39,31053.86,5,Lima,Interbank,Yape,Pago de Servicios,184.78,0,0,0.0,2024-05-17 04:34:58
2101,46,47478.42,0,Cusco,BCP,Banca Móvil Propia,Pago de Servicios,541.62,1,1,0.1,2024-01-25 04:34:58
2102,18,29696.04,6,Lima,BCP,Yape,Retiro sin Tarjeta,393.3,0,1,0.2,2024-05-26 04:34:58
2103,60,15434.31,19,Lima,Scotiabank,Yape,Retiro sin Tarjeta,246.45,0,1,0.0,2024-07-07 04:34:58
2104,33,23354.9,8,Lima,BCP,Yape,Recarga de Celular,136.82,0,0,0.25,2024-03-02 04:34:58
2105,48,24787.92,9,Lima,BanBif,Yape,Transferencia Interbancaria,33.11,0,1,0.0,2024-04-11 04:34:58
2106,22,13772.4,2,Arequipa,BBVA,Plin,Compras Online,95.67,0,0,0.0,2023-12-13 04:34:58
2107,42,18175.07,1,Arequipa,BCP,Plin,Retiro sin Tarjeta,118.39,0,1,0.0,2024-08-06 04:34:58
2108,22,19872.98,3,Trujillo,Interbank,Yape,Pago de Servicios,110.19,0,0,0.35,2024-06-20 04:34:58
2109,27,49158.74,0,Cusco,Scotiabank,QR,Compras Online,32.02,0,1,0.15,2024-06-07 04:34:58
2110,57,7782.48,14,Cusco,BBVA,Yape,Retiro sin Tarjeta,229.16,0,1,0.35,2024-05-24 04:34:58
2111,32,40251.77,0,Lima,BBVA,QR,Pago de Tarjeta de Crédito,45.56,0,1,0.15,2024-06-04 04:34:58
2112,37,13788.67,11,Lima,BBVA,Banca Móvil Propia,Transferencia Interbancaria,696.53,0,1,0.2,2024-10-24 04:34:58
2113,45,11091.79,0,Lima,BanBif,Yape,Retiro sin Tarjeta,172.09,1,1,0.2,2024-06-29 04:34:58
2114,40,39734.34,8,Lima,Interbank,Web Banking,Pago de Tarjeta de Crédito,395.15,0,1,0.35,2024-05-26 04:34:58
2115,36,31759.56,0,Lima,BCP,Yape,Transferencia Interbancaria,387.07,0,1,0.35,2024-04-03 04:34:58
2116,39,41243.94,0,Trujillo,BCP,Plin,Recarga de Celular,1185.51,0,0,0.0,2024-08-26 04:34:58
2117,63,32871.16,6,Lima,BCP,Yape,Retiro sin Tarjeta,178.02,0,1,0.45,2024-11-10 04:34:58
2118,34,50000.0,1,Lima,BCP,Banca Móvil Propia,Transferencia Interbancaria,100.48,0,1,0.0,2024-01-17 04:34:58
2119,37,29125.28,6,Cusco,BCP,Plin,Pago de Tarjeta de Crédito,102.43,0,1,0.1,2024-07-11 04:34:58
2120,47,20368.83,4,Lima,Interbank,Yape,Pago de Tarjeta de Crédito,662.55,0,1,0.2,2024-03-06 04:34:58
2121,48,26146.31,0,Lima,BCP,Yape,Transferencia Interbancaria,39.64,1,1,0.15,2024-09-28 04:34:58
2122,49,41016.7,13,Lima,BBVA,Banca Móvil Propia,Pago de Tarjeta de Crédito,61.67,1,1,0.0,2023-12-27 04:34:58
2123,42,14917.83,3,Lima,Interbank,Plin,Pago de Préstamos,188.1,0,1,0.25,2024-03-16 04:34:58
2124,21,15899.7,6,Piura,BCP,Yape,Transferencia Mismo Banco,127.38,0,1,0.4,2024-09-12 04:34:58
2125,54,18873.61,3,Lima,BCP,Plin,Recarga de Celular,390.58,1,1,0.5,2024-03-11 04:34:58
2126,21,7690.25,4,Lima,BCP,Lukita,Retiro sin Tarjeta,38.91,0,1,0.0,2024-05-13 04:34:58
2127,38,23600.88,1,Lima,BCP,Yape,Transferencia Mismo Banco,138.8,0,1,0.0,2024-06-24 04:34:58
2128,25,8577.82,1,Piura,Scotiabank,Plin,Retiro sin Tarjeta,123.1,0,1,0.35,2023-12-19 04:34:58
2129,34,22618.64,3,Lima,Interbank,QR,Compras Online,50.79,0,1,0.3,2024-11-13 04:34:58
2130,38,33950.03,2,Lima,BCP,Yape,Pago de Servicios,357.33,0,1,0.25,2024-03-02 04:34:58
2131,38,17353.71,2,Lima,BBVA,Banca Móvil Propia,Pago de Servicios,135.4,1,0,0.3,2023-12-19 04:34:58
2132,40,50000.0,5,Arequipa,BCP,Web Banking,Transferencia Interbancaria,129.79,1,0,0.1,2024-11-08 04:34:58
2133,54,10612.09,5,Lima,BBVA,Lukita,Transferencia Mismo Banco,65.06,1,1,0.0,2024-01-17 04:34:58
2134,40,39959.84,0,Piura,BBVA,Yape,Pago de Préstamos,102.53,0,1,0.1,2024-10-24 04:34:58
2135,32,30870.88,2,Otros,BBVA,Plin,Transferencia Interbancaria,53.43,0,1,0.0,2024-06-24 04:34:58
2136,46,9339.27,2,Piura,BCP,Yape,Transferencia Interbancaria,352.05,1,0,0.1,2024-09-18 04:34:58
2137,49,50000.0,0,Trujillo,BCP,QR,Pago de Préstamos,416.89,0,1,0.2,2024-07-18 04:34:58
2138,20,21335.49,1,Lima,Interbank,Web Banking,Transferencia Interbancaria,796.37,0,1,0.25,2024-05-17 04:34:58
2139,42,14203.7,0,Lima,Scotiabank,Plin,Pago de Servicios,229.08,0,0,0.2,2024-05-10 04:34:58
2140,43,10899.33,27,Trujillo,BanBif,Banca Móvil Propia,Pago de Préstamos,105.72,0,0,0.0,2024-11-12 04:34:58
2141,31,19731.88,6,Arequipa,BCP,Lukita,Pago de Tarjeta de Crédito,92.85,0,0,0.0,2024-08-17 04:34:58
2142,51,20667.06,0,Arequipa,Interbank,Plin,Transferencia Interbancaria,242.41,0,0,0.35,2024-10-25 04:34:58
2143,33,23186.44,0,Piura,Interbank,Yape,Pago de Préstamos,181.43,1,1,0.2,2024-07-28 04:34:58
2144,36,18979.26,6,Arequipa,BanBif,Yape,Pago de Préstamos,124.69,0,1,0.0,2024-10-16 04:34:58
2145,32,30230.68,2,Lima,BCP,Plin,Pago de Tarjeta de Crédito,114.2,1,1,0.1,2024-01-13 04:34:58
2146,35,18145.63,7,Lima,Interbank,QR,Pago de Préstamos,478.76,0,1,0.45,2024-04-02 04:34:58
2147,21,8370.91,12,Arequipa,BCP,QR,Pago de Tarjeta de Crédito,96.37,0,1,0.25,2024-04-01 04:34:58
2148,18,20441.44,4,Lima,Interbank,Yape,Pago de Préstamos,570.59,0,1,0.55,2024-11-17 04:34:58
2149,54,6743.01,1,Piura,BBVA,Plin,Transferencia Interbancaria,178.06,0,1,0.1,2024-01-01 04:34:58
2150,24,26288.46,7,Lima,Scotiabank,Tunki,Transferencia Interbancaria,102.73,1,1,0.3,2024-10-05 04:34:58
2151,23,13498.72,15,Lima,Scotiabank,QR,Transferencia Interbancaria,67.68,0,1,0.2,2024-01-26 04:34:58
2152,18,23901.11,4,Cusco,BBVA,Banca Móvil Propia,Transferencia Mismo Banco,127.16,0,0,0.0,2024-11-29 04:34:58
2153,27,42490.57,5,Lima,BBVA,Banca Móvil Propia,Retiro sin Tarjeta,245.52,0,0,0.1,2024-05-28 04:34:58
2154,19,13706.5,2,Lima,BCP,Tunki,Transferencia Mismo Banco,101.8,1,0,0.2,2024-05-31 04:34:58
2155,54,37444.99,2,Lima,BBVA,Yape,Recarga de Celular,347.35,0,1,0.0,2024-09-14 04:34:58
2156,47,17735.17,6,Arequipa,BBVA,Tunki,Pago de Tarjeta de Crédito,96.84,0,1,0.0,2023-12-17 04:34:58
2157,26,50000.0,13,Lima,BCP,Web Banking,Compras Online,131.0,1,1,0.0,2024-08-25 04:34:58
2158,62,18350.71,4,Lima,Scotiabank,Yape,Transferencia Mismo Banco,40.99,0,1,0.1,2024-06-26 04:34:58
2159,46,14468.85,7,Lima,BCP,Plin,Pago de Préstamos,259.69,1,1,0.1,2024-04-17 04:34:58
2160,31,31058.23,0,Cusco,Interbank,Plin,Pago de Tarjeta de Crédito,113.62,0,0,0.1,2024-06-25 04:34:58
2161,18,17713.9,1,Arequipa,Scotiabank,Banca Móvil Propia,Pago de Préstamos,719.73,0,1,0.2,2024-03-05 04:34:58
2162,62,14461.93,3,Lima,BanBif,Banca Móvil Propia,Pago de Tarjeta de Crédito,300.31,1,1,0.5,2024-12-01 04:34:58
2163,18,17345.36,0,Lima,Scotiabank,Banca Móvil Propia,Pago de Tarjeta de Crédito,161.5,1,1,0.5,2024-10-22 04:34:58
2164,18,21540.64,5,Lima,BCP,QR,Recarga de Celular,505.31,0,1,0.0,2024-09-03 04:34:58
2165,47,43091.89,1,Lima,Scotiabank,Plin,Compras Online,222.54,0,1,0.15,2024-11-19 04:34:58
2166,64,8374.58,7,Lima,BCP,Plin,Pago de Servicios,406.77,0,1,0.35,2024-06-05 04:34:58
2167,51,22282.13,8,Lima,BanBif,Yape,Pago de Préstamos,62.65,0,0,0.0,2024-07-31 04:34:58
2168,41,30105.16,3,Lima,Interbank,QR,Retiro sin Tarjeta,235.38,0,1,0.45,2024-01-26 04:34:58
2169,42,24263.4,0,Lima,Scotiabank,Plin,Transferencia Interbancaria,245.36,0,0,0.0,2024-01-04 04:34:58
2170,45,42401.23,5,Lima,BCP,Lukita,Recarga de Celular,31.67,0,1,0.2,2024-04-11 04:34:58
2171,44,21222.71,24,Lima,BBVA,Plin,Pago de Servicios,669.56,0,0,0.0,2024-03-13 04:34:58
2172,38,20084.91,4,Trujillo,Scotiabank,Yape,Retiro sin Tarjeta,46.51,0,1,0.25,2024-07-12 04:34:58
2173,36,29618.81,0,Lima,Scotiabank,Yape,Pago de Préstamos,40.49,1,0,0.1,2024-01-22 04:34:58
2174,34,23147.84,0,Arequipa,BCP,Web Banking,Recarga de Celular,8.6,1,0,0.15,2024-05-05 04:34:58
2175,25,18120.44,1,Piura,BanBif,Plin,Pago de Servicios,238.38,1,1,0.15,2024-11-25 04:34:58
2176,31,28511.76,1,Lima,BCP,Yape,Compras Online,28.7,1,0,0.0,2024-02-18 04:34:58
2177,18,15894.62,8,Lima,Interbank,Yape,Transferencia Interbancaria,88.51,0,1,0.1,2024-02-12 04:34:58
2178,33,16226.67,9,Lima,Interbank,Plin,Pago de Servicios,343.05,1,1,0.0,2024-12-02 04:34:58
2179,23,16915.79,1,Trujillo,BCP,Yape,Pago de Servicios,179.84,0,1,0.2,2024-09-05 04:34:58
2180,21,43327.14,1,Otros,BCP,Plin,Transferencia Interbancaria,79.54,1,1,0.15,2024-02-26 04:34:58
2181,37,4400.58,1,Trujillo,Scotiabank,Plin,Pago de Tarjeta de Crédito,30.24,0,1,0.1,2024-04-07 04:34:58
2182,51,26844.05,11,Piura,BBVA,Banca Móvil Propia,Pago de Tarjeta de Crédito,133.27,0,1,0.2,2024-03-16 04:34:58
2183,46,22407.16,3,Lima,BCP,Yape,Recarga de Celular,349.07,1,1,0.0,2024-06-17 04:34:58
2184,18,9504.92,5,Arequipa,Scotiabank,Tunki,Pago de Servicios,299.12,0,1,0.1,2024-07-29 04:34:58
2185,23,25715.86,2,Lima,Scotiabank,Banca Móvil Propia,Transferencia Interbancaria,886.06,0,0,0.2,2024-03-30 04:34:58
2186,46,27941.71,4,Cusco,BBVA,Yape,Recarga de Celular,77.21,0,1,0.0,2024-09-02 04:34:58
2187,23,29578.99,2,Trujillo,BCP,Yape,Transferencia Interbancaria,39.76,0,1,0.0,2024-04-22 04:34:58
2188,32,5849.35,2,Piura,BCP,Yape,Transferencia Mismo Banco,202.34,0,1,0.2,2024-07-21 04:34:58
2189,41,43616.67,5,Arequipa,Interbank,Plin,Pago de Préstamos,183.35,0,1,0.0,2024-01-12 04:34:58
2190,23,15231.66,4,Lima,BBVA,Banca Móvil Propia,Recarga de Celular,147.69,0,1,0.0,2024-07-05 04:34:58
2191,36,31047.82,1,Arequipa,Interbank,Banca Móvil Propia,Transferencia Mismo Banco,70.36,1,1,0.0,2024-01-01 04:34:58
2192,18,31905.6,0,Piura,Scotiabank,Banca Móvil Propia,Pago de Tarjeta de Crédito,10.45,0,1,0.15,2024-07-17 04:34:58
2193,27,14209.29,2,Piura,BBVA,Plin,Pago de Préstamos,54.24,0,0,0.0,2024-04-15 04:34:58
2194,38,30645.16,2,Lima,BCP,Yape,Pago de Servicios,259.06,0,1,0.2,2024-11-11 04:34:58
2195,18,18165.03,4,Lima,BanBif,Plin,Pago de Préstamos,197.15,0,0,0.0,2024-04-04 04:34:58
2196,40,7819.0,12,Lima,BBVA,Banca Móvil Propia,Pago de Préstamos,389.66,0,0,0.1,2024-05-23 04:34:58
2197,34,39492.69,0,Piura,Interbank,Tunki,Compras Online,209.6,1,0,0.25,2024-03-25 04:34:58
2198,41,14950.16,1,Cusco,BanBif,Plin,Pago de Servicios,309.83,0,1,0.0,2024-03-29 04:34:58
2199,37,14367.92,1,Otros,BanBif,QR,Compras Online,318.85,0,1,0.25,2024-08-08 04:34:58
2200,51,18006.12,3,Lima,BBVA,Yape,Pago de Servicios,151.48,0,1,0.0,2024-03-27 04:34:58
2201,36,25238.31,2,Lima,BCP,Web Banking,Compras Online,152.55,0,1,0.0,2024-07-21 04:34:58
2202,29,21404.68,6,Arequipa,Pichincha,Yape,Recarga de Celular,8.09,0,0,0.0,2024-09-16 04:34:58
2203,36,28970.5,1,Trujillo,Interbank,QR,Pago de Préstamos,76.97,0,0,0.0,2024-05-12 04:34:58
2204,41,11274.01,4,Lima,BBVA,Plin,Retiro sin Tarjeta,80.37,1,1,0.35,2024-10-12 04:34:58
2205,35,15196.29,10,Arequipa,BBVA,QR,Recarga de Celular,133.11,0,1,0.15,2024-10-21 04:34:58
2206,35,20785.3,12,Otros,BBVA,Yape,Recarga de Celular,58.54,0,0,0.0,2024-07-20 04:34:58
2207,26,50000.0,15,Piura,Scotiabank,Plin,Retiro sin Tarjeta,379.01,1,1,0.6,2024-07-13 04:34:58
2208,27,20808.02,7,Lima,BBVA,Plin,Recarga de Celular,61.47,1,1,0.0,2024-02-15 04:34:58
2209,18,37896.39,11,Arequipa,Scotiabank,Web Banking,Pago de Tarjeta de Crédito,446.94,1,0,0.2,2024-02-08 04:34:58
2210,55,22455.2,1,Lima,Scotiabank,Web Banking,Transferencia Mismo Banco,56.76,0,1,0.3,2024-09-21 04:34:58
2211,20,17294.96,1,Trujillo,Scotiabank,Yape,Retiro sin Tarjeta,81.14,1,1,0.25,2024-04-08 04:34:58
2212,26,19470.15,0,Arequipa,Interbank,Banca Móvil Propia,Retiro sin Tarjeta,75.2,0,1,0.0,2023-12-11 04:34:58
2213,26,20247.57,6,Lima,Scotiabank,Banca Móvil Propia,Pago de Préstamos,90.36,0,0,0.0,2024-11-03 04:34:58
2214,45,29786.87,13,Arequipa,BBVA,Plin,Compras Online,482.33,0,1,0.1,2024-03-03 04:34:58
2215,31,43796.34,1,Trujillo,BCP,Yape,Transferencia Mismo Banco,107.01,1,1,0.15,2024-04-17 04:34:58
2216,49,26366.26,5,Lima,Scotiabank,Web Banking,Retiro sin Tarjeta,109.77,1,1,0.15,2024-07-01 04:34:58
2217,26,39876.36,6,Cusco,BBVA,Tunki,Pago de Préstamos,70.68,0,0,0.0,2024-04-12 04:34:58
2218,38,13597.01,13,Lima,BCP,Yape,Retiro sin Tarjeta,114.46,1,0,0.2,2024-02-17 04:34:58
2219,24,17902.3,5,Piura,BCP,Yape,Transferencia Mismo Banco,184.28,1,1,0.2,2024-06-21 04:34:58
2220,60,15334.32,17,Lima,BCP,Yape,Transferencia Interbancaria,119.68,0,1,0.15,2024-07-15 04:34:58
2221,20,25776.6,2,Lima,Scotiabank,Banca Móvil Propia,Transferencia Interbancaria,127.7,0,1,0.0,2024-07-06 04:34:58
2222,38,18407.64,2,Arequipa,Interbank,Plin,Compras Online,409.95,0,1,0.15,2024-01-31 04:34:58
2223,42,31725.83,3,Lima,BCP,Plin,Pago de Tarjeta de Crédito,195.13,1,0,0.45,2024-08-07 04:34:58
2224,39,13828.67,2,Trujillo,Scotiabank,Yape,Compras Online,46.95,1,1,0.0,2024-10-24 04:34:58
2225,32,22505.51,0,Lima,BCP,Yape,Transferencia Interbancaria,136.28,0,1,0.0,2024-04-26 04:34:58
2226,33,31052.32,6,Arequipa,Scotiabank,Yape,Transferencia Mismo Banco,86.63,0,1,0.3,2024-06-17 04:34:58
2227,35,7842.78,6,Trujillo,BBVA,QR,Pago de Servicios,249.89,0,1,0.35,2024-10-16 04:34:58
2228,33,50000.0,6,Arequipa,Interbank,Yape,Compras Online,164.5,0,0,0.35,2024-11-16 04:34:58
2229,46,19118.74,2,Lima,BBVA,Lukita,Recarga de Celular,459.58,1,1,0.15,2024-11-28 04:34:58
2230,61,8002.27,3,Arequipa,BCP,Yape,Pago de Préstamos,70.81,0,0,0.1,2024-04-17 04:34:58
2231,28,23838.26,2,Otros,Scotiabank,Tunki,Retiro sin Tarjeta,122.43,0,1,0.0,2024-08-01 04:34:58
2232,18,22397.88,0,Lima,BCP,Yape,Pago de Préstamos,51.21,0,0,0.25,2024-02-25 04:34:58
2233,33,21142.76,4,Lima,Pichincha,Banca Móvil Propia,Transferencia Mismo Banco,142.34,0,1,0.3,2024-08-26 04:34:58
2234,65,36155.9,0,Trujillo,Interbank,QR,Recarga de Celular,31.93,1,0,0.0,2024-07-25 04:34:58
2235,25,32007.4,0,Piura,BBVA,Plin,Transferencia Mismo Banco,204.69,1,1,0.15,2024-01-23 04:34:58
2236,54,25563.94,7,Lima,Interbank,Plin,Retiro sin Tarjeta,140.41,1,0,0.0,2024-02-11 04:34:58
2237,55,27586.39,0,Arequipa,BCP,Banca Móvil Propia,Pago de Servicios,173.33,0,0,0.55,2024-05-22 04:34:58
2238,28,20906.61,15,Piura,BBVA,Plin,Transferencia Mismo Banco,326.4,0,1,0.25,2024-04-06 04:34:58
2239,41,50000.0,3,Piura,Pichincha,Banca Móvil Propia,Recarga de Celular,185.82,1,0,0.2,2024-01-15 04:34:58
2240,54,10513.36,20,Piura,BCP,Yape,Pago de Tarjeta de Crédito,41.4,1,1,0.15,2024-03-27 04:34:58
2241,30,23619.45,0,Arequipa,Interbank,Banca Móvil Propia,Recarga de Celular,85.13,0,1,0.25,2024-07-16 04:34:58
2242,32,22754.37,4,Lima,BBVA,Banca Móvil Propia,Retiro sin Tarjeta,136.98,0,1,0.0,2024-03-14 04:34:58
2243,28,33078.55,2,Lima,Interbank,Yape,Pago de Préstamos,106.9,0,1,0.15,2024-11-24 04:34:58
2244,22,14444.56,9,Lima,BCP,Banca Móvil Propia,Pago de Tarjeta de Crédito,120.79,1,1,0.0,2024-03-17 04:34:58
2245,27,9211.09,2,Lima,BBVA,Plin,Transferencia Interbancaria,751.04,0,1,0.0,2024-08-09 04:34:58
2246,20,23823.11,1,Lima,Pichincha,Plin,Retiro sin Tarjeta,164.08,0,1,0.55,2023-12-19 04:34:58
2247,35,25352.06,9,Trujillo,BCP,Yape,Pago de Tarjeta de Crédito,217.51,0,1,0.1,2024-07-21 04:34:58
2248,25,46388.17,2,Arequipa,Interbank,Tunki,Pago de Tarjeta de Crédito,19.91,1,1,0.15,2024-09-22 04:34:58
2249,37,11670.49,0,Otros,BBVA,Yape,Compras Online,312.94,0,1,0.3,2024-02-29 04:34:58
2250,18,39235.88,2,Piura,BBVA,Web Banking,Retiro sin Tarjeta,2570.77,0,0,0.2,2024-03-26 04:34:58
2251,38,50000.0,5,Lima,Interbank,Banca Móvil Propia,Pago de Préstamos,570.01,0,0,0.45,2023-12-15 04:34:58
2252,45,18235.35,1,Trujillo,BBVA,Yape,Transferencia Interbancaria,95.57,0,1,0.0,2024-08-18 04:34:58
2253,18,11551.02,2,Arequipa,BCP,Lukita,Pago de Servicios,1452.52,0,1,0.1,2024-02-20 04:34:58
2254,39,17970.97,0,Lima,BanBif,Plin,Transferencia Mismo Banco,152.55,0,1,0.0,2024-06-02 04:34:58
2255,49,22181.25,4,Lima,Scotiabank,Banca Móvil Propia,Recarga de Celular,201.65,0,0,0.35,2024-08-20 04:34:58
2256,20,29199.12,7,Lima,BCP,Yape,Compras Online,113.59,1,0,0.1,2024-05-07 04:34:58
2257,55,16387.97,2,Trujillo,BBVA,Banca Móvil Propia,Transferencia Mismo Banco,110.68,0,0,0.25,2024-03-24 04:34:58
2258,40,47934.91,2,Lima,Scotiabank,Lukita,Compras Online,15.67,0,0,0.1,2024-09-10 04:34:58
2259,26,12616.16,0,Piura,Pichincha,Banca Móvil Propia,Transferencia Mismo Banco,326.19,1,1,0.0,2023-12-22 04:34:58
2260,34,9231.69,1,Lima,Pichincha,Plin,Recarga de Celular,110.28,1,1,0.3,2023-12-28 04:34:58
2261,41,38305.75,0,Piura,Scotiabank,Plin,Transferencia Interbancaria,122.97,0,1,0.35,2024-10-05 04:34:58
2262,35,7063.45,3,Lima,BCP,Yape,Recarga de Celular,195.07,0,1,0.25,2024-11-21 04:34:58
2263,41,19889.26,3,Lima,BanBif,Yape,Pago de Préstamos,98.04,0,1,0.15,2024-07-14 04:34:58
2264,23,50000.0,14,Otros,Scotiabank,Plin,Transferencia Interbancaria,193.22,0,0,0.15,2024-11-25 04:34:58
2265,37,21894.23,0,Arequipa,BBVA,Banca Móvil Propia,Compras Online,494.26,0,1,0.35,2024-04-03 04:34:58
2266,18,12576.89,4,Piura,BBVA,Lukita,Transferencia Interbancaria,222.47,0,1,0.2,2024-02-28 04:34:58
2267,33,21403.32,3,Lima,BBVA,Plin,Retiro sin Tarjeta,127.29,0,0,0.2,2024-01-19 04:34:58
2268,24,21474.03,3,Lima,Interbank,Plin,Pago de Préstamos,131.17,0,1,0.0,2024-04-16 04:34:58
2269,26,23868.74,10,Lima,BCP,Lukita,Pago de Servicios,181.38,1,1,0.0,2024-08-24 04:34:58
2270,49,30672.8,1,Otros,BCP,QR,Pago de Tarjeta de Crédito,64.58,0,1,0.0,2024-07-05 04:34:58
2271,48,13101.01,0,Arequipa,BCP,Plin,Retiro sin Tarjeta,182.7,0,1,0.45,2024-11-15 04:34:58
2272,42,50000.0,5,Lima,BBVA,Yape,Compras Online,294.29,1,1,0.35,2023-12-11 04:34:58
2273,21,24898.36,2,Lima,BCP,Banca Móvil Propia,Pago de Servicios,161.99,1,1,0.0,2024-02-27 04:34:58
2274,31,31678.61,0,Lima,Scotiabank,QR,Transferencia Interbancaria,97.11,0,1,0.3,2024-04-02 04:34:58
2275,49,16089.55,1,Cusco,BCP,Yape,Pago de Tarjeta de Crédito,111.37,1,0,0.4,2024-08-21 04:34:58
2276,36,41906.28,1,Cusco,BanBif,Banca Móvil Propia,Pago de Tarjeta de Crédito,284.91,1,1,0.15,2024-07-04 04:34:58
2277,62,19369.87,4,Arequipa,Scotiabank,Banca Móvil Propia,Retiro sin Tarjeta,49.39,0,0,0.15,2024-04-17 04:34:58
2278,39,25305.48,0,Piura,BanBif,Plin,Transferencia Mismo Banco,65.6,1,1,0.0,2024-07-12 04:34:58
2279,37,13814.13,2,Lima,Interbank,Lukita,Recarga de Celular,29.76,0,1,0.1,2024-07-16 04:34:58
2280,31,13380.24,3,Cusco,BCP,Plin,Recarga de Celular,153.55,0,1,0.0,2024-10-20 04:34:58
2281,36,31073.25,3,Cusco,BBVA,Banca Móvil Propia,Recarga de Celular,351.39,0,0,0.1,2024-08-18 04:34:58
2282,33,17644.8,18,Arequipa,BCP,Plin,Compras Online,561.99,0,1,0.15,2024-01-18 04:34:58
2283,43,14372.74,0,Trujillo,Pichincha,Plin,Pago de Servicios,698.31,0,1,0.3,2024-07-15 04:34:58
2284,46,15969.06,15,Lima,BCP,Banca Móvil Propia,Recarga de Celular,74.41,0,1,0.15,2024-10-21 04:34:58
2285,25,31240.69,4,Arequipa,BBVA,Banca Móvil Propia,Pago de Servicios,190.57,1,0,0.0,2023-12-27 04:34:58
2286,19,16082.4,7,Lima,Scotiabank,Web Banking,Pago de Servicios,99.25,0,1,0.0,2024-02-01 04:34:58
2287,18,20768.08,2,Arequipa,BanBif,Plin,Pago de Préstamos,770.97,1,1,0.15,2024-07-05 04:34:58
2288,41,22192.59,3,Trujillo,Scotiabank,Yape,Pago de Tarjeta de Crédito,546.45,0,0,0.4,2024-08-01 04:34:58
2289,21,8444.96,10,Lima,Interbank,Web Banking,Pago de Servicios,175.58,0,1,0.0,2024-10-09 04:34:58
2290,18,10555.86,11,Lima,BBVA,Banca Móvil Propia,Transferencia Mismo Banco,79.89,0,0,0.35,2024-03-03 04:34:58
2291,39,26059.53,1,Arequipa,Interbank,Web Banking,Compras Online,4.72,0,0,0.1,2024-02-19 04:34:58
2292,64,15237.05,1,Lima,BCP,Yape,Pago de Tarjeta de Crédito,35.39,0,1,0.0,2024-03-21 04:34:58
2293,34,37360.25,3,Lima,Scotiabank,Plin,Transferencia Interbancaria,23.28,0,1,0.0,2024-06-09 04:34:58
2294,45,35717.77,11,Piura,BBVA,Yape,Transferencia Mismo Banco,34.94,0,0,0.15,2024-08-11 04:34:58
2295,35,31558.06,1,Trujillo,BCP,Lukita,Transferencia Interbancaria,971.51,1,1,0.2,2024-01-19 04:34:58
2296,33,50000.0,5,Lima,BanBif,QR,Transferencia Mismo Banco,40.65,1,1,0.1,2024-08-19 04:34:58
2297,46,21130.13,6,Lima,BBVA,Banca Móvil Propia,Pago de Servicios,51.37,0,0,0.0,2024-09-05 04:34:58
2298,31,30468.27,7,Lima,Scotiabank,Yape,Transferencia Interbancaria,59.11,0,1,0.15,2024-01-31 04:34:58
2299,38,16445.37,4,Otros,Scotiabank,Yape,Pago de Tarjeta de Crédito,1995.29,0,1,0.15,2024-02-02 04:34:58
2300,38,50000.0,2,Lima,Scotiabank,Banca Móvil Propia,Recarga de Celular,139.43,0,1,0.0,2024-09-29 04:34:58
2301,26,50000.0,17,Lima,BCP,Plin,Transferencia Mismo Banco,401.1,0,1,0.15,2024-07-02 04:34:58
2302,46,22157.7,4,Lima,BCP,Banca Móvil Propia,Transferencia Interbancaria,176.87,0,0,0.0,2024-09-01 04:34:58
2303,32,26723.35,6,Trujillo,Scotiabank,Plin,Recarga de Celular,20.4,0,0,0.0,2024-05-13 04:34:58
2304,25,43462.28,2,Piura,Scotiabank,Tunki,Retiro sin Tarjeta,687.21,1,1,0.2,2024-06-30 04:34:58
2305,41,20464.16,5,Lima,BBVA,Yape,Pago de Préstamos,221.65,0,1,0.0,2024-03-23 04:34:58
2306,24,15862.1,1,Lima,BBVA,Banca Móvil Propia,Pago de Servicios,131.41,0,0,0.0,2024-09-02 04:34:58
2307,35,34098.03,1,Piura,BCP,Plin,Transferencia Mismo Banco,862.75,0,1,0.2,2023-12-15 04:34:58
2308,34,22907.5,6,Lima,Pichincha,Web Banking,Transferencia Mismo Banco,104.95,0,1,0.3,2024-04-12 04:34:58
2309,48,24136.9,3,Lima,BCP,Banca Móvil Propia,Pago de Tarjeta de Crédito,128.46,0,0,0.15,2024-02-29 04:34:58
2310,40,14513.93,5,Piura,BCP,Yape,Pago de Tarjeta de Crédito,105.1,0,1,0.0,2024-05-21 04:34:58
2311,34,9331.62,1,Arequipa,Interbank,Plin,Retiro sin Tarjeta,435.41,0,1,0.2,2024-11-15 04:34:58
2312,44,24786.92,4,Lima,BCP,QR,Transferencia Interbancaria,334.9,0,1,0.35,2024-06-19 04:34:58
2313,51,34630.19,2,Lima,BanBif,Yape,Transferencia Mismo Banco,196.1,0,1,0.2,2024-01-27 04:34:58
2314,41,19674.85,4,Trujillo,BCP,Yape,Transferencia Mismo Banco,51.84,0,1,0.0,2024-05-06 04:34:58
2315,35,45171.19,1,Lima,BCP,QR,Pago de Préstamos,102.49,1,1,0.2,2024-09-22 04:34:58
2316,19,15491.42,6,Arequipa,BBVA,Banca Móvil Propia,Transferencia Mismo Banco,51.83,0,1,0.4,2024-11-05 04:34:58
2317,22,12999.26,8,Lima,BBVA,Banca Móvil Propia,Pago de Préstamos,473.6,0,1,0.3,2024-04-08 04:34:58
2318,31,21298.35,1,Piura,BCP,Yape,Pago de Préstamos,30.73,0,0,0.1,2024-06-21 04:34:58
2319,27,21135.38,1,Cusco,BBVA,Lukita,Transferencia Mismo Banco,730.97,0,1,0.15,2024-01-06 04:34:58
2320,32,32369.9,5,Lima,BBVA,Plin,Retiro sin Tarjeta,537.89,0,0,0.0,2024-05-12 04:34:58
2321,35,14950.78,5,Trujillo,Scotiabank,Plin,Pago de Préstamos,59.23,1,1,0.0,2024-12-02 04:34:58
2322,41,43653.87,6,Lima,BCP,Yape,Pago de Servicios,97.86,1,0,0.3,2024-06-02 04:34:58
2323,34,50000.0,5,Lima,Pichincha,Yape,Transferencia Mismo Banco,72.79,0,1,0.35,2024-09-21 04:34:58
2324,40,21599.55,2,Arequipa,Interbank,Web Banking,Retiro sin Tarjeta,228.2,0,1,0.0,2024-09-02 04:34:58
2325,35,41144.9,2,Otros,BCP,Banca Móvil Propia,Recarga de Celular,609.38,0,1,0.15,2023-12-10 04:34:58
2326,18,12987.61,1,Cusco,BCP,Banca Móvil Propia,Pago de Préstamos,485.71,0,1,0.3,2024-03-15 04:34:58
2327,23,37707.37,0,Lima,BBVA,Web Banking,Transferencia Mismo Banco,96.26,0,1,0.25,2024-02-11 04:34:58
2328,33,37184.16,5,Piura,BCP,Yape,Transferencia Interbancaria,520.51,0,1,0.0,2024-07-30 04:34:58
2329,20,33918.59,0,Lima,BCP,Yape,Retiro sin Tarjeta,479.06,0,1,0.3,2024-03-24 04:34:58
2330,42,21855.73,13,Cusco,BCP,Tunki,Transferencia Interbancaria,122.87,1,1,0.0,2024-08-04 04:34:58
2331,53,5028.49,8,Arequipa,Interbank,Banca Móvil Propia,Pago de Servicios,147.02,1,1,0.15,2023-12-12 04:34:58
2332,49,15980.69,9,Piura,BBVA,Tunki,Recarga de Celular,693.47,0,0,0.35,2024-09-27 04:34:58
2333,32,16107.53,11,Arequipa,BCP,Yape,Transferencia Interbancaria,427.67,0,1,0.0,2024-10-19 04:34:58
2334,52,13505.77,2,Lima,BBVA,Tunki,Pago de Préstamos,505.11,0,1,0.2,2024-03-19 04:34:58
2335,36,23414.75,9,Lima,Scotiabank,Plin,Transferencia Mismo Banco,1969.2,0,1,0.45,2024-06-22 04:34:58
2336,30,17863.56,0,Lima,BCP,Yape,Retiro sin Tarjeta,256.54,0,1,0.2,2024-08-20 04:34:58
2337,27,14584.2,0,Otros,Scotiabank,Plin,Pago de Préstamos,205.54,0,1,0.15,2024-07-10 04:34:58
2338,31,12972.67,7,Lima,BBVA,Plin,Recarga de Celular,577.05,1,1,0.25,2024-03-19 04:34:58
2339,30,15401.86,0,Lima,Pichincha,Plin,Retiro sin Tarjeta,1083.36,0,1,0.2,2024-03-04 04:34:58
2340,37,38590.04,22,Otros,BCP,Yape,Compras Online,80.53,1,1,0.2,2024-04-05 04:34:58
2341,36,15827.24,5,Piura,Pichincha,Web Banking,Pago de Préstamos,121.28,0,1,0.15,2024-01-19 04:34:58
2342,35,17026.58,7,Lima,Interbank,Web Banking,Pago de Tarjeta de Crédito,53.59,0,1,0.1,2024-03-09 04:34:58
2343,40,17529.69,1,Cusco,BBVA,Banca Móvil Propia,Pago de Préstamos,209.09,0,1,0.25,2024-03-11 04:34:58
2344,49,26094.94,5,Trujillo,BBVA,Web Banking,Recarga de Celular,361.14,0,1,0.35,2024-05-31 04:34:58
2345,46,27670.57,0,Lima,BCP,Web Banking,Compras Online,57.46,0,1,0.4,2024-11-26 04:34:58
2346,18,4806.25,9,Lima,BanBif,Plin,Pago de Tarjeta de Crédito,461.18,0,1,0.0,2024-09-18 04:34:58
2347,18,36710.48,0,Piura,Interbank,Tunki,Transferencia Interbancaria,94.32,0,1,0.0,2024-09-18 04:34:58
2348,46,45169.8,5,Lima,BCP,Web Banking,Pago de Servicios,86.94,0,0,0.25,2024-11-08 04:34:58
2349,18,13028.66,1,Cusco,BCP,Banca Móvil Propia,Pago de Tarjeta de Crédito,459.41,0,1,0.2,2024-03-13 04:34:58
2350,32,13546.06,0,Lima,BCP,Yape,Retiro sin Tarjeta,79.43,0,1,0.15,2024-09-20 04:34:58
2351,20,17586.26,3,Cusco,Interbank,Banca Móvil Propia,Transferencia Mismo Banco,36.47,1,0,0.15,2024-04-12 04:34:58
2352,18,15093.18,0,Arequipa,Interbank,Plin,Compras Online,312.2,0,0,0.1,2024-02-23 04:34:58
2353,41,24635.98,6,Lima,BBVA,Plin,Retiro sin Tarjeta,130.1,1,1,0.0,2024-04-09 04:34:58
2354,44,8322.66,1,Lima,BCP,Yape,Pago de Tarjeta de Crédito,491.79,0,1,0.45,2024-05-11 04:34:58
2355,28,12594.76,2,Otros,BBVA,Plin,Pago de Servicios,341.38,1,1,0.2,2024-05-17 04:34:58
2356,18,47552.93,4,Arequipa,BBVA,Yape,Pago de Tarjeta de Crédito,25.83,1,1,0.15,2024-10-14 04:34:58
2357,28,13847.92,1,Lima,BCP,QR,Transferencia Interbancaria,553.1,0,0,0.2,2024-11-28 04:34:58
2358,39,41015.86,2,Trujillo,BCP,Yape,Transferencia Mismo Banco,992.03,0,0,0.5,2024-09-02 04:34:58
2359,18,26309.07,8,Lima,BCP,Yape,Transferencia Mismo Banco,417.22,0,0,0.3,2024-06-17 04:34:58
2360,37,8913.89,0,Cusco,BanBif,Yape,Pago de Préstamos,434.35,0,1,0.1,2024-10-20 04:34:58
2361,34,30262.5,0,Piura,Interbank,Banca Móvil Propia,Transferencia Interbancaria,115.85,0,1,0.1,2024-08-12 04:34:58
2362,41,20767.95,1,Lima,Pichincha,Web Banking,Retiro sin Tarjeta,92.14,0,1,0.0,2024-01-13 04:34:58
2363,36,17540.48,2,Arequipa,BCP,Yape,Compras Online,183.54,0,1,0.3,2024-01-30 04:34:58
2364,23,24896.4,3,Piura,Scotiabank,Yape,Transferencia Mismo Banco,372.38,1,1,0.0,2024-06-05 04:34:58
2365,49,27926.09,2,Cusco,Interbank,Tunki,Retiro sin Tarjeta,363.12,0,0,0.0,2024-09-20 04:34:58
2366,33,31375.92,7,Lima,BBVA,Banca Móvil Propia,Retiro sin Tarjeta,95.8,0,1,0.2,2024-05-26 04:34:58
2367,34,39700.79,0,Lima,BCP,Yape,Transferencia Interbancaria,86.56,1,1,0.1,2024-10-12 04:34:58
2368,23,27012.85,2,Otros,Interbank,Plin,Pago de Servicios,33.44,0,1,0.0,2024-01-13 04:34:58
2369,29,11072.09,2,Lima,BanBif,Tunki,Pago de Préstamos,283.42,1,1,0.0,2024-06-06 04:34:58
2370,24,17381.77,5,Arequipa,BCP,Yape,Pago de Servicios,100.51,0,1,0.15,2024-09-16 04:34:58
2371,32,50000.0,16,Lima,BCP,QR,Retiro sin Tarjeta,109.83,0,1,0.3,2024-05-27 04:34:58
2372,55,31642.16,3,Lima,Interbank,Yape,Pago de Préstamos,835.37,0,1,0.35,2024-09-25 04:34:58
2373,18,50000.0,21,Lima,Pichincha,Plin,Transferencia Interbancaria,269.99,0,1,0.15,2024-07-22 04:34:58
2374,18,44254.71,1,Lima,Interbank,QR,Pago de Servicios,204.98,0,0,0.0,2024-08-29 04:34:58
2375,52,24857.16,0,Arequipa,BCP,Lukita,Pago de Tarjeta de Crédito,340.43,0,1,0.3,2024-04-16 04:34:58
2376,32,25609.11,0,Piura,BBVA,Yape,Retiro sin Tarjeta,614.38,0,1,0.25,2024-05-23 04:34:58
2377,26,21627.26,2,Trujillo,BBVA,Web Banking,Compras Online,29.44,0,1,0.1,2024-05-11 04:34:58
2378,47,9238.16,1,Arequipa,Scotiabank,Banca Móvil Propia,Transferencia Mismo Banco,84.3,1,1,0.0,2024-10-07 04:34:58
2379,27,22226.12,0,Lima,Scotiabank,Plin,Transferencia Mismo Banco,117.67,0,1,0.15,2024-12-01 04:34:58
2380,56,40349.62,2,Cusco,BBVA,Tunki,Pago de Tarjeta de Crédito,55.79,1,0,0.3,2024-02-11 04:34:58
2381,43,16320.54,2,Arequipa,BCP,Yape,Recarga de Celular,113.84,0,0,0.15,2024-06-19 04:34:58
2382,29,27064.45,0,Lima,BanBif,Yape,Recarga de Celular,31.46,1,1,0.15,2024-11-02 04:34:58
2383,60,33718.28,1,Trujillo,Interbank,Plin,Recarga de Celular,373.22,1,0,0.3,2024-08-14 04:34:58
2384,27,13976.88,10,Trujillo,Pichincha,Banca Móvil Propia,Pago de Servicios,88.46,0,0,0.2,2024-04-19 04:34:58
2385,43,17577.04,1,Trujillo,BBVA,Lukita,Pago de Préstamos,181.45,0,0,0.2,2024-11-07 04:34:58
2386,38,13240.61,6,Trujillo,Scotiabank,Plin,Pago de Tarjeta de Crédito,156.23,0,1,0.0,2024-01-12 04:34:58
2387,50,14602.05,4,Arequipa,Scotiabank,Plin,Compras Online,259.15,0,1,0.2,2024-05-06 04:34:58
2388,53,11570.31,2,Arequipa,BCP,Plin,Transferencia Mismo Banco,12.67,0,0,0.0,2024-05-29 04:34:58
2389,35,14041.55,1,Lima,Pichincha,Banca Móvil Propia,Transferencia Mismo Banco,232.82,0,0,0.0,2024-06-28 04:34:58
2390,25,44789.45,2,Cusco,BCP,Banca Móvil Propia,Compras Online,112.72,0,1,0.0,2024-01-02 04:34:58
2391,40,13936.43,4,Piura,Scotiabank,Plin,Pago de Servicios,222.93,1,0,0.0,2024-02-22 04:34:58
2392,26,23464.16,2,Piura,Pichincha,Banca Móvil Propia,Transferencia Mismo Banco,45.63,0,0,0.15,2024-04-16 04:34:58
2393,59,17129.64,1,Trujillo,BCP,Yape,Transferencia Mismo Banco,224.45,0,0,0.2,2024-07-22 04:34:58
2394,36,39712.96,0,Trujillo,Interbank,Lukita,Retiro sin Tarjeta,543.76,0,0,0.0,2024-11-17 04:34:58
2395,30,42428.74,10,Arequipa,BBVA,Plin,Compras Online,179.43,0,1,0.0,2024-05-15 04:34:58
2396,37,33929.33,2,Lima,Scotiabank,Plin,Transferencia Mismo Banco,72.44,0,1,0.15,2024-09-21 04:34:58
2397,18,25669.72,4,Cusco,Scotiabank,Tunki,Compras Online,75.68,1,1,0.25,2024-04-27 04:34:58
2398,23,19623.25,3,Lima,Interbank,QR,Retiro sin Tarjeta,264.08,0,0,0.45,2024-04-24 04:34:58
2399,49,12137.59,10,Lima,Scotiabank,Banca Móvil Propia,Recarga de Celular,262.34,1,1,0.2,2024-09-15 04:34:58
2400,27,50000.0,3,Piura,BCP,Web Banking,Transferencia Interbancaria,211.99,0,1,0.3,2024-04-08 04:34:58
2401,22,15065.51,3,Lima,BCP,Yape,Retiro sin Tarjeta,142.95,0,1,0.0,2024-03-07 04:34:58
2402,41,30694.02,12,Piura,BBVA,Tunki,Pago de Préstamos,181.81,0,1,0.2,2024-10-12 04:34:58
2403,49,37413.35,6,Cusco,Interbank,Tunki,Pago de Tarjeta de Crédito,139.09,0,0,0.15,2024-10-06 04:34:58
2404,43,16686.57,0,Trujillo,BCP,Banca Móvil Propia,Transferencia Mismo Banco,101.4,0,1,0.25,2023-12-28 04:34:58
2405,46,37012.33,0,Trujillo,Interbank,QR,Compras Online,316.55,0,0,0.15,2024-03-22 04:34:58
2406,25,32276.88,7,Lima,BBVA,Lukita,Recarga de Celular,202.37,1,1,0.35,2024-07-05 04:34:58
2407,18,50000.0,9,Lima,Scotiabank,Banca Móvil Propia,Transferencia Interbancaria,539.45,1,1,0.1,2024-07-13 04:34:58
2408,53,17419.17,3,Trujillo,BCP,Banca Móvil Propia,Transferencia Interbancaria,453.44,0,1,0.2,2024-06-19 04:34:58
2409,31,11580.38,4,Lima,Interbank,Web Banking,Compras Online,195.88,0,1,0.15,2024-03-02 04:34:58
2410,31,17107.21,4,Lima,Interbank,Plin,Recarga de Celular,269.18,0,0,0.2,2024-07-31 04:34:58
2411,50,24451.01,2,Lima,BanBif,QR,Recarga de Celular,56.99,1,0,0.2,2023-12-14 04:34:58
2412,41,22677.0,5,Lima,Interbank,Web Banking,Transferencia Interbancaria,137.33,1,1,0.35,2024-11-09 04:34:58
2413,40,18093.01,0,Lima,Scotiabank,Tunki,Compras Online,209.07,1,0,0.35,2024-11-03 04:34:58
2414,60,8479.45,16,Otros,BanBif,Lukita,Transferencia Interbancaria,30.49,0,0,0.4,2024-02-22 04:34:58
2415,27,27868.2,6,Trujillo,Interbank,Plin,Transferencia Mismo Banco,228.02,0,1,0.2,2024-08-31 04:34:58
2416,46,50000.0,4,Lima,BCP,Yape,Pago de Tarjeta de Crédito,56.87,1,0,0.0,2024-06-20 04:34:58
2417,35,27781.5,1,Lima,Scotiabank,Banca Móvil Propia,Retiro sin Tarjeta,63.46,0,1,0.15,2024-12-04 04:34:58
2418,38,29868.74,0,Cusco,Interbank,Yape,Retiro sin Tarjeta,87.4,1,1,0.35,2023-12-17 04:34:58
2419,53,29325.79,2,Lima,BBVA,Tunki,Transferencia Interbancaria,143.95,0,1,0.1,2024-11-21 04:34:58
2420,41,26863.49,5,Trujillo,Interbank,QR,Transferencia Interbancaria,39.33,0,0,0.0,2024-10-23 04:34:58
2421,41,35095.67,5,Cusco,Scotiabank,Yape,Pago de Préstamos,349.55,0,1,0.2,2024-03-04 04:34:58
2422,47,26841.03,2,Trujillo,Pichincha,Yape,Pago de Tarjeta de Crédito,177.22,1,1,0.35,2024-01-14 04:34:58
2423,30,18838.57,4,Trujillo,Pichincha,Banca Móvil Propia,Pago de Tarjeta de Crédito,1017.37,1,0,0.3,2024-03-29 04:34:58
2424,24,14794.42,8,Arequipa,BCP,Yape,Pago de Servicios,200.35,0,0,0.0,2024-09-16 04:34:58
2425,22,19448.27,0,Lima,BBVA,Plin,Compras Online,262.65,0,1,0.1,2024-06-26 04:34:58
2426,18,25772.54,2,Piura,BCP,Plin,Transferencia Interbancaria,63.19,1,1,0.2,2024-01-05 04:34:58
2427,59,18806.51,7,Lima,BCP,Yape,Retiro sin Tarjeta,45.52,1,1,0.1,2024-10-20 04:34:58
2428,21,25775.23,3,Piura,Scotiabank,Yape,Compras Online,275.66,1,1,0.15,2024-07-24 04:34:58
2429,32,27435.01,5,Trujillo,BBVA,QR,Transferencia Mismo Banco,49.74,1,1,0.0,2024-03-30 04:34:58
2430,31,33409.3,3,Trujillo,Interbank,Plin,Pago de Servicios,281.98,1,1,0.15,2024-03-21 04:34:58
2431,38,41831.19,24,Arequipa,Interbank,Tunki,Retiro sin Tarjeta,817.72,0,1,0.2,2024-07-08 04:34:58
2432,44,22902.55,0,Piura,Scotiabank,Web Banking,Transferencia Mismo Banco,382.13,0,1,0.15,2023-12-10 04:34:58
2433,45,11454.2,3,Cusco,BCP,Lukita,Pago de Tarjeta de Crédito,262.55,0,1,0.15,2024-05-29 04:34:58
2434,28,18535.59,0,Lima,BCP,Yape,Pago de Tarjeta de Crédito,194.32,1,1,0.1,2024-06-29 04:34:58
2435,32,22517.12,0,Lima,BBVA,Banca Móvil Propia,Pago de Servicios,101.09,1,0,0.15,2024-08-23 04:34:58
2436,38,8796.56,2,Lima,BBVA,Banca Móvil Propia,Pago de Servicios,132.35,1,1,0.0,2024-01-06 04:34:58
2437,32,44105.17,0,Lima,Pichincha,Banca Móvil Propia,Pago de Servicios,84.32,0,0,0.2,2024-02-23 04:34:58
2438,54,23651.67,16,Trujillo,Scotiabank,QR,Pago de Servicios,39.83,0,0,0.0,2024-10-26 04:34:58
2439,40,26653.52,14,Piura,BBVA,Tunki,Pago de Servicios,153.77,1,0,0.15,2023-12-22 04:34:58
2440,43,43597.86,2,Piura,Scotiabank,Yape,Pago de Servicios,449.39,1,1,0.15,2024-04-21 04:34:58
2441,42,16073.52,5,Lima,BCP,Plin,Recarga de Celular,40.9,1,1,0.1,2024-10-09 04:34:58
2442,49,29349.21,3,Piura,Scotiabank,Banca Móvil Propia,Pago de Tarjeta de Crédito,600.94,1,1,0.35,2024-01-04 04:34:58
2443,37,20849.14,8,Lima,BCP,Banca Móvil Propia,Transferencia Mismo Banco,501.29,1,0,0.0,2024-05-12 04:34:58
2444,19,20089.58,4,Lima,Scotiabank,Yape,Compras Online,220.74,0,0,0.35,2023-12-28 04:34:58
2445,39,14971.5,0,Lima,BBVA,Yape,Retiro sin Tarjeta,222.53,0,1,0.15,2024-05-12 04:34:58
2446,27,50000.0,7,Trujillo,BCP,Web Banking,Compras Online,123.19,0,0,0.15,2024-08-16 04:34:58
2447,28,18256.02,6,Lima,BCP,Yape,Transferencia Interbancaria,154.78,1,1,0.1,2024-09-27 04:34:58
2448,42,31248.67,3,Arequipa,BBVA,Plin,Retiro sin Tarjeta,93.36,0,1,0.15,2024-11-09 04:34:58
2449,49,8625.66,11,Lima,Interbank,QR,Recarga de Celular,153.18,0,0,0.15,2024-07-29 04:34:58
2450,35,39735.26,11,Trujillo,BCP,Plin,Recarga de Celular,170.69,0,1,0.0,2024-11-19 04:34:58
2451,38,37276.02,3,Lima,Interbank,Yape,Pago de Préstamos,973.84,0,0,0.1,2024-11-04 04:34:58
2452,55,23126.1,4,Piura,Interbank,Tunki,Compras Online,261.29,0,0,0.0,2024-05-30 04:34:58
2453,37,19663.68,28,Trujillo,Interbank,Banca Móvil Propia,Pago de Servicios,120.37,1,1,0.0,2024-03-11 04:34:58
2454,66,26903.19,1,Arequipa,Scotiabank,Tunki,Compras Online,134.44,1,1,0.25,2024-08-13 04:34:58
2455,41,50000.0,1,Lima,BCP,QR,Recarga de Celular,72.73,1,0,0.0,2024-09-17 04:34:58
2456,18,9121.43,1,Arequipa,BBVA,Plin,Retiro sin Tarjeta,85.76,0,1,0.15,2023-12-14 04:34:58
2457,44,32565.66,11,Lima,BanBif,Banca Móvil Propia,Recarga de Celular,368.96,0,1,0.2,2024-04-07 04:34:58
2458,39,13963.35,6,Cusco,Interbank,Yape,Retiro sin Tarjeta,90.56,1,1,0.15,2024-02-22 04:34:58
2459,50,21808.19,0,Arequipa,Interbank,Plin,Pago de Servicios,80.04,0,1,0.2,2024-05-27 04:34:58
2460,43,19458.9,20,Lima,Interbank,Lukita,Compras Online,82.06,1,1,0.0,2024-10-08 04:34:58
2461,33,17780.2,6,Lima,BCP,Yape,Pago de Servicios,71.58,0,1,0.4,2024-06-23 04:34:58
2462,20,21911.51,9,Piura,Interbank,Banca Móvil Propia,Compras Online,458.14,0,1,0.15,2024-09-07 04:34:58
2463,32,12492.88,0,Lima,BanBif,Yape,Recarga de Celular,171.18,1,1,0.3,2024-12-04 04:34:58
2464,24,36849.24,3,Lima,BCP,Yape,Pago de Tarjeta de Crédito,111.91,0,1,0.0,2024-11-07 04:34:58
2465,28,8981.55,5,Lima,Scotiabank,Banca Móvil Propia,Compras Online,152.82,1,1,0.0,2024-09-04 04:34:58
2466,42,28850.49,3,Lima,BCP,Banca Móvil Propia,Transferencia Interbancaria,184.43,0,1,0.15,2024-08-04 04:34:58
2467,55,18708.48,5,Piura,BBVA,Yape,Pago de Servicios,70.3,0,0,0.0,2024-09-29 04:34:58
2468,39,12265.4,8,Lima,Scotiabank,Web Banking,Transferencia Mismo Banco,36.98,1,1,0.1,2024-10-10 04:34:58
2469,20,24372.04,2,Lima,Scotiabank,Plin,Transferencia Mismo Banco,565.95,0,1,0.3,2024-08-08 04:34:58
2470,40,10112.47,9,Lima,Scotiabank,Yape,Pago de Préstamos,398.63,1,1,0.2,2024-04-12 04:34:58
2471,49,22468.21,0,Arequipa,BanBif,Plin,Pago de Servicios,216.55,0,1,0.0,2024-09-21 04:34:58
2472,27,10813.62,1,Piura,BBVA,Plin,Pago de Tarjeta de Crédito,372.11,0,1,0.0,2024-01-25 04:34:58
2473,33,27740.15,0,Lima,Interbank,Yape,Compras Online,1006.63,0,0,0.3,2024-07-03 04:34:58
2474,35,13874.69,2,Piura,BBVA,Lukita,Pago de Tarjeta de Crédito,86.89,0,1,0.1,2024-03-24 04:34:58
2475,25,17579.75,2,Lima,BBVA,Tunki,Recarga de Celular,48.42,0,0,0.15,2024-02-11 04:34:58
2476,42,25513.8,8,Lima,BBVA,Plin,Pago de Servicios,287.58,0,1,0.5,2024-10-02 04:34:58
2477,33,14968.88,5,Lima,Interbank,Web Banking,Compras Online,34.23,0,0,0.1,2024-05-14 04:34:58
2478,40,21397.26,2,Lima,BBVA,Plin,Recarga de Celular,154.16,1,1,0.1,2024-05-10 04:34:58
2479,24,10332.86,5,Lima,Scotiabank,Yape,Compras Online,110.12,0,1,0.5,2024-11-14 04:34:58
2480,29,30195.19,0,Piura,Interbank,Plin,Retiro sin Tarjeta,291.16,0,1,0.0,2024-01-06 04:34:58
2481,43,50000.0,0,Lima,BCP,Yape,Compras Online,91.63,1,0,0.35,2024-03-25 04:34:58
2482,30,50000.0,4,Otros,Interbank,Tunki,Transferencia Interbancaria,492.64,0,1,0.6,2024-05-21 04:34:58
2483,55,23053.76,5,Lima,BBVA,Plin,Compras Online,70.32,1,1,0.15,2023-12-19 04:34:58
2484,30,32666.39,7,Lima,BBVA,Banca Móvil Propia,Compras Online,300.61,1,1,0.35,2024-04-14 04:34:58
2485,37,9042.47,2,Trujillo,Scotiabank,Banca Móvil Propia,Transferencia Interbancaria,76.22,0,1,0.15,2024-01-24 04:34:58
2486,46,46693.82,6,Trujillo,BBVA,Lukita,Compras Online,256.84,0,1,0.2,2023-12-17 04:34:58
2487,18,32471.38,5,Lima,Scotiabank,Lukita,Compras Online,53.8,0,1,0.0,2023-12-26 04:34:58
2488,18,17292.59,16,Lima,Interbank,Plin,Retiro sin Tarjeta,144.88,0,1,0.15,2024-08-14 04:34:58
2489,18,40887.94,1,Cusco,BBVA,Yape,Retiro sin Tarjeta,556.74,0,1,0.45,2024-11-07 04:34:58
2490,50,19394.83,4,Trujillo,Scotiabank,Banca Móvil Propia,Retiro sin Tarjeta,166.5,0,1,0.45,2024-06-29 04:34:58
2491,28,17518.06,4,Otros,BCP,Yape,Transferencia Interbancaria,484.48,0,1,0.15,2024-05-15 04:34:58
2492,65,27935.89,30,Arequipa,BCP,Yape,Compras Online,144.56,0,0,0.1,2023-12-12 04:34:58
2493,28,12943.16,1,Lima,BCP,Plin,Compras Online,89.56,0,0,0.15,2024-10-22 04:34:58
2494,37,36710.29,3,Arequipa,BBVA,Plin,Pago de Servicios,176.26,0,1,0.15,2024-11-07 04:34:58
2495,53,12990.91,2,Trujillo,BCP,Banca Móvil Propia,Compras Online,275.45,0,1,0.0,2024-10-28 04:34:58
2496,59,13029.52,3,Lima,Pichincha,Plin,Transferencia Mismo Banco,22.08,0,1,0.0,2024-07-01 04:34:58
2497,59,13976.81,1,Trujillo,BBVA,Web Banking,Pago de Tarjeta de Crédito,250.21,1,1,0.35,2024-05-30 04:34:58
2498,49,32200.91,0,Lima,Interbank,QR,Pago de Tarjeta de Crédito,57.98,0,1,0.15,2024-04-20 04:34:58
2499,47,16181.31,4,Trujillo,BCP,Yape,Recarga de Celular,45.22,0,1,0.15,2024-09-28 04:34:58
2500,42,11226.16,2,Otros,BCP,Plin,Transferencia Mismo Banco,254.32,0,1,0.0,2024-08-14 04:34:58
2501,44,16271.33,1,Cusco,BCP,Tunki,Recarga de Celular,565.95,0,1,0.1,2024-04-24 04:34:58
2502,28,21676.39,1,Piura,Interbank,Banca Móvil Propia,Transferencia Interbancaria,184.27,0,1,0.0,2024-05-15 04:34:58
2503,25,12203.94,0,Piura,BBVA,Tunki,Compras Online,38.27,0,0,0.0,2024-02-19 04:34:58
2504,34,12383.99,15,Arequipa,BBVA,Tunki,Pago de Servicios,75.9,0,1,0.35,2024-01-11 04:34:58
2505,32,50000.0,4,Lima,BBVA,Plin,Compras Online,97.68,1,1,0.15,2024-04-11 04:34:58
2506,29,14324.37,8,Otros,Scotiabank,Plin,Transferencia Mismo Banco,180.57,0,1,0.2,2024-02-16 04:34:58
2507,43,18741.19,2,Trujillo,BCP,QR,Retiro sin Tarjeta,138.12,0,1,0.15,2024-09-22 04:34:58
2508,46,18331.6,11,Lima,Scotiabank,Plin,Retiro sin Tarjeta,243.53,0,1,0.0,2024-11-15 04:34:58
2509,36,17842.2,3,Lima,BBVA,Yape,Retiro sin Tarjeta,403.42,1,1,0.15,2024-04-06 04:34:58
2510,52,30051.67,4,Trujillo,Interbank,Yape,Pago de Préstamos,209.5,0,1,0.0,2024-09-01 04:34:58
2511,21,35386.0,3,Lima,BCP,QR,Pago de Préstamos,364.34,0,1,0.0,2024-11-13 04:34:58
2512,32,18902.0,6,Lima,BBVA,Banca Móvil Propia,Pago de Préstamos,113.33,0,0,0.1,2024-06-20 04:34:58
2513,26,11869.9,4,Lima,BCP,Banca Móvil Propia,Pago de Tarjeta de Crédito,4007.43,0,0,0.0,2024-05-02 04:34:58
2514,18,41656.81,1,Lima,Pichincha,QR,Transferencia Mismo Banco,258.06,0,0,0.35,2024-09-17 04:34:58
2515,34,21001.09,0,Arequipa,BBVA,Lukita,Pago de Préstamos,294.14,1,1,0.35,2024-01-04 04:34:58
2516,33,50000.0,4,Lima,Pichincha,Banca Móvil Propia,Compras Online,860.64,0,1,0.4,2024-06-12 04:34:58
2517,53,7166.75,3,Arequipa,BBVA,Plin,Pago de Préstamos,162.09,0,1,0.15,2024-03-25 04:34:58
2518,42,24287.12,0,Lima,BCP,Yape,Pago de Servicios,77.83,1,0,0.0,2024-07-08 04:34:58
2519,22,50000.0,2,Otros,BBVA,Banca Móvil Propia,Pago de Servicios,548.09,0,1,0.3,2024-02-15 04:34:58
2520,57,18460.12,3,Lima,BCP,Yape,Retiro sin Tarjeta,581.23,0,0,0.2,2024-06-05 04:34:58
2521,49,19677.94,8,Piura,BanBif,Banca Móvil Propia,Transferencia Mismo Banco,173.04,1,0,0.25,2024-07-24 04:34:58
2522,41,25533.74,0,Lima,Scotiabank,Tunki,Retiro sin Tarjeta,862.32,0,1,0.3,2024-11-22 04:34:58
2523,32,16657.27,2,Arequipa,Interbank,Banca Móvil Propia,Recarga de Celular,136.55,0,1,0.0,2024-03-21 04:34:58
2524,23,18844.27,8,Lima,Interbank,Yape,Recarga de Celular,377.01,0,0,0.0,2024-03-28 04:34:58
2525,30,18603.27,5,Lima,BBVA,Yape,Transferencia Mismo Banco,675.55,0,1,0.0,2024-06-09 04:34:58
2526,48,16095.41,1,Lima,Pichincha,Lukita,Recarga de Celular,163.75,0,0,0.3,2023-12-25 04:34:58
2527,57,40718.11,9,Otros,BCP,Yape,Transferencia Interbancaria,234.35,0,1,0.2,2024-09-01 04:34:58
2528,53,27737.46,3,Lima,Scotiabank,Banca Móvil Propia,Transferencia Interbancaria,414.06,0,0,0.0,2024-02-16 04:34:58
2529,29,24967.1,3,Lima,BBVA,Banca Móvil Propia,Transferencia Interbancaria,102.91,0,0,0.15,2024-08-02 04:34:58
2530,21,33000.75,18,Trujillo,Pichincha,Web Banking,Recarga de Celular,65.75,0,1,0.15,2023-12-17 04:34:58
2531,36,19299.26,14,Lima,Scotiabank,QR,Pago de Servicios,562.83,0,0,0.2,2024-09-28 04:34:58
2532,18,14956.45,2,Trujillo,Pichincha,Tunki,Transferencia Interbancaria,201.7,0,0,0.4,2024-06-27 04:34:58
2533,38,16296.21,0,Lima,BBVA,Banca Móvil Propia,Retiro sin Tarjeta,89.52,1,0,0.0,2024-05-06 04:34:58
2534,33,22046.11,1,Arequipa,BCP,Yape,Pago de Préstamos,163.06,1,0,0.15,2024-09-26 04:34:58
2535,29,12970.0,0,Lima,BBVA,Plin,Pago de Servicios,246.79,0,1,0.0,2024-01-28 04:34:58
2536,18,17151.99,0,Cusco,Interbank,Lukita,Transferencia Mismo Banco,30.9,0,0,0.0,2024-05-16 04:34:58
2537,41,17016.55,2,Lima,Scotiabank,Banca Móvil Propia,Recarga de Celular,303.69,0,1,0.35,2024-03-26 04:34:58
2538,28,50000.0,14,Trujillo,BCP,Plin,Retiro sin Tarjeta,223.28,0,1,0.0,2024-02-25 04:34:58
2539,20,5503.24,10,Lima,BBVA,Plin,Transferencia Mismo Banco,776.73,1,1,0.0,2024-05-13 04:34:58
2540,18,20134.5,3,Lima,BCP,Lukita,Recarga de Celular,119.22,0,1,0.1,2024-01-08 04:34:58
2541,34,50000.0,4,Arequipa,Scotiabank,Plin,Pago de Tarjeta de Crédito,588.23,0,0,0.2,2024-08-20 04:34:58
2542,56,23410.09,0,Piura,BCP,Lukita,Recarga de Celular,141.93,0,1,0.0,2024-07-04 04:34:58
2543,54,32103.13,1,Arequipa,Interbank,Banca Móvil Propia,Retiro sin Tarjeta,170.57,0,1,0.2,2024-02-06 04:34:58
2544,29,23153.78,0,Lima,BCP,Yape,Pago de Tarjeta de Crédito,196.56,1,1,0.2,2024-07-18 04:34:58
2545,27,15777.39,7,Lima,BBVA,Yape,Recarga de Celular,1203.82,1,1,0.4,2024-02-17 04:34:58
2546,40,7179.91,0,Cusco,BanBif,Plin,Recarga de Celular,42.97,0,1,0.15,2024-03-12 04:34:58
2547,23,24409.5,10,Arequipa,BCP,QR,Compras Online,243.49,0,1,0.0,2024-04-28 04:34:58
2548,38,14945.97,5,Lima,BCP,Lukita,Pago de Préstamos,154.82,0,0,0.2,2024-08-22 04:34:58
2549,44,14762.31,1,Cusco,BCP,Tunki,Recarga de Celular,144.24,0,0,0.1,2024-07-15 04:34:58
2550,49,17162.92,0,Lima,BBVA,Tunki,Pago de Servicios,265.87,0,0,0.15,2024-01-10 04:34:58
2551,33,50000.0,4,Lima,Interbank,Banca Móvil Propia,Transferencia Interbancaria,448.54,1,0,0.3,2024-03-26 04:34:58
2552,32,50000.0,11,Lima,BCP,Plin,Pago de Tarjeta de Crédito,252.56,0,0,0.15,2024-07-14 04:34:58
2553,24,24553.36,6,Otros,Interbank,Banca Móvil Propia,Retiro sin Tarjeta,510.41,0,1,0.2,2024-10-31 04:34:58
2554,25,17459.1,2,Trujillo,BCP,Yape,Pago de Servicios,115.47,0,0,0.25,2024-04-11 04:34:58
2555,32,12226.82,4,Lima,Scotiabank,QR,Retiro sin Tarjeta,141.38,0,1,0.15,2024-08-11 04:34:58
2556,39,27841.14,1,Arequipa,Scotiabank,Lukita,Pago de Servicios,54.55,0,1,0.1,2024-11-13 04:34:58
2557,45,50000.0,30,Cusco,Pichincha,Plin,Pago de Préstamos,1078.05,0,1,0.3,2024-09-20 04:34:58
2558,25,19464.15,6,Piura,BanBif,QR,Recarga de Celular,123.14,0,1,0.1,2024-11-01 04:34:58
2559,52,6704.28,4,Arequipa,BBVA,Tunki,Pago de Préstamos,110.25,0,0,0.25,2024-04-11 04:34:58
2560,31,30792.45,2,Piura,BBVA,Plin,Compras Online,272.23,0,1,0.0,2024-06-19 04:34:58
2561,34,36051.36,4,Lima,Interbank,Yape,Pago de Tarjeta de Crédito,449.03,0,1,0.3,2024-09-18 04:34:58
2562,26,9967.42,2,Piura,BCP,Banca Móvil Propia,Recarga de Celular,74.29,1,0,0.15,2024-03-13 04:34:58
2563,18,24058.46,0,Lima,BCP,QR,Compras Online,486.23,1,1,0.0,2024-07-22 04:34:58
2564,45,27601.16,2,Trujillo,BCP,Lukita,Compras Online,109.58,1,1,0.0,2023-12-17 04:34:58
2565,43,21235.86,13,Lima,BBVA,Banca Móvil Propia,Compras Online,620.56,0,0,0.15,2024-03-13 04:34:58
2566,31,14833.07,4,Trujillo,BBVA,Yape,Pago de Tarjeta de Crédito,86.41,0,1,0.0,2024-03-18 04:34:58
2567,35,36606.04,0,Trujillo,BCP,Yape,Pago de Tarjeta de Crédito,309.65,1,0,0.15,2024-06-22 04:34:58
2568,41,18003.3,10,Arequipa,BCP,Yape,Pago de Tarjeta de Crédito,154.89,0,1,0.0,2024-03-25 04:34:58
2569,18,10481.92,1,Piura,Interbank,QR,Pago de Préstamos,48.12,0,1,0.15,2024-01-26 04:34:58
2570,28,7905.09,1,Cusco,BCP,Web Banking,Pago de Servicios,36.02,1,0,0.35,2024-11-20 04:34:58
2571,44,41374.7,1,Otros,Pichincha,Plin,Compras Online,70.6,0,0,0.1,2024-06-12 04:34:58
2572,19,29981.39,4,Lima,BCP,Banca Móvil Propia,Recarga de Celular,400.44,1,1,0.0,2024-08-29 04:34:58
2573,38,23016.96,3,Arequipa,Interbank,Banca Móvil Propia,Pago de Préstamos,21.26,1,1,0.1,2024-06-18 04:34:58
2574,18,17674.23,3,Trujillo,BBVA,Yape,Compras Online,207.25,0,1,0.0,2024-10-08 04:34:58
2575,40,16907.3,6,Piura,BCP,Plin,Pago de Tarjeta de Crédito,189.97,0,1,0.0,2024-07-13 04:34:58
2576,34,12863.28,1,Piura,BBVA,Lukita,Transferencia Interbancaria,27.6,1,1,0.2,2024-01-03 04:34:58
2577,18,17752.33,7,Arequipa,BBVA,Plin,Compras Online,66.89,0,1,0.3,2024-09-27 04:34:58
2578,48,7630.86,0,Arequipa,Scotiabank,QR,Retiro sin Tarjeta,66.77,0,1,0.1,2024-03-26 04:34:58
2579,26,15244.41,7,Lima,Interbank,Plin,Pago de Tarjeta de Crédito,156.44,0,0,0.15,2024-08-10 04:34:58
2580,25,18854.96,5,Piura,BCP,Yape,Recarga de Celular,643.12,0,1,0.45,2024-02-21 04:34:58
2581,37,29879.86,5,Lima,BCP,Yape,Pago de Tarjeta de Crédito,434.83,0,1,0.45,2024-10-22 04:34:58
2582,48,21591.11,3,Trujillo,BCP,Lukita,Pago de Tarjeta de Crédito,103.51,0,1,0.3,2024-11-01 04:34:58
2583,22,32776.32,5,Trujillo,BCP,Plin,Transferencia Mismo Banco,64.75,0,1,0.0,2024-05-03 04:34:58
2584,35,43242.0,0,Lima,BBVA,Lukita,Pago de Servicios,31.24,0,1,0.15,2024-02-09 04:34:58
2585,40,37387.25,9,Piura,Pichincha,Banca Móvil Propia,Compras Online,101.64,0,1,0.0,2024-10-27 04:34:58
2586,43,27868.57,0,Arequipa,BBVA,Tunki,Pago de Tarjeta de Crédito,60.41,1,0,0.15,2024-05-29 04:34:58
2587,37,22157.5,0,Piura,Interbank,QR,Pago de Servicios,143.14,0,1,0.1,2024-05-01 04:34:58
2588,30,13488.68,4,Lima,Interbank,Tunki,Compras Online,148.67,0,0,0.0,2024-10-19 04:34:58
2589,25,31887.58,6,Lima,Scotiabank,QR,Pago de Tarjeta de Crédito,92.24,0,1,0.3,2024-10-08 04:34:58
2590,36,50000.0,0,Arequipa,BCP,Yape,Recarga de Celular,94.19,0,0,0.1,2024-11-13 04:34:58
2591,22,26135.58,12,Arequipa,Scotiabank,Banca Móvil Propia,Pago de Préstamos,74.16,0,0,0.45,2024-05-15 04:34:58
2592,18,50000.0,18,Lima,Scotiabank,Lukita,Pago de Préstamos,88.9,0,1,0.0,2024-07-07 04:34:58
2593,40,10272.38,4,Trujillo,BCP,QR,Compras Online,623.85,1,1,0.0,2024-05-21 04:34:58
2594,45,12368.63,3,Otros,BCP,Yape,Compras Online,249.09,0,1,0.0,2024-10-06 04:34:58
2595,18,33779.21,6,Lima,Pichincha,Banca Móvil Propia,Pago de Servicios,252.48,0,1,0.0,2023-12-09 04:34:58
2596,22,25138.23,1,Trujillo,Scotiabank,Tunki,Transferencia Mismo Banco,408.28,0,1,0.0,2024-03-30 04:34:58
2597,42,42484.35,3,Cusco,BCP,Yape,Pago de Servicios,373.73,0,1,0.2,2024-03-07 04:34:58
2598,59,21856.73,12,Lima,BBVA,Yape,Transferencia Mismo Banco,616.94,0,1,0.15,2023-12-11 04:34:58
2599,35,14271.39,15,Lima,BBVA,Yape,Pago de Servicios,267.31,0,1,0.0,2024-02-24 04:34:58
2600,26,19795.37,13,Piura,BBVA,Lukita,Pago de Servicios,182.21,0,1,0.1,2024-09-30 04:34:58
2601,32,10235.92,1,Lima,BBVA,Banca Móvil Propia,Transferencia Mismo Banco,82.21,0,1,0.0,2024-11-05 04:34:58
2602,51,12527.79,1,Lima,BCP,Yape,Retiro sin Tarjeta,65.1,1,1,0.1,2024-06-22 04:34:58
2603,27,35818.58,1,Arequipa,Interbank,QR,Pago de Tarjeta de Crédito,358.62,0,1,0.4,2024-11-27 04:34:58
2604,25,34077.54,2,Arequipa,Scotiabank,Yape,Transferencia Interbancaria,132.81,1,1,0.3,2024-02-02 04:34:58
2605,29,26410.11,1,Trujillo,Scotiabank,Banca Móvil Propia,Pago de Tarjeta de Crédito,38.1,0,1,0.15,2024-06-14 04:34:58
2606,23,9315.74,2,Lima,BCP,QR,Pago de Préstamos,18.3,0,0,0.15,2024-10-10 04:34:58
2607,36,18412.74,4,Piura,Scotiabank,QR,Transferencia Mismo Banco,1271.09,0,1,0.35,2024-10-01 04:34:58
2608,54,11938.22,7,Lima,BCP,Yape,Transferencia Interbancaria,55.37,0,1,0.25,2024-07-25 04:34:58
2609,38,39666.67,6,Trujillo,BBVA,Banca Móvil Propia,Pago de Préstamos,74.72,0,1,0.0,2024-11-23 04:34:58
2610,31,16450.96,8,Trujillo,BanBif,Tunki,Pago de Tarjeta de Crédito,506.78,0,1,0.0,2024-07-03 04:34:58
2611,31,12799.05,0,Trujillo,BBVA,Lukita,Pago de Tarjeta de Crédito,44.32,1,1,0.1,2024-07-03 04:34:58
2612,18,22357.07,0,Trujillo,BCP,Plin,Pago de Servicios,252.5,0,0,0.3,2024-09-05 04:34:58
2613,45,15993.26,7,Arequipa,BCP,Banca Móvil Propia,Retiro sin Tarjeta,917.8,0,1,0.45,2024-07-17 04:34:58
2614,34,46252.55,3,Piura,BBVA,Yape,Transferencia Mismo Banco,1228.85,0,1,0.1,2024-10-29 04:34:58
2615,32,15253.96,4,Arequipa,Scotiabank,Banca Móvil Propia,Retiro sin Tarjeta,94.87,0,1,0.1,2024-08-19 04:34:58
2616,73,10942.24,0,Cusco,Pichincha,Banca Móvil Propia,Transferencia Mismo Banco,146.64,0,1,0.1,2024-06-11 04:34:58
2617,38,7506.64,1,Lima,Scotiabank,Banca Móvil Propia,Pago de Tarjeta de Crédito,99.84,0,1,0.0,2024-06-14 04:34:58
2618,25,21690.0,5,Cusco,Scotiabank,Banca Móvil Propia,Compras Online,145.77,0,1,0.15,2024-05-27 04:34:58
2619,29,16631.19,9,Trujillo,Interbank,Web Banking,Recarga de Celular,543.63,1,0,0.0,2024-08-26 04:34:58
2620,48,10781.08,12,Piura,Scotiabank,QR,Transferencia Mismo Banco,36.62,1,1,0.0,2024-01-21 04:34:58
2621,36,39919.22,3,Trujillo,BCP,Yape,Compras Online,283.71,0,1,0.35,2024-05-25 04:34:58
2622,18,30749.3,3,Lima,BanBif,QR,Transferencia Interbancaria,122.06,0,1,0.15,2023-12-15 04:34:58
2623,46,21717.88,8,Lima,BBVA,Yape,Recarga de Celular,583.18,0,1,0.2,2024-02-12 04:34:58
2624,26,43571.7,3,Trujillo,BanBif,Banca Móvil Propia,Pago de Servicios,553.03,0,1,0.45,2024-08-03 04:34:58
2625,57,30676.99,3,Lima,BCP,QR,Compras Online,98.78,0,1,0.25,2024-02-24 04:34:58
2626,47,14597.01,11,Piura,Interbank,Yape,Pago de Tarjeta de Crédito,132.85,0,0,0.15,2024-09-17 04:34:58
2627,29,13100.29,7,Otros,Interbank,QR,Pago de Préstamos,362.41,0,0,0.35,2024-07-15 04:34:58
2628,50,33156.39,11,Otros,Pichincha,QR,Transferencia Mismo Banco,396.76,0,1,0.0,2024-01-29 04:34:58
2629,35,26854.36,1,Lima,Scotiabank,Banca Móvil Propia,Compras Online,12.52,0,0,0.1,2024-04-28 04:34:58
2630,45,23977.57,3,Arequipa,BBVA,Plin,Pago de Tarjeta de Crédito,361.24,1,1,0.45,2024-02-19 04:34:58
2631,40,14425.48,9,Otros,BBVA,Plin,Compras Online,770.07,1,1,0.3,2024-09-11 04:34:58
2632,24,29851.0,0,Lima,BBVA,Web Banking,Transferencia Interbancaria,191.64,0,1,0.0,2024-08-22 04:34:58
2633,27,15096.99,7,Lima,BCP,Yape,Pago de Préstamos,383.82,0,1,0.0,2024-05-09 04:34:58
2634,47,20931.42,1,Arequipa,BCP,Tunki,Pago de Servicios,533.13,1,0,0.0,2024-06-04 04:34:58
2635,30,45409.29,8,Lima,BCP,Yape,Transferencia Interbancaria,185.23,1,1,0.0,2024-07-10 04:34:58
2636,30,15828.75,4,Lima,BBVA,Plin,Pago de Servicios,335.03,1,1,0.3,2024-03-13 04:34:58
2637,23,10031.7,1,Lima,BanBif,QR,Pago de Tarjeta de Crédito,150.31,0,1,0.0,2024-08-03 04:34:58
2638,40,13013.29,3,Lima,BanBif,Plin,Transferencia Mismo Banco,140.87,0,1,0.0,2023-12-07 04:34:58
2639,59,36212.13,5,Lima,BCP,Web Banking,Compras Online,76.59,0,0,0.25,2024-09-24 04:34:58
2640,22,25018.37,5,Lima,BCP,Plin,Pago de Préstamos,176.45,0,1,0.15,2023-12-24 04:34:58
2641,35,20651.87,2,Lima,BCP,Plin,Pago de Préstamos,979.32,1,1,0.3,2024-08-14 04:34:58
2642,51,17076.41,11,Otros,BCP,Yape,Pago de Préstamos,60.19,0,1,0.3,2024-10-08 04:34:58
2643,34,28076.27,3,Trujillo,BCP,Web Banking,Retiro sin Tarjeta,275.03,0,0,0.35,2024-09-15 04:34:58
2644,40,14406.68,3,Lima,BBVA,Plin,Compras Online,204.58,0,0,0.0,2024-10-31 04:34:58
2645,22,25663.7,0,Piura,BBVA,Banca Móvil Propia,Pago de Servicios,648.61,0,0,0.2,2024-02-03 04:34:58
2646,40,15281.11,12,Lima,BBVA,Plin,Pago de Préstamos,782.81,0,1,0.1,2024-06-18 04:34:58
2647,32,14061.14,0,Lima,BBVA,Plin,Pago de Tarjeta de Crédito,58.89,1,1,0.0,2024-08-04 04:34:58
2648,46,16014.6,3,Lima,BCP,Banca Móvil Propia,Retiro sin Tarjeta,83.58,0,0,0.0,2024-03-04 04:34:58
2649,49,18256.86,8,Arequipa,Interbank,Banca Móvil Propia,Pago de Préstamos,88.27,0,1,0.0,2024-11-04 04:34:58
2650,66,21495.2,1,Lima,Scotiabank,Yape,Pago de Servicios,91.45,0,1,0.45,2023-12-08 04:34:58
2651,41,24778.41,3,Lima,BCP,Plin,Retiro sin Tarjeta,99.64,0,1,0.3,2024-11-19 04:34:58
2652,38,3483.59,1,Otros,BCP,Banca Móvil Propia,Transferencia Mismo Banco,209.99,0,0,0.25,2024-06-22 04:34:58
2653,37,14708.41,7,Otros,BCP,Plin,Transferencia Interbancaria,63.35,1,0,0.25,2024-07-04 04:34:58
2654,30,18109.92,4,Lima,BCP,Yape,Compras Online,72.91,0,1,0.0,2024-02-11 04:34:58
2655,39,46748.2,9,Otros,BBVA,Plin,Transferencia Mismo Banco,67.32,1,0,0.0,2024-05-15 04:34:58
2656,31,12835.87,11,Arequipa,BCP,Yape,Pago de Servicios,242.89,0,0,0.3,2024-03-21 04:34:58
2657,37,23894.37,5,Trujillo,BBVA,Yape,Pago de Préstamos,139.24,0,1,0.0,2024-05-30 04:34:58
2658,50,46514.3,6,Lima,BCP,Yape,Recarga de Celular,116.59,0,1,0.55,2024-11-26 04:34:58
2659,22,11424.5,3,Trujillo,Interbank,Banca Móvil Propia,Transferencia Interbancaria,63.95,1,0,0.0,2024-09-08 04:34:58
2660,48,26822.27,2,Trujillo,BCP,Yape,Pago de Préstamos,29.84,1,1,0.15,2024-04-04 04:34:58
2661,50,14748.02,5,Trujillo,BBVA,Banca Móvil Propia,Retiro sin Tarjeta,758.64,0,1,0.2,2024-06-16 04:34:58
2662,33,17114.53,11,Cusco,BCP,Web Banking,Transferencia Interbancaria,111.19,1,1,0.0,2024-04-19 04:34:58
2663,18,14741.83,2,Trujillo,BCP,Web Banking,Transferencia Interbancaria,2231.64,0,1,0.15,2024-07-31 04:34:58
2664,27,15276.51,1,Cusco,Scotiabank,QR,Pago de Préstamos,321.43,1,0,0.25,2024-01-04 04:34:58
2665,50,50000.0,2,Trujillo,Interbank,Plin,Transferencia Mismo Banco,924.5,0,1,0.2,2024-03-30 04:34:58
2666,34,33598.21,2,Piura,BCP,Yape,Pago de Servicios,400.81,1,1,0.0,2024-09-18 04:34:58
2667,23,38210.63,0,Cusco,Interbank,QR,Pago de Tarjeta de Crédito,173.91,0,1,0.2,2024-09-11 04:34:58
2668,28,28169.55,3,Trujillo,Interbank,Yape,Pago de Tarjeta de Crédito,81.64,0,1,0.0,2024-08-21 04:34:58
2669,45,9866.22,3,Trujillo,BBVA,Plin,Transferencia Mismo Banco,55.88,1,1,0.15,2024-10-11 04:34:58
2670,41,26835.45,4,Trujillo,BBVA,Banca Móvil Propia,Pago de Servicios,454.71,0,1,0.35,2024-05-02 04:34:58
2671,32,37664.18,2,Lima,Scotiabank,Yape,Recarga de Celular,193.45,1,0,0.0,2024-02-12 04:34:58
2672,30,14375.78,4,Lima,BCP,Lukita,Compras Online,274.93,0,1,0.15,2024-02-08 04:34:58
2673,30,35691.34,10,Cusco,BBVA,Lukita,Transferencia Mismo Banco,335.17,0,1,0.15,2024-08-28 04:34:58
2674,23,31324.88,15,Piura,BCP,Banca Móvil Propia,Pago de Préstamos,211.87,1,0,0.35,2024-06-04 04:34:58
2675,54,50000.0,4,Piura,Scotiabank,QR,Compras Online,92.59,0,1,0.25,2024-06-27 04:34:58
2676,31,17874.11,0,Cusco,BanBif,Plin,Recarga de Celular,408.59,0,1,0.35,2024-10-19 04:34:58
2677,49,12723.35,17,Lima,Scotiabank,Lukita,Pago de Servicios,121.73,0,1,0.25,2024-03-06 04:34:58
2678,53,18383.08,6,Lima,Scotiabank,Plin,Transferencia Interbancaria,162.48,0,1,0.35,2024-10-12 04:34:58
2679,46,45151.8,2,Cusco,Pichincha,Banca Móvil Propia,Recarga de Celular,304.11,0,1,0.2,2024-09-23 04:34:58
2680,29,8829.0,0,Arequipa,Interbank,Yape,Recarga de Celular,139.92,0,0,0.1,2024-08-20 04:34:58
2681,39,7830.74,0,Piura,Scotiabank,Lukita,Pago de Préstamos,24.1,0,1,0.15,2024-08-12 04:34:58
2682,34,23033.33,0,Lima,Pichincha,Web Banking,Pago de Servicios,420.14,0,0,0.1,2023-12-14 04:34:58
2683,24,17653.78,0,Piura,BCP,Yape,Pago de Servicios,520.57,1,1,0.2,2024-10-12 04:34:58
2684,38,22111.74,11,Cusco,Interbank,Yape,Compras Online,23.78,1,1,0.4,2024-04-25 04:34:58
2685,20,35335.94,3,Trujillo,Interbank,Yape,Pago de Préstamos,52.28,1,1,0.15,2024-04-22 04:34:58
2686,49,16709.21,6,Lima,BanBif,Tunki,Transferencia Mismo Banco,1123.14,0,0,0.15,2024-08-08 04:34:58
2687,29,8634.29,8,Otros,Scotiabank,Plin,Transferencia Mismo Banco,187.17,1,0,0.0,2024-09-19 04:34:58
2688,37,50000.0,7,Cusco,Scotiabank,QR,Pago de Servicios,148.94,0,1,0.35,2024-02-04 04:34:58
2689,38,13378.25,10,Trujillo,BanBif,Tunki,Compras Online,96.89,1,0,0.0,2024-07-30 04:34:58
2690,31,12971.13,17,Trujillo,BBVA,Tunki,Recarga de Celular,52.95,1,1,0.0,2024-04-12 04:34:58
2691,42,38248.51,2,Cusco,BCP,Banca Móvil Propia,Compras Online,122.19,0,0,0.0,2024-05-09 04:34:58
2692,29,18174.15,15,Cusco,BCP,Yape,Pago de Préstamos,393.24,1,0,0.0,2024-08-03 04:34:58
2693,45,21339.29,6,Lima,BBVA,Plin,Retiro sin Tarjeta,146.1,0,1,0.35,2024-04-17 04:34:58
2694,18,28040.22,0,Lima,BBVA,Lukita,Transferencia Mismo Banco,273.22,0,1,0.1,2024-05-07 04:34:58
2695,36,37865.34,5,Lima,BBVA,Lukita,Pago de Servicios,867.58,0,1,0.3,2024-09-10 04:34:58
2696,58,18643.81,5,Arequipa,BBVA,Yape,Retiro sin Tarjeta,83.06,1,1,0.15,2024-06-02 04:34:58
2697,22,47097.54,11,Lima,BanBif,Yape,Retiro sin Tarjeta,200.91,1,0,0.15,2023-12-07 04:34:58
2698,26,7571.15,2,Lima,BBVA,Plin,Pago de Préstamos,405.21,0,0,0.2,2024-09-19 04:34:58
2699,41,32205.54,4,Arequipa,Scotiabank,Plin,Retiro sin Tarjeta,58.39,0,0,0.1,2024-05-30 04:34:58
2700,37,14475.84,0,Piura,BanBif,Plin,Retiro sin Tarjeta,177.34,0,1,0.35,2024-11-12 04:34:58
2701,39,43745.13,2,Trujillo,BBVA,Banca Móvil Propia,Transferencia Interbancaria,965.19,0,1,0.1,2024-09-13 04:34:58
2702,40,23647.73,0,Lima,BBVA,Lukita,Transferencia Mismo Banco,105.61,0,1,0.1,2024-07-04 04:34:58
2703,42,15733.5,3,Cusco,Scotiabank,Yape,Retiro sin Tarjeta,431.97,0,0,0.15,2024-03-04 04:34:58
2704,48,30681.67,8,Lima,Interbank,Banca Móvil Propia,Retiro sin Tarjeta,128.88,0,0,0.15,2024-02-22 04:34:58
2705,39,34426.92,1,Arequipa,BCP,Yape,Pago de Préstamos,897.48,0,1,0.15,2024-07-30 04:34:58
2706,32,30362.0,3,Piura,BCP,Plin,Pago de Servicios,28.63,0,1,0.0,2024-08-18 04:34:58
2707,43,13162.83,1,Cusco,BCP,Banca Móvil Propia,Pago de Tarjeta de Crédito,158.37,1,1,0.2,2024-01-03 04:34:58
2708,57,17291.86,0,Cusco,BCP,QR,Pago de Servicios,33.82,1,0,0.0,2024-06-01 04:34:58
2709,33,21981.66,3,Arequipa,BCP,Yape,Pago de Tarjeta de Crédito,73.64,1,1,0.1,2024-09-30 04:34:58
2710,23,21576.72,0,Otros,BCP,Yape,Transferencia Interbancaria,73.2,0,0,0.15,2024-08-01 04:34:58
2711,48,32044.24,4,Lima,Interbank,Banca Móvil Propia,Retiro sin Tarjeta,113.64,0,1,0.1,2024-08-13 04:34:58
2712,33,8042.94,0,Trujillo,Pichincha,Plin,Transferencia Interbancaria,45.23,1,1,0.0,2024-06-03 04:34:58
2713,18,26034.13,0,Piura,Interbank,Yape,Pago de Préstamos,138.14,1,1,0.3,2024-06-25 04:34:58
2714,45,19053.56,3,Trujillo,BanBif,Yape,Pago de Tarjeta de Crédito,235.21,0,1,0.15,2024-06-22 04:34:58
2715,28,14483.27,4,Piura,Scotiabank,Banca Móvil Propia,Pago de Préstamos,32.08,0,0,0.15,2024-01-20 04:34:58
2716,33,15195.53,0,Piura,Interbank,Plin,Pago de Servicios,78.65,0,0,0.0,2024-04-08 04:34:58
2717,38,19786.03,4,Piura,BBVA,Web Banking,Pago de Tarjeta de Crédito,1883.7,1,1,0.3,2024-11-23 04:34:58
2718,37,3638.98,9,Trujillo,BCP,Plin,Transferencia Mismo Banco,206.28,0,1,0.2,2024-04-24 04:34:58
2719,43,15511.78,6,Piura,Scotiabank,Plin,Compras Online,24.1,1,1,0.35,2024-03-22 04:34:58
2720,29,14215.56,0,Lima,BanBif,Banca Móvil Propia,Recarga de Celular,36.58,0,0,0.0,2023-12-30 04:34:58
2721,41,28749.96,4,Trujillo,BBVA,Plin,Recarga de Celular,186.03,0,0,0.3,2024-08-27 04:34:58
2722,31,14724.04,5,Lima,BCP,Plin,Pago de Tarjeta de Crédito,164.13,0,0,0.15,2024-12-03 04:34:58
2723,43,19780.33,0,Lima,Scotiabank,Tunki,Transferencia Interbancaria,82.48,1,0,0.1,2024-11-13 04:34:58
2724,42,47626.2,9,Trujillo,BCP,Plin,Pago de Servicios,1330.51,0,1,0.0,2024-01-17 04:34:58
2725,23,36213.08,11,Lima,BCP,Banca Móvil Propia,Pago de Préstamos,2035.97,1,1,0.15,2024-07-07 04:34:58
2726,48,34583.63,9,Lima,Scotiabank,Plin,Recarga de Celular,113.93,0,0,0.0,2024-09-16 04:34:58
2727,28,17155.32,8,Arequipa,BBVA,QR,Retiro sin Tarjeta,355.3,0,1,0.35,2024-11-07 04:34:58
2728,44,28897.67,6,Lima,Interbank,QR,Transferencia Mismo Banco,373.59,0,1,0.45,2024-09-02 04:34:58
2729,39,19595.42,5,Arequipa,BanBif,Plin,Pago de Servicios,426.61,0,1,0.15,2024-08-14 04:34:58
2730,57,19969.34,5,Trujillo,BBVA,Plin,Transferencia Interbancaria,78.25,1,1,0.0,2024-04-01 04:34:58
2731,32,27033.79,8,Lima,BBVA,Plin,Pago de Préstamos,1032.2,0,1,0.0,2024-06-27 04:34:58
2732,30,16342.15,5,Trujillo,BCP,Yape,Pago de Servicios,138.57,0,1,0.0,2024-04-28 04:34:58
2733,34,46467.18,1,Trujillo,BCP,Tunki,Pago de Préstamos,226.33,0,0,0.25,2024-06-24 04:34:58
2734,31,20331.67,2,Lima,Scotiabank,Yape,Transferencia Mismo Banco,148.72,0,0,0.0,2023-12-17 04:34:58
2735,44,30006.83,11,Trujillo,BBVA,QR,Pago de Tarjeta de Crédito,129.06,0,1,0.1,2023-12-18 04:34:58
2736,18,45606.26,0,Trujillo,BCP,Yape,Pago de Servicios,196.06,1,1,0.1,2024-05-03 04:34:58
2737,22,36894.84,6,Arequipa,BCP,Yape,Pago de Tarjeta de Crédito,45.34,0,1,0.1,2024-03-29 04:34:58
2738,22,10889.35,15,Lima,BBVA,Yape,Transferencia Interbancaria,20.67,0,1,0.15,2024-02-02 04:34:58
2739,46,27513.94,6,Lima,BBVA,Plin,Retiro sin Tarjeta,119.9,1,1,0.15,2024-08-04 04:34:58
2740,55,33703.59,25,Lima,Interbank,QR,Pago de Servicios,61.53,0,1,0.1,2024-05-01 04:34:58
2741,33,34404.12,5,Otros,BBVA,Banca Móvil Propia,Compras Online,256.6,0,1,0.2,2024-02-10 04:34:58
2742,32,12623.97,0,Lima,BCP,Yape,Transferencia Interbancaria,229.02,0,1,0.15,2024-01-18 04:34:58
2743,35,15858.84,8,Piura,BBVA,QR,Pago de Tarjeta de Crédito,150.43,0,1,0.15,2023-12-15 04:34:58
2744,48,36216.83,1,Lima,BanBif,QR,Pago de Tarjeta de Crédito,653.0,0,1,0.0,2024-08-15 04:34:58
2745,23,15049.8,2,Trujillo,BCP,Banca Móvil Propia,Retiro sin Tarjeta,147.49,0,0,0.0,2024-03-24 04:34:58
2746,37,18961.24,1,Piura,Interbank,QR,Recarga de Celular,34.53,1,1,0.3,2024-03-18 04:34:58
2747,46,48433.06,1,Lima,BBVA,Banca Móvil Propia,Pago de Servicios,118.67,0,1,0.0,2024-05-29 04:34:58
2748,41,21506.28,2,Lima,Interbank,Banca Móvil Propia,Retiro sin Tarjeta,478.65,0,1,0.15,2024-09-01 04:34:58
2749,37,15315.38,2,Lima,BCP,Yape,Pago de Tarjeta de Crédito,22.55,0,1,0.3,2024-11-16 04:34:58
2750,47,14202.76,5,Lima,BanBif,Plin,Recarga de Celular,135.09,0,1,0.15,2024-09-19 04:34:58
2751,18,26013.21,8,Lima,Interbank,Banca Móvil Propia,Pago de Préstamos,263.87,1,1,0.1,2023-12-15 04:34:58
2752,43,11309.81,1,Arequipa,Scotiabank,QR,Pago de Tarjeta de Crédito,2105.36,1,1,0.35,2024-03-03 04:34:58
2753,27,19464.2,1,Piura,BCP,Tunki,Pago de Préstamos,496.83,1,1,0.35,2024-12-01 04:34:58
2754,18,26019.86,5,Arequipa,Interbank,Web Banking,Pago de Servicios,169.46,1,1,0.0,2024-09-12 04:34:58
2755,41,42174.66,5,Cusco,Scotiabank,Plin,Compras Online,249.82,0,0,0.0,2024-09-29 04:34:58
2756,51,30753.96,11,Lima,BBVA,Banca Móvil Propia,Pago de Servicios,22.25,0,0,0.1,2024-03-14 04:34:58
2757,33,15413.01,0,Trujillo,BBVA,Banca Móvil Propia,Transferencia Mismo Banco,51.95,0,0,0.15,2023-12-11 04:34:58
2758,46,39704.1,9,Lima,Interbank,Banca Móvil Propia,Pago de Servicios,284.56,0,1,0.35,2024-10-27 04:34:58
2759,54,18962.95,3,Piura,BCP,Banca Móvil Propia,Pago de Servicios,174.37,0,1,0.0,2024-10-21 04:34:58
2760,50,11874.5,4,Otros,Interbank,Plin,Retiro sin Tarjeta,198.09,0,0,0.0,2024-05-05 04:34:58
2761,54,20210.94,0,Lima,BCP,Yape,Transferencia Interbancaria,153.56,0,1,0.0,2024-05-10 04:34:58
2762,43,45210.5,2,Trujillo,BCP,Web Banking,Transferencia Mismo Banco,147.66,0,1,0.35,2024-06-07 04:34:58
2763,35,23923.58,1,Lima,Interbank,Yape,Pago de Servicios,164.5,1,1,0.2,2024-09-28 04:34:58
2764,18,22164.8,1,Trujillo,BCP,Plin,Retiro sin Tarjeta,51.62,0,0,0.0,2024-05-07 04:34:58
2765,32,49941.41,3,Lima,Pichincha,Tunki,Pago de Tarjeta de Crédito,118.05,0,1,0.2,2024-06-12 04:34:58
2766,24,10767.88,8,Cusco,Scotiabank,Plin,Pago de Préstamos,42.77,0,0,0.0,2024-04-16 04:34:58
2767,61,11581.92,6,Arequipa,Interbank,QR,Pago de Tarjeta de Crédito,79.87,0,1,0.0,2024-02-26 04:34:58
2768,32,9819.02,4,Lima,Scotiabank,Lukita,Pago de Préstamos,490.74,1,1,0.25,2023-12-28 04:34:58
2769,36,26537.77,3,Lima,Scotiabank,Web Banking,Compras Online,123.87,1,1,0.0,2024-01-24 04:34:58
2770,41,23938.58,2,Arequipa,BCP,Yape,Retiro sin Tarjeta,269.3,0,1,0.2,2024-07-31 04:34:58
2771,35,47637.15,18,Piura,Scotiabank,Banca Móvil Propia,Compras Online,166.55,0,1,0.5,2024-08-13 04:34:58
2772,55,24877.96,4,Cusco,BCP,QR,Pago de Préstamos,101.0,0,1,0.15,2024-10-22 04:34:58
2773,27,17996.3,1,Arequipa,BBVA,Web Banking,Compras Online,54.13,0,0,0.15,2024-04-13 04:34:58
2774,37,22046.24,1,Lima,BBVA,Web Banking,Compras Online,99.48,0,1,0.3,2024-10-26 04:34:58
2775,26,23361.71,4,Lima,Interbank,Lukita,Transferencia Interbancaria,178.25,0,1,0.15,2024-08-13 04:34:58
2776,19,9548.31,3,Arequipa,BCP,Yape,Recarga de Celular,265.11,1,1,0.3,2024-06-16 04:34:58
2777,27,50000.0,0,Arequipa,BCP,Yape,Pago de Servicios,167.73,0,0,0.45,2024-01-01 04:34:58
2778,34,28564.94,8,Lima,Interbank,QR,Pago de Préstamos,284.14,1,1,0.25,2024-08-07 04:34:58
2779,29,24465.13,6,Lima,BBVA,Lukita,Recarga de Celular,32.45,1,1,0.25,2024-01-26 04:34:58
2780,26,29958.91,5,Lima,Scotiabank,Lukita,Transferencia Interbancaria,353.07,1,1,0.0,2024-09-13 04:34:58
2781,18,31404.47,0,Lima,Interbank,Plin,Retiro sin Tarjeta,48.03,0,1,0.45,2024-08-29 04:34:58
2782,34,20531.66,2,Trujillo,BCP,Banca Móvil Propia,Recarga de Celular,396.83,0,1,0.0,2024-01-12 04:34:58
2783,18,16064.7,13,Lima,BCP,Yape,Transferencia Interbancaria,245.28,0,0,0.0,2024-02-04 04:34:58
2784,44,29724.45,9,Lima,Interbank,Tunki,Recarga de Celular,22.87,1,1,0.15,2023-12-29 04:34:58
2785,35,26711.66,1,Lima,BBVA,Plin,Compras Online,310.12,0,1,0.0,2024-06-20 04:34:58
2786,18,14691.95,0,Lima,BCP,QR,Pago de Tarjeta de Crédito,401.46,1,0,0.2,2024-10-07 04:34:58
2787,31,44780.04,2,Lima,BCP,Yape,Compras Online,522.11,0,1,0.15,2024-11-24 04:34:58
2788,25,25506.18,2,Lima,BCP,Tunki,Retiro sin Tarjeta,68.81,1,1,0.15,2024-06-16 04:34:58
2789,38,31726.57,5,Lima,BCP,Yape,Pago de Servicios,177.58,0,1,0.2,2024-07-09 04:34:58
2790,51,44177.04,16,Otros,BBVA,Banca Móvil Propia,Compras Online,297.21,1,0,0.1,2024-01-18 04:34:58
2791,18,22268.86,2,Lima,Scotiabank,Banca Móvil Propia,Pago de Tarjeta de Crédito,309.92,0,0,0.1,2024-10-29 04:34:58
2792,36,25808.93,0,Arequipa,BBVA,QR,Pago de Tarjeta de Crédito,223.52,0,1,0.35,2024-02-28 04:34:58
2793,33,33024.79,11,Lima,Scotiabank,Yape,Transferencia Mismo Banco,96.87,0,1,0.0,2024-03-01 04:34:58
2794,43,15330.04,0,Arequipa,BCP,Yape,Pago de Tarjeta de Crédito,398.59,1,1,0.2,2024-07-18 04:34:58
2795,37,22629.87,15,Trujillo,BBVA,Lukita,Retiro sin Tarjeta,400.94,0,1,0.0,2024-03-22 04:34:58
2796,25,23453.48,5,Lima,Interbank,Plin,Pago de Préstamos,127.2,0,0,0.0,2024-12-01 04:34:58
2797,31,13656.5,14,Piura,Interbank,Yape,Compras Online,67.79,0,0,0.6,2024-05-06 04:34:58
2798,25,50000.0,1,Piura,Interbank,Banca Móvil Propia,Recarga de Celular,71.67,0,1,0.15,2024-09-10 04:34:58
2799,47,10898.2,0,Cusco,Interbank,Banca Móvil Propia,Pago de Servicios,581.04,0,1,0.15,2024-07-05 04:34:58
2800,35,11509.73,3,Lima,Interbank,Yape,Compras Online,384.01,0,1,0.45,2024-08-05 04:34:58
2801,57,42493.79,2,Lima,BCP,Yape,Compras Online,145.47,1,1,0.45,2024-08-15 04:34:58
2802,34,31465.06,2,Otros,Interbank,QR,Transferencia Mismo Banco,121.61,0,0,0.2,2024-08-06 04:34:58
2803,26,13187.41,15,Lima,Interbank,Banca Móvil Propia,Pago de Tarjeta de Crédito,25.33,0,1,0.1,2024-07-29 04:34:58
2804,18,29841.18,8,Lima,Pichincha,Yape,Transferencia Interbancaria,136.4,0,1,0.15,2024-02-22 04:34:58
2805,18,45886.45,5,Lima,Interbank,Plin,Pago de Servicios,45.1,0,1,0.15,2024-02-22 04:34:58
2806,18,21695.68,0,Lima,Interbank,Banca Móvil Propia,Retiro sin Tarjeta,173.99,0,1,0.1,2024-09-06 04:34:58
2807,38,50000.0,6,Trujillo,BBVA,Plin,Recarga de Celular,485.53,0,0,0.4,2024-03-03 04:34:58
2808,41,9301.85,6,Lima,Scotiabank,QR,Pago de Tarjeta de Crédito,55.68,0,1,0.1,2024-02-23 04:34:58
2809,18,31160.66,2,Piura,Pichincha,Banca Móvil Propia,Transferencia Mismo Banco,188.4,1,1,0.35,2024-09-06 04:34:58
2810,45,39468.74,12,Arequipa,Scotiabank,Tunki,Pago de Tarjeta de Crédito,402.53,1,0,0.0,2024-09-01 04:34:58
2811,29,34395.19,0,Lima,Interbank,Web Banking,Pago de Servicios,184.99,0,0,0.1,2024-08-21 04:34:58
2812,36,19887.01,1,Cusco,BCP,Yape,Compras Online,87.88,1,1,0.0,2023-12-23 04:34:58
2813,54,19049.18,0,Cusco,Interbank,Plin,Pago de Préstamos,149.96,0,0,0.0,2024-08-19 04:34:58
2814,45,27503.61,7,Arequipa,Interbank,Banca Móvil Propia,Transferencia Mismo Banco,386.55,1,1,0.15,2024-07-02 04:34:58
2815,31,33119.49,4,Piura,Scotiabank,Banca Móvil Propia,Pago de Préstamos,192.98,1,1,0.2,2024-01-06 04:34:58
2816,24,29769.41,1,Lima,BCP,Yape,Transferencia Mismo Banco,147.91,0,1,0.15,2024-04-21 04:34:58
2817,18,37050.2,0,Trujillo,Interbank,Plin,Pago de Servicios,471.61,0,0,0.3,2024-11-18 04:34:58
2818,26,13234.27,0,Lima,BCP,Yape,Pago de Préstamos,248.37,0,1,0.3,2024-02-12 04:34:58
2819,32,19655.54,0,Trujillo,Scotiabank,Plin,Pago de Tarjeta de Crédito,44.57,0,1,0.0,2024-10-14 04:34:58
2820,23,13766.48,3,Piura,BCP,Banca Móvil Propia,Recarga de Celular,279.06,1,1,0.25,2024-11-16 04:34:58
2821,33,18159.4,1,Lima,Interbank,Banca Móvil Propia,Compras Online,383.58,0,1,0.2,2024-06-24 04:34:58
2822,35,36592.93,1,Lima,BCP,Plin,Pago de Préstamos,43.06,0,0,0.15,2024-07-30 04:34:58
2823,32,23248.41,10,Piura,BCP,Yape,Pago de Tarjeta de Crédito,15.35,1,1,0.0,2024-11-17 04:34:58
2824,27,50000.0,3,Lima,Interbank,Plin,Transferencia Interbancaria,52.36,0,1,0.0,2024-08-06 04:34:58
2825,37,24262.89,6,Lima,BCP,Yape,Pago de Servicios,133.95,0,1,0.0,2024-11-03 04:34:58
2826,40,22693.78,0,Arequipa,Interbank,Yape,Transferencia Interbancaria,407.4,0,1,0.15,2024-11-11 04:34:58
2827,21,23227.48,2,Lima,BanBif,Plin,Transferencia Mismo Banco,60.89,1,1,0.0,2024-02-29 04:34:58
2828,51,16012.03,3,Cusco,Pichincha,Plin,Compras Online,258.56,0,1,0.0,2024-08-10 04:34:58
2829,33,21398.62,1,Trujillo,BCP,Plin,Compras Online,8.23,1,0,0.15,2024-09-23 04:34:58
2830,35,38711.58,0,Lima,Scotiabank,QR,Transferencia Mismo Banco,177.74,0,1,0.45,2024-03-09 04:34:58
2831,43,23318.1,10,Lima,BBVA,Plin,Pago de Préstamos,98.82,0,0,0.15,2024-02-27 04:34:58
2832,37,14813.14,14,Piura,BanBif,Web Banking,Recarga de Celular,1210.27,1,1,0.35,2024-04-05 04:34:58
2833,46,13869.64,0,Lima,Scotiabank,QR,Pago de Préstamos,22.37,0,0,0.0,2023-12-20 04:34:58
2834,38,17586.71,2,Arequipa,BCP,Web Banking,Compras Online,146.28,0,1,0.15,2024-01-11 04:34:58
2835,27,22855.15,15,Lima,BBVA,QR,Compras Online,22.24,0,1,0.45,2024-08-10 04:34:58
2836,39,40006.34,0,Lima,BCP,Banca Móvil Propia,Pago de Servicios,85.65,1,1,0.0,2024-07-21 04:34:58
2837,21,11268.38,5,Lima,Scotiabank,Banca Móvil Propia,Pago de Tarjeta de Crédito,27.08,0,1,0.1,2024-11-17 04:34:58
2838,36,18771.35,17,Arequipa,BBVA,Yape,Pago de Servicios,1481.47,1,0,0.3,2024-08-02 04:34:58
2839,34,23674.53,19,Trujillo,Interbank,Lukita,Retiro sin Tarjeta,104.01,0,0,0.15,2024-10-17 04:34:58
2840,32,8805.63,3,Trujillo,Interbank,Banca Móvil Propia,Compras Online,120.18,0,1,0.15,2024-12-04 04:34:58
2841,33,14518.82,0,Lima,Pichincha,Banca Móvil Propia,Recarga de Celular,142.2,0,0,0.1,2024-04-01 04:34:58
2842,18,15678.66,1,Lima,BanBif,Banca Móvil Propia,Pago de Servicios,47.83,1,1,0.4,2024-10-31 04:34:58
2843,28,14794.56,11,Lima,BBVA,Plin,Transferencia Mismo Banco,426.34,0,0,0.5,2024-10-22 04:34:58
2844,36,24244.49,12,Lima,Interbank,Banca Móvil Propia,Recarga de Celular,281.52,1,1,0.0,2024-06-14 04:34:58
2845,36,20327.3,4,Lima,Scotiabank,Plin,Retiro sin Tarjeta,371.64,0,1,0.0,2024-10-26 04:34:58
2846,22,16686.53,7,Lima,Scotiabank,Lukita,Retiro sin Tarjeta,43.91,0,1,0.0,2024-03-17 04:34:58
2847,50,27281.97,6,Lima,BCP,QR,Pago de Préstamos,461.88,0,0,0.3,2024-09-07 04:34:58
2848,24,50000.0,5,Otros,BCP,Lukita,Compras Online,411.51,0,1,0.2,2024-12-01 04:34:58
2849,46,49992.5,8,Lima,BCP,Banca Móvil Propia,Pago de Tarjeta de Crédito,117.64,1,0,0.0,2024-08-19 04:34:58
2850,40,8422.1,5,Piura,BBVA,Yape,Transferencia Mismo Banco,363.22,0,1,0.0,2024-09-14 04:34:58
2851,27,29393.71,3,Lima,BCP,QR,Pago de Préstamos,194.94,0,1,0.4,2024-05-24 04:34:58
2852,56,20150.58,1,Cusco,BBVA,Plin,Compras Online,30.14,0,1,0.35,2024-08-06 04:34:58
2853,20,23803.26,6,Lima,Interbank,QR,Pago de Tarjeta de Crédito,123.62,0,0,0.0,2024-07-15 04:34:58
2854,46,18049.23,3,Lima,BBVA,Plin,Pago de Servicios,91.7,0,1,0.45,2024-08-21 04:34:58
2855,47,23360.32,1,Lima,Interbank,Tunki,Compras Online,161.65,0,0,0.15,2024-02-23 04:34:58
2856,26,23758.69,8,Lima,BCP,Banca Móvil Propia,Transferencia Mismo Banco,412.04,0,1,0.45,2024-11-04 04:34:58
2857,51,16490.24,5,Cusco,Scotiabank,Banca Móvil Propia,Retiro sin Tarjeta,28.75,0,1,0.15,2024-04-14 04:34:58
2858,31,14070.23,13,Arequipa,BanBif,Tunki,Recarga de Celular,95.24,0,0,0.0,2024-06-09 04:34:58
2859,38,17599.96,0,Piura,Interbank,Banca Móvil Propia,Pago de Servicios,65.25,0,1,0.15,2024-04-28 04:34:58
2860,38,24763.59,5,Trujillo,Scotiabank,Banca Móvil Propia,Transferencia Mismo Banco,68.11,0,1,0.1,2024-06-22 04:34:58
2861,33,29717.7,1,Arequipa,BCP,Yape,Pago de Tarjeta de Crédito,65.16,0,1,0.2,2024-01-15 04:34:58
2862,44,33747.93,11,Trujillo,Scotiabank,Banca Móvil Propia,Pago de Servicios,158.88,1,1,0.1,2024-07-29 04:34:58
2863,44,17204.13,0,Lima,BCP,Yape,Compras Online,250.43,0,1,0.25,2024-06-05 04:34:58
2864,18,25385.22,5,Lima,BBVA,Banca Móvil Propia,Recarga de Celular,210.26,0,1,0.15,2024-08-05 04:34:58
2865,50,35640.98,7,Lima,BCP,Yape,Retiro sin Tarjeta,178.69,1,0,0.1,2024-07-26 04:34:58
2866,18,39450.32,2,Otros,BBVA,Banca Móvil Propia,Transferencia Mismo Banco,276.37,0,0,0.25,2024-08-08 04:34:58
2867,47,21387.96,15,Lima,BCP,Plin,Pago de Préstamos,1604.11,0,0,0.3,2024-01-28 04:34:58
2868,48,19722.87,9,Arequipa,Interbank,Plin,Retiro sin Tarjeta,170.02,1,1,0.0,2024-10-15 04:34:58
2869,21,24235.22,1,Otros,BBVA,Banca Móvil Propia,Pago de Tarjeta de Crédito,412.05,0,1,0.2,2024-07-14 04:34:58
2870,30,12396.21,0,Lima,Scotiabank,Banca Móvil Propia,Pago de Tarjeta de Crédito,389.24,0,1,0.0,2024-07-11 04:34:58
2871,21,19994.15,1,Lima,Interbank,Web Banking,Transferencia Mismo Banco,878.13,0,0,0.35,2024-06-07 04:34:58
2872,32,31961.69,1,Lima,BCP,Lukita,Pago de Servicios,259.96,1,1,0.2,2024-01-09 04:34:58
2873,31,30362.8,11,Cusco,BCP,Banca Móvil Propia,Pago de Préstamos,63.8,0,0,0.0,2024-05-29 04:34:58
2874,44,19242.3,17,Lima,Scotiabank,Tunki,Pago de Préstamos,201.32,0,0,0.0,2024-11-06 04:34:58
2875,50,24559.62,0,Otros,BBVA,Plin,Transferencia Interbancaria,190.78,0,1,0.35,2024-09-30 04:34:58
2876,51,14583.92,3,Lima,BBVA,Yape,Transferencia Mismo Banco,335.35,0,0,0.2,2024-08-03 04:34:58
2877,28,31311.67,3,Arequipa,Interbank,Plin,Transferencia Mismo Banco,61.97,1,0,0.15,2024-10-15 04:34:58
2878,32,21185.86,0,Cusco,BCP,Lukita,Retiro sin Tarjeta,526.54,1,1,0.25,2024-05-16 04:34:58
2879,18,19187.69,2,Cusco,BCP,Yape,Transferencia Interbancaria,149.19,0,1,0.25,2023-12-23 04:34:58
2880,25,18382.2,1,Trujillo,BBVA,Tunki,Pago de Préstamos,343.57,1,1,0.1,2024-02-25 04:34:58
2881,46,21344.58,3,Lima,BCP,Yape,Pago de Tarjeta de Crédito,202.28,1,1,0.2,2024-08-08 04:34:58
2882,54,17607.16,5,Piura,BCP,Yape,Compras Online,167.77,1,0,0.0,2024-05-13 04:34:58
2883,20,30609.68,6,Arequipa,BCP,Yape,Compras Online,187.51,0,1,0.0,2024-07-24 04:34:58
2884,27,18076.32,0,Trujillo,BCP,Banca Móvil Propia,Transferencia Interbancaria,290.61,0,1,0.35,2024-11-07 04:34:58
2885,34,48848.65,8,Lima,BCP,Plin,Transferencia Interbancaria,1052.22,0,1,0.45,2024-02-24 04:34:58
2886,38,45825.92,5,Lima,Pichincha,Banca Móvil Propia,Transferencia Interbancaria,19.74,0,0,0.5,2024-07-21 04:34:58
2887,25,14104.2,10,Lima,BBVA,Banca Móvil Propia,Compras Online,254.68,0,1,0.2,2024-02-20 04:34:58
2888,40,22807.67,2,Cusco,Scotiabank,QR,Recarga de Celular,155.08,1,1,0.0,2024-09-15 04:34:58
2889,29,15909.5,11,Lima,BCP,Banca Móvil Propia,Pago de Préstamos,124.32,0,0,0.35,2024-07-26 04:34:58
2890,34,18707.43,10,Lima,BCP,Banca Móvil Propia,Pago de Servicios,13.97,0,1,0.1,2024-05-14 04:34:58
2891,41,50000.0,2,Otros,Scotiabank,Tunki,Transferencia Mismo Banco,265.13,1,1,0.0,2024-11-24 04:34:58
2892,35,18886.72,2,Trujillo,Interbank,Plin,Pago de Servicios,130.98,1,1,0.0,2024-01-14 04:34:58
2893,29,26373.45,13,Lima,BCP,QR,Pago de Tarjeta de Crédito,64.43,0,1,0.3,2024-07-23 04:34:58
2894,33,28872.96,6,Trujillo,BBVA,Yape,Pago de Servicios,154.85,0,1,0.25,2024-07-27 04:34:58
2895,33,13355.52,13,Trujillo,BBVA,Plin,Pago de Servicios,110.74,0,0,0.25,2024-06-12 04:34:58
2896,30,14363.6,7,Piura,Scotiabank,Tunki,Pago de Servicios,25.99,0,1,0.15,2024-03-09 04:34:58
2897,31,12052.04,4,Lima,BCP,Banca Móvil Propia,Compras Online,162.1,0,1,0.0,2024-10-31 04:34:58
2898,54,14143.56,0,Lima,BBVA,Yape,Recarga de Celular,265.09,0,1,0.0,2024-04-29 04:34:58
2899,41,5297.47,1,Lima,Interbank,Lukita,Retiro sin Tarjeta,85.69,1,1,0.15,2024-04-04 04:34:58
2900,31,28920.07,17,Arequipa,Pichincha,Banca Móvil Propia,Pago de Préstamos,192.81,1,0,0.2,2024-04-10 04:34:58
2901,43,50000.0,1,Lima,Scotiabank,Tunki,Recarga de Celular,165.36,0,1,0.2,2024-05-27 04:34:58
2902,30,23716.12,0,Lima,BCP,Plin,Transferencia Mismo Banco,422.21,0,1,0.2,2024-04-30 04:34:58
2903,49,10849.41,6,Lima,Interbank,Banca Móvil Propia,Pago de Préstamos,133.79,0,1,0.0,2024-11-25 04:34:58
2904,39,15972.31,6,Lima,Scotiabank,Yape,Compras Online,330.66,0,1,0.0,2024-07-02 04:34:58
2905,33,17510.6,1,Trujillo,Interbank,Yape,Transferencia Interbancaria,108.49,0,1,0.25,2024-10-11 04:34:58
2906,40,13242.78,1,Cusco,Scotiabank,Plin,Retiro sin Tarjeta,1061.38,1,1,0.0,2024-11-23 04:34:58
2907,18,33863.44,3,Piura,BanBif,Lukita,Transferencia Mismo Banco,95.89,0,1,0.35,2024-11-05 04:34:58
2908,21,33028.63,0,Arequipa,BCP,Tunki,Pago de Tarjeta de Crédito,74.81,0,1,0.15,2024-05-21 04:34:58
2909,20,12360.66,7,Trujillo,BCP,Plin,Compras Online,134.22,0,1,0.0,2024-08-10 04:34:58
2910,36,31651.49,1,Cusco,Scotiabank,Banca Móvil Propia,Transferencia Interbancaria,71.66,0,1,0.1,2024-02-12 04:34:58
2911,55,47259.38,9,Lima,BCP,Tunki,Recarga de Celular,42.58,0,1,0.0,2024-10-24 04:34:58
2912,61,50000.0,8,Cusco,BCP,Yape,Pago de Servicios,307.23,0,1,0.2,2024-07-20 04:34:58
2913,42,50000.0,5,Trujillo,BBVA,Yape,Transferencia Mismo Banco,6.94,0,0,0.15,2024-11-03 04:34:58
2914,41,14030.71,1,Arequipa,Scotiabank,QR,Pago de Tarjeta de Crédito,72.42,0,0,0.0,2024-09-12 04:34:58
2915,18,50000.0,3,Lima,BCP,Tunki,Pago de Servicios,38.79,0,1,0.1,2024-08-26 04:34:58
2916,28,18451.42,2,Cusco,Interbank,Banca Móvil Propia,Pago de Servicios,171.09,0,0,0.0,2024-04-13 04:34:58
2917,25,16379.2,2,Lima,BCP,Plin,Pago de Servicios,16.62,0,1,0.0,2024-04-23 04:34:58
2918,27,25939.86,9,Lima,BCP,Banca Móvil Propia,Retiro sin Tarjeta,256.69,0,1,0.2,2024-11-30 04:34:58
2919,32,16464.62,3,Lima,BBVA,Banca Móvil Propia,Transferencia Interbancaria,286.03,0,1,0.45,2024-11-17 04:34:58
2920,29,26890.33,8,Piura,BCP,Yape,Pago de Servicios,29.0,0,1,0.3,2024-10-14 04:34:58
2921,18,11383.97,0,Lima,Scotiabank,QR,Pago de Tarjeta de Crédito,179.58,0,1,0.25,2024-01-04 04:34:58
2922,43,19547.91,0,Lima,Scotiabank,Plin,Transferencia Mismo Banco,248.65,1,1,0.35,2024-11-01 04:34:58
2923,22,41889.53,18,Lima,Scotiabank,Yape,Retiro sin Tarjeta,380.05,1,0,0.45,2024-11-09 04:34:58
2924,37,21406.92,4,Lima,BCP,Yape,Transferencia Interbancaria,34.16,0,1,0.0,2024-09-07 04:34:58
2925,59,23642.42,3,Arequipa,BBVA,Banca Móvil Propia,Transferencia Mismo Banco,29.68,0,0,0.0,2024-05-06 04:34:58
2926,23,27934.82,3,Cusco,BCP,Banca Móvil Propia,Compras Online,666.91,0,0,0.2,2024-07-12 04:34:58
2927,18,39550.39,1,Lima,BCP,Banca Móvil Propia,Retiro sin Tarjeta,65.24,0,1,0.15,2024-08-25 04:34:58
2928,31,9627.58,6,Cusco,BBVA,QR,Retiro sin Tarjeta,87.58,0,0,0.0,2023-12-19 04:34:58
2929,48,29503.44,0,Arequipa,Interbank,Plin,Pago de Tarjeta de Crédito,279.53,0,0,0.25,2024-03-23 04:34:58
2930,58,19262.79,4,Trujillo,BCP,Tunki,Pago de Préstamos,46.1,0,1,0.15,2024-08-16 04:34:58
2931,20,23940.31,4,Trujillo,BCP,Banca Móvil Propia,Pago de Tarjeta de Crédito,113.77,1,1,0.0,2023-12-18 04:34:58
2932,40,37420.54,12,Piura,BanBif,Web Banking,Transferencia Interbancaria,362.04,0,1,0.2,2024-10-01 04:34:58
2933,29,12123.57,3,Lima,BBVA,Plin,Pago de Préstamos,35.83,0,1,0.0,2024-10-20 04:34:58
2934,33,13275.53,0,Arequipa,BanBif,Web Banking,Compras Online,90.02,0,1,0.0,2024-07-25 04:34:58
2935,66,8368.96,4,Trujillo,Pichincha,Yape,Pago de Préstamos,48.1,0,1,0.2,2024-06-27 04:34:58
2936,18,16737.73,0,Arequipa,BBVA,Lukita,Compras Online,68.45,0,0,0.15,2024-10-20 04:34:58
2937,38,42839.51,1,Trujillo,BCP,Banca Móvil Propia,Pago de Tarjeta de Crédito,485.73,0,1,0.5,2024-08-21 04:34:58
2938,40,20737.65,0,Lima,Scotiabank,QR,Pago de Préstamos,604.9,1,1,0.0,2024-09-29 04:34:58
2939,48,11270.43,3,Trujillo,BCP,Yape,Pago de Servicios,192.07,0,1,0.5,2024-09-03 04:34:58
2940,36,17277.5,0,Lima,BCP,Yape,Transferencia Mismo Banco,252.7,0,1,0.6,2024-07-04 04:34:58
2941,38,10467.9,3,Cusco,Scotiabank,Yape,Recarga de Celular,245.88,0,0,0.35,2024-07-16 04:34:58
2942,30,12549.13,13,Lima,BBVA,Banca Móvil Propia,Compras Online,75.77,0,1,0.0,2024-04-16 04:34:58
2943,38,26753.2,6,Trujillo,BCP,Banca Móvil Propia,Compras Online,188.32,1,1,0.35,2024-05-02 04:34:58
2944,30,12247.33,0,Piura,Interbank,Web Banking,Pago de Servicios,40.64,1,0,0.15,2024-03-30 04:34:58
2945,42,38419.37,1,Lima,Interbank,Tunki,Pago de Préstamos,56.91,1,0,0.2,2024-03-21 04:34:58
2946,30,21256.96,5,Otros,BCP,Yape,Recarga de Celular,136.07,0,1,0.0,2024-04-04 04:34:58
2947,39,22989.6,11,Lima,BCP,Yape,Compras Online,51.37,0,0,0.0,2024-10-23 04:34:58
2948,34,19164.47,0,Trujillo,BCP,Yape,Transferencia Mismo Banco,41.57,0,1,0.2,2024-09-27 04:34:58
2949,48,32416.54,8,Cusco,BBVA,Lukita,Compras Online,72.83,0,1,0.15,2024-10-01 04:34:58
2950,34,32584.11,4,Lima,Scotiabank,QR,Pago de Tarjeta de Crédito,467.0,1,1,0.0,2024-05-15 04:34:58
2951,18,26043.6,3,Piura,Interbank,Web Banking,Compras Online,704.25,1,1,0.2,2024-12-04 04:34:58
2952,50,29213.74,15,Lima,Interbank,Tunki,Recarga de Celular,143.66,1,1,0.4,2024-10-17 04:34:58
2953,24,19810.26,6,Arequipa,BCP,Yape,Recarga de Celular,265.66,0,0,0.35,2024-04-23 04:34:58
2954,27,28885.69,9,Cusco,BCP,Yape,Transferencia Interbancaria,84.48,0,1,0.15,2024-07-10 04:34:58
2955,27,18602.68,2,Lima,BCP,Tunki,Transferencia Interbancaria,18.81,0,0,0.15,2024-11-08 04:34:58
2956,51,22051.06,4,Arequipa,BCP,Web Banking,Pago de Tarjeta de Crédito,60.73,1,1,0.0,2024-05-14 04:34:58
2957,18,19200.24,4,Lima,BCP,Yape,Compras Online,109.03,0,0,0.35,2023-12-26 04:34:58
2958,72,17525.12,1,Lima,BBVA,Yape,Transferencia Interbancaria,170.88,1,1,0.0,2024-06-01 04:34:58
2959,47,15606.52,4,Otros,BCP,Banca Móvil Propia,Recarga de Celular,134.16,1,0,0.0,2024-11-25 04:34:58
2960,37,27829.31,1,Lima,Scotiabank,Banca Móvil Propia,Pago de Tarjeta de Crédito,111.98,0,1,0.0,2024-08-03 04:34:58
2961,34,42416.93,0,Piura,Scotiabank,Plin,Recarga de Celular,83.54,1,0,0.1,2023-12-09 04:34:58
2962,38,39559.1,2,Lima,BBVA,Lukita,Compras Online,209.32,0,1,0.1,2024-05-17 04:34:58
2963,41,11751.28,6,Arequipa,BCP,Yape,Retiro sin Tarjeta,37.94,1,1,0.15,2024-02-09 04:34:58
2964,42,41965.43,12,Lima,Scotiabank,Web Banking,Compras Online,330.98,1,1,0.3,2023-12-12 04:34:58
2965,41,18787.01,3,Trujillo,Pichincha,Plin,Retiro sin Tarjeta,82.57,0,1,0.3,2024-03-25 04:34:58
2966,36,29743.52,5,Cusco,BCP,Yape,Pago de Préstamos,1172.74,0,1,0.0,2024-04-14 04:34:58
2967,32,14001.12,0,Trujillo,Interbank,Plin,Transferencia Interbancaria,108.28,1,0,0.25,2024-10-27 04:34:58
2968,33,23646.96,11,Cusco,Scotiabank,Yape,Pago de Préstamos,91.82,0,1,0.1,2024-07-01 04:34:58
2969,32,25767.3,4,Lima,BBVA,Banca Móvil Propia,Retiro sin Tarjeta,84.55,0,0,0.0,2024-02-19 04:34:58
2970,48,10484.96,7,Lima,BCP,Banca Móvil Propia,Pago de Servicios,92.74,0,1,0.0,2024-05-06 04:34:58
2971,42,29855.78,7,Arequipa,BBVA,Tunki,Retiro sin Tarjeta,272.39,0,1,0.0,2024-09-18 04:34:58
2972,18,43172.87,1,Lima,BBVA,Banca Móvil Propia,Compras Online,142.27,0,1,0.45,2024-01-21 04:34:58
2973,42,20184.62,3,Lima,BBVA,Plin,Retiro sin Tarjeta,398.25,1,1,0.0,2024-04-26 04:34:58
2974,37,43481.21,16,Lima,BanBif,Yape,Pago de Servicios,236.14,0,0,0.0,2024-05-10 04:34:58
2975,34,20033.34,0,Trujillo,Interbank,Web Banking,Pago de Servicios,153.16,0,0,0.25,2024-08-07 04:34:58
2976,30,33684.47,5,Lima,BCP,Lukita,Transferencia Mismo Banco,215.5,1,1,0.0,2024-02-13 04:34:58
2977,48,7264.21,16,Lima,BBVA,Yape,Recarga de Celular,490.95,0,1,0.0,2024-08-07 04:34:58
2978,46,50000.0,1,Piura,Interbank,Tunki,Recarga de Celular,286.2,1,1,0.2,2024-10-29 04:34:58
2979,25,46524.26,9,Arequipa,BCP,Banca Móvil Propia,Pago de Tarjeta de Crédito,196.48,0,1,0.0,2024-12-01 04:34:58
2980,39,19104.65,13,Trujillo,BBVA,Plin,Pago de Préstamos,226.5,0,1,0.15,2024-11-01 04:34:58
2981,23,8216.96,6,Lima,BanBif,Banca Móvil Propia,Transferencia Interbancaria,46.87,0,1,0.0,2024-06-08 04:34:58
2982,18,25438.38,1,Lima,BBVA,Banca Móvil Propia,Pago de Tarjeta de Crédito,1942.43,0,0,0.35,2024-01-24 04:34:58
2983,27,10700.41,2,Trujillo,BCP,Yape,Transferencia Mismo Banco,251.67,0,1,0.15,2023-12-23 04:34:58
2984,45,27513.35,0,Lima,BCP,Yape,Pago de Tarjeta de Crédito,278.08,1,1,0.2,2024-05-04 04:34:58
2985,46,27059.21,8,Lima,BBVA,Lukita,Transferencia Mismo Banco,144.22,0,0,0.0,2024-04-01 04:34:58
2986,41,13756.94,9,Lima,BBVA,Plin,Transferencia Mismo Banco,14.92,1,1,0.3,2024-10-18 04:34:58
2987,43,38579.78,5,Arequipa,BCP,Yape,Pago de Préstamos,113.82,1,0,0.15,2024-03-26 04:34:58
2988,41,32951.34,2,Lima,Interbank,Lukita,Transferencia Mismo Banco,160.12,1,1,0.1,2024-09-18 04:34:58
2989,27,35879.15,0,Cusco,BCP,Banca Móvil Propia,Pago de Préstamos,65.18,0,1,0.0,2024-04-19 04:34:58
2990,40,22124.23,6,Cusco,BCP,Yape,Pago de Préstamos,64.62,0,1,0.3,2024-10-09 04:34:58
2991,44,10853.45,6,Lima,BBVA,QR,Retiro sin Tarjeta,105.72,0,1,0.35,2024-11-16 04:34:58
2992,44,35915.93,12,Lima,BCP,Banca Móvil Propia,Transferencia Mismo Banco,321.03,0,0,0.15,2024-01-10 04:34:58
2993,49,19241.3,6,Lima,Scotiabank,Plin,Pago de Tarjeta de Crédito,521.0,0,1,0.0,2024-05-29 04:34:58
2994,43,10994.05,8,Lima,BCP,Plin,Transferencia Interbancaria,176.08,0,0,0.0,2024-04-08 04:34:58
2995,39,43304.84,6,Cusco,Interbank,Lukita,Compras Online,84.15,0,1,0.0,2024-07-14 04:34:58
2996,47,50000.0,4,Trujillo,BBVA,Plin,Recarga de Celular,103.3,0,1,0.0,2024-06-28 04:34:58
2997,34,21576.84,2,Trujillo,BBVA,Tunki,Transferencia Mismo Banco,163.95,0,1,0.25,2024-06-07 04:34:58
2998,24,50000.0,11,Lima,Scotiabank,Banca Móvil Propia,Compras Online,184.57,0,1,0.15,2024-01-16 04:34:58
2999,33,23055.45,5,Cusco,BBVA,Banca Móvil Propia,Pago de Tarjeta de Crédito,229.28,0,1,0.15,2024-02-20 04:34:58
3000,26,18210.84,2,Cusco,Interbank,Banca Móvil Propia,Recarga de Celular,95.64,1,0,0.0,2024-01-26 04:34:58
3001,26,16070.99,0,Lima,BBVA,Banca Móvil Propia,Pago de Préstamos,251.97,1,1,0.25,2024-04-30 04:34:58
3002,33,49938.18,1,Trujillo,BBVA,Plin,Compras Online,232.81,0,1,0.45,2023-12-11 04:34:58
3003,25,14912.1,3,Lima,Scotiabank,Tunki,Compras Online,99.97,0,1,0.15,2024-03-13 04:34:58
3004,31,31813.14,1,Lima,Interbank,Banca Móvil Propia,Pago de Servicios,26.59,0,1,0.15,2024-08-29 04:34:58
3005,18,16654.21,1,Lima,Interbank,QR,Transferencia Interbancaria,61.26,1,0,0.3,2024-05-29 04:34:58
3006,37,17498.08,3,Cusco,Scotiabank,Banca Móvil Propia,Pago de Servicios,711.66,0,1,0.0,2024-03-26 04:34:58
3007,35,36868.94,0,Lima,BanBif,Tunki,Compras Online,27.29,1,0,0.0,2024-01-11 04:34:58
3008,25,18214.65,8,Lima,BBVA,Web Banking,Pago de Tarjeta de Crédito,554.2,1,0,0.3,2024-01-15 04:34:58
3009,42,17990.56,3,Piura,BBVA,Yape,Transferencia Mismo Banco,26.35,0,1,0.15,2023-12-30 04:34:58
3010,46,38808.8,4,Lima,BCP,Yape,Compras Online,68.5,0,1,0.0,2024-08-15 04:34:58
3011,18,48957.05,0,Trujillo,BBVA,Plin,Retiro sin Tarjeta,102.03,0,1,0.3,2024-02-02 04:34:58
3012,25,30404.47,1,Piura,BBVA,Plin,Pago de Tarjeta de Crédito,882.1,1,0,0.15,2024-08-24 04:34:58
3013,25,15876.81,2,Piura,Scotiabank,Banca Móvil Propia,Retiro sin Tarjeta,152.34,0,1,0.2,2024-04-20 04:34:58
3014,23,17063.48,8,Lima,BBVA,Yape,Pago de Tarjeta de Crédito,119.82,0,0,0.0,2024-05-02 04:34:58
3015,44,22924.41,7,Lima,Interbank,Yape,Transferencia Interbancaria,58.24,0,1,0.0,2024-04-24 04:34:58
3016,32,25860.32,1,Lima,BCP,Yape,Transferencia Mismo Banco,250.13,1,1,0.0,2024-03-06 04:34:58
3017,31,13441.03,4,Arequipa,BBVA,Banca Móvil Propia,Transferencia Mismo Banco,88.88,0,0,0.15,2024-11-25 04:34:58
3018,18,31619.17,1,Piura,BanBif,QR,Transferencia Mismo Banco,118.04,0,1,0.1,2024-04-07 04:34:58
3019,42,22988.67,22,Piura,BCP,Banca Móvil Propia,Transferencia Mismo Banco,103.71,1,1,0.0,2024-12-04 04:34:58
3020,20,9340.79,15,Lima,BCP,Yape,Compras Online,304.86,1,0,0.1,2024-01-30 04:34:58
3021,35,13843.02,4,Lima,BBVA,Banca Móvil Propia,Pago de Tarjeta de Crédito,317.92,0,0,0.1,2024-09-05 04:34:58
3022,38,17118.85,6,Piura,Interbank,Yape,Transferencia Interbancaria,60.92,0,1,0.15,2023-12-27 04:34:58
3023,51,21238.51,8,Otros,BBVA,Plin,Transferencia Interbancaria,79.26,0,0,0.0,2024-04-02 04:34:58
3024,19,50000.0,6,Lima,BBVA,Lukita,Pago de Préstamos,71.82,1,1,0.0,2024-01-16 04:34:58
3025,18,24812.07,6,Piura,Interbank,Tunki,Transferencia Interbancaria,178.28,0,0,0.2,2024-09-06 04:34:58
3026,37,14466.83,15,Trujillo,BCP,Yape,Pago de Tarjeta de Crédito,367.49,0,1,0.35,2024-06-16 04:34:58
3027,56,24595.42,4,Lima,Scotiabank,Tunki,Retiro sin Tarjeta,180.67,0,1,0.2,2024-03-05 04:34:58
3028,49,18470.98,5,Piura,BCP,Yape,Transferencia Mismo Banco,16.6,0,1,0.3,2024-11-29 04:34:58
3029,37,25909.87,9,Arequipa,BBVA,Plin,Pago de Tarjeta de Crédito,317.27,0,1,0.6,2024-06-14 04:34:58
3030,29,29445.13,5,Lima,Interbank,Tunki,Pago de Servicios,38.51,0,0,0.15,2024-08-10 04:34:58
3031,44,40320.5,6,Lima,Scotiabank,Plin,Recarga de Celular,72.59,0,1,0.0,2024-10-17 04:34:58
3032,23,21760.61,1,Arequipa,Scotiabank,Web Banking,Transferencia Interbancaria,180.99,0,1,0.2,2024-05-02 04:34:58
3033,40,49985.1,2,Piura,Interbank,Banca Móvil Propia,Transferencia Interbancaria,136.47,0,0,0.1,2024-04-16 04:34:58
3034,41,34683.22,0,Piura,BBVA,Lukita,Pago de Tarjeta de Crédito,355.22,1,1,0.15,2024-07-11 04:34:58
3035,47,15464.16,3,Lima,BCP,Banca Móvil Propia,Retiro sin Tarjeta,80.58,0,1,0.25,2024-01-25 04:34:58
3036,68,50000.0,3,Lima,BCP,Banca Móvil Propia,Retiro sin Tarjeta,56.45,0,1,0.15,2024-04-27 04:34:58
3037,39,25938.85,29,Cusco,Scotiabank,Tunki,Recarga de Celular,108.67,0,0,0.0,2024-11-03 04:34:58
3038,28,14507.74,4,Lima,Scotiabank,Yape,Retiro sin Tarjeta,394.26,0,1,0.0,2024-11-18 04:34:58
3039,34,50000.0,7,Cusco,Pichincha,Banca Móvil Propia,Pago de Tarjeta de Crédito,278.57,0,0,0.0,2024-01-19 04:34:58
3040,18,50000.0,2,Lima,BCP,Yape,Compras Online,161.93,0,0,0.2,2024-04-09 04:34:58
3041,26,21665.74,8,Arequipa,BBVA,Yape,Transferencia Interbancaria,558.9,0,1,0.0,2024-03-05 04:34:58
3042,30,17122.95,4,Trujillo,Interbank,Tunki,Transferencia Mismo Banco,466.31,1,1,0.2,2024-10-24 04:34:58
3043,28,20207.57,5,Trujillo,Interbank,Lukita,Transferencia Mismo Banco,326.52,0,1,0.3,2024-02-06 04:34:58
3044,36,31488.13,1,Arequipa,Interbank,Web Banking,Retiro sin Tarjeta,45.7,0,1,0.0,2024-10-27 04:34:58
3045,25,41728.03,3,Lima,Scotiabank,Plin,Recarga de Celular,324.81,0,0,0.35,2024-03-03 04:34:58
3046,48,29297.1,5,Cusco,BBVA,Banca Móvil Propia,Pago de Préstamos,121.22,0,1,0.1,2024-04-30 04:34:58
3047,35,23175.75,4,Piura,BCP,QR,Transferencia Mismo Banco,99.99,1,0,0.0,2024-03-20 04:34:58
3048,34,46583.7,12,Piura,BCP,Yape,Transferencia Interbancaria,75.0,0,1,0.15,2024-09-14 04:34:58
3049,31,18837.07,11,Trujillo,BCP,Yape,Pago de Préstamos,125.0,0,1,0.0,2024-06-26 04:34:58
3050,36,36881.29,17,Lima,BBVA,Plin,Transferencia Mismo Banco,79.38,0,0,0.0,2024-05-05 04:34:58
3051,44,19071.85,5,Lima,BCP,QR,Recarga de Celular,175.87,0,1,0.1,2024-01-14 04:34:58
3052,24,27323.75,17,Lima,BCP,Yape,Pago de Préstamos,124.84,1,1,0.0,2024-02-04 04:34:58
3053,27,20810.62,8,Cusco,Interbank,Plin,Retiro sin Tarjeta,185.03,0,0,0.0,2024-02-19 04:34:58
3054,31,21419.86,1,Arequipa,Scotiabank,Tunki,Pago de Servicios,258.08,0,0,0.0,2024-08-29 04:34:58
3055,18,18238.8,2,Otros,Scotiabank,QR,Pago de Préstamos,110.57,0,1,0.15,2024-10-27 04:34:58
3056,25,43149.54,1,Cusco,BCP,QR,Pago de Tarjeta de Crédito,71.0,0,1,0.25,2023-12-27 04:34:58
3057,29,15268.34,0,Lima,BCP,Plin,Transferencia Mismo Banco,19.96,0,1,0.0,2024-03-10 04:34:58
3058,45,15212.67,1,Cusco,BCP,QR,Transferencia Interbancaria,320.75,0,0,0.2,2024-10-10 04:34:58
3059,38,50000.0,0,Trujillo,Pichincha,Yape,Recarga de Celular,160.58,0,1,0.15,2024-05-02 04:34:58
3060,37,35915.48,6,Arequipa,BBVA,Plin,Transferencia Mismo Banco,124.44,0,1,0.0,2024-06-04 04:34:58
3061,45,6683.81,2,Cusco,BCP,QR,Pago de Préstamos,479.1,0,1,0.25,2024-06-22 04:34:58
3062,33,16603.53,1,Lima,Scotiabank,Banca Móvil Propia,Pago de Servicios,40.91,0,1,0.0,2024-06-12 04:34:58
3063,39,8901.77,7,Lima,BBVA,Plin,Retiro sin Tarjeta,157.0,0,1,0.15,2024-01-08 04:34:58
3064,33,13693.2,8,Lima,Scotiabank,Tunki,Transferencia Mismo Banco,56.6,0,0,0.5,2024-06-12 04:34:58
3065,38,4585.9,18,Lima,BCP,Banca Móvil Propia,Recarga de Celular,286.0,1,1,0.0,2024-05-28 04:34:58
3066,28,20568.28,5,Lima,BBVA,Lukita,Transferencia Mismo Banco,16.02,0,1,0.3,2024-01-19 04:34:58
3067,18,12444.44,3,Piura,BBVA,QR,Retiro sin Tarjeta,331.63,0,1,0.3,2024-05-15 04:34:58
3068,33,22696.2,1,Arequipa,Scotiabank,Banca Móvil Propia,Recarga de Celular,318.19,0,1,0.15,2024-02-05 04:34:58
3069,52,9773.59,1,Piura,Scotiabank,QR,Pago de Tarjeta de Crédito,58.97,0,1,0.15,2024-04-22 04:34:58
3070,46,22958.78,1,Otros,BBVA,Banca Móvil Propia,Pago de Servicios,158.59,1,1,0.2,2023-12-25 04:34:58
3071,46,17899.75,2,Lima,BCP,Banca Móvil Propia,Transferencia Interbancaria,60.25,0,0,0.15,2024-10-13 04:34:58
3072,49,46675.58,24,Lima,BBVA,Lukita,Compras Online,227.6,0,1,0.3,2024-01-24 04:34:58
3073,36,44608.44,0,Trujillo,Pichincha,Tunki,Compras Online,337.05,1,0,0.2,2024-11-13 04:34:58
3074,37,32619.74,1,Otros,Interbank,Yape,Pago de Tarjeta de Crédito,54.33,0,1,0.0,2024-02-12 04:34:58
3075,27,18707.75,1,Cusco,Scotiabank,Plin,Compras Online,40.58,0,1,0.35,2024-03-10 04:34:58
3076,31,50000.0,6,Arequipa,BBVA,Banca Móvil Propia,Pago de Préstamos,444.27,0,1,0.2,2024-08-01 04:34:58
3077,42,10132.29,2,Cusco,BBVA,Plin,Compras Online,1033.98,0,1,0.1,2024-09-03 04:34:58
3078,49,10918.57,3,Cusco,BBVA,Yape,Retiro sin Tarjeta,243.34,1,1,0.0,2023-12-12 04:34:58
3079,33,21122.8,0,Lima,Interbank,Plin,Pago de Préstamos,262.03,1,1,0.3,2024-03-04 04:34:58
3080,29,50000.0,2,Piura,Scotiabank,Yape,Pago de Préstamos,106.48,0,1,0.1,2024-04-05 04:34:58
3081,35,19907.08,0,Lima,BBVA,Banca Móvil Propia,Transferencia Mismo Banco,177.69,0,1,0.45,2024-09-04 04:34:58
3082,42,20098.04,3,Lima,BBVA,Plin,Pago de Servicios,210.76,0,1,0.55,2024-11-26 04:34:58
3083,18,10711.2,0,Lima,BCP,Yape,Recarga de Celular,123.65,1,1,0.1,2024-06-05 04:34:58
3084,18,35346.86,7,Lima,BCP,Banca Móvil Propia,Compras Online,572.41,0,1,0.3,2024-02-08 04:34:58
3085,28,35475.16,4,Trujillo,BanBif,QR,Pago de Tarjeta de Crédito,177.11,1,1,0.0,2024-09-03 04:34:58
3086,20,32680.62,6,Trujillo,BCP,Yape,Recarga de Celular,201.46,0,1,0.15,2024-03-05 04:34:58
3087,28,16080.93,2,Otros,Scotiabank,Plin,Recarga de Celular,126.22,1,1,0.0,2024-12-04 04:34:58
3088,33,15469.82,2,Trujillo,Interbank,Web Banking,Pago de Préstamos,139.72,0,0,0.15,2024-05-19 04:34:58
3089,29,11538.43,0,Arequipa,Scotiabank,Plin,Transferencia Mismo Banco,502.06,0,1,0.0,2024-01-20 04:34:58
3090,52,22969.82,3,Lima,BanBif,Web Banking,Pago de Tarjeta de Crédito,171.73,0,0,0.35,2024-06-03 04:34:58
3091,38,12833.27,3,Piura,Interbank,Plin,Compras Online,175.79,0,1,0.2,2024-10-28 04:34:58
3092,38,12225.65,3,Arequipa,Scotiabank,Plin,Compras Online,178.07,0,1,0.25,2024-03-15 04:34:58
3093,42,17821.39,6,Arequipa,BCP,Yape,Retiro sin Tarjeta,103.08,0,0,0.0,2024-01-11 04:34:58
3094,21,17247.49,8,Cusco,Interbank,Yape,Pago de Tarjeta de Crédito,36.31,0,1,0.0,2024-11-21 04:34:58
3095,47,16831.56,6,Arequipa,Scotiabank,QR,Pago de Servicios,715.21,0,0,0.35,2024-06-09 04:34:58
3096,34,27811.98,0,Arequipa,BCP,Web Banking,Recarga de Celular,431.94,0,1,0.0,2024-04-26 04:34:58
3097,43,22914.47,4,Lima,Interbank,Web Banking,Transferencia Interbancaria,517.52,0,0,0.0,2024-08-03 04:34:58
3098,22,19070.96,0,Trujillo,Scotiabank,QR,Retiro sin Tarjeta,50.78,0,1,0.15,2024-01-05 04:34:58
3099,18,24137.13,5,Lima,Scotiabank,QR,Pago de Servicios,629.5,0,0,0.15,2024-04-02 04:34:58
3100,44,13416.45,2,Lima,BCP,Banca Móvil Propia,Compras Online,1060.9,0,1,0.35,2024-05-24 04:34:58
3101,39,23216.98,0,Cusco,Interbank,QR,Pago de Servicios,421.92,0,0,0.15,2024-05-20 04:34:58
3102,24,23749.13,9,Trujillo,BCP,Yape,Recarga de Celular,771.1,0,0,0.2,2024-07-26 04:34:58
3103,24,10388.73,4,Trujillo,Interbank,Plin,Transferencia Interbancaria,329.59,0,1,0.1,2024-12-03 04:34:58
3104,48,36237.4,2,Lima,BBVA,Banca Móvil Propia,Recarga de Celular,63.65,0,1,0.1,2024-06-30 04:34:58
3105,20,14175.68,0,Lima,BBVA,QR,Retiro sin Tarjeta,246.57,0,0,0.3,2024-01-17 04:34:58
3106,54,23043.87,3,Lima,BBVA,Banca Móvil Propia,Transferencia Mismo Banco,53.5,0,1,0.25,2024-01-25 04:34:58
3107,24,39426.99,12,Lima,BCP,Lukita,Retiro sin Tarjeta,81.67,0,1,0.15,2024-04-23 04:34:58
3108,42,34990.73,4,Lima,BCP,Plin,Pago de Préstamos,203.63,0,1,0.2,2024-03-07 04:34:58
3109,31,22407.85,17,Trujillo,BCP,Banca Móvil Propia,Transferencia Interbancaria,178.04,1,1,0.0,2024-03-07 04:34:58
3110,42,18375.08,0,Piura,Interbank,Web Banking,Compras Online,235.82,0,1,0.5,2024-09-20 04:34:58
3111,28,35374.83,4,Lima,Scotiabank,Yape,Pago de Préstamos,24.73,1,0,0.15,2024-09-26 04:34:58
3112,33,30864.05,8,Arequipa,BCP,QR,Pago de Préstamos,127.2,0,0,0.25,2024-07-30 04:34:58
3113,35,16168.46,3,Lima,BCP,Plin,Transferencia Mismo Banco,256.98,0,1,0.25,2024-02-15 04:34:58
3114,22,14802.53,0,Piura,BBVA,Banca Móvil Propia,Pago de Tarjeta de Crédito,313.68,0,1,0.0,2024-06-05 04:34:58
3115,43,7815.17,4,Trujillo,Interbank,QR,Pago de Tarjeta de Crédito,334.88,0,1,0.0,2024-03-01 04:34:58
3116,28,23789.89,4,Arequipa,BCP,Plin,Pago de Préstamos,190.81,0,0,0.0,2024-02-24 04:34:58
3117,32,21134.27,6,Otros,BCP,Plin,Pago de Servicios,101.57,0,1,0.25,2024-05-17 04:34:58
3118,23,38874.57,7,Arequipa,BCP,Plin,Recarga de Celular,245.05,0,1,0.0,2024-10-22 04:34:58
3119,18,26358.01,7,Lima,BBVA,Yape,Pago de Préstamos,109.98,1,0,0.0,2024-08-25 04:34:58
3120,32,42920.92,5,Lima,BCP,Plin,Pago de Tarjeta de Crédito,365.42,1,1,0.0,2024-02-24 04:34:58
3121,63,15542.26,1,Lima,BBVA,Plin,Retiro sin Tarjeta,227.54,1,1,0.0,2024-06-09 04:34:58
3122,44,38912.67,2,Otros,Interbank,Web Banking,Compras Online,139.53,0,1,0.2,2023-12-12 04:34:58
3123,34,16907.99,7,Otros,Interbank,Yape,Recarga de Celular,68.79,0,1,0.1,2024-11-05 04:34:58
3124,31,32493.59,15,Piura,BCP,Plin,Retiro sin Tarjeta,454.63,1,0,0.2,2024-07-13 04:34:58
3125,35,10621.34,0,Lima,Interbank,Web Banking,Recarga de Celular,259.58,0,0,0.3,2024-05-21 04:34:58
3126,41,24774.44,3,Lima,BBVA,QR,Pago de Tarjeta de Crédito,1215.57,0,1,0.35,2024-02-20 04:34:58
3127,20,8165.36,1,Piura,BanBif,Lukita,Transferencia Mismo Banco,251.19,1,1,0.0,2023-12-07 04:34:58
3128,48,19272.44,1,Cusco,BCP,Tunki,Recarga de Celular,273.12,0,1,0.35,2024-11-30 04:34:58
3129,43,27451.52,3,Trujillo,Interbank,Plin,Compras Online,34.29,1,1,0.2,2024-06-24 04:34:58
3130,43,16975.32,4,Cusco,Interbank,Plin,Compras Online,202.45,0,1,0.15,2023-12-22 04:34:58
3131,40,13027.02,0,Arequipa,BCP,Yape,Pago de Préstamos,108.14,1,1,0.0,2024-11-28 04:34:58
3132,35,33626.15,7,Arequipa,BanBif,QR,Pago de Préstamos,339.15,0,1,0.0,2024-08-19 04:34:58
3133,43,20915.98,8,Lima,BBVA,Plin,Pago de Préstamos,207.41,0,1,0.2,2024-09-02 04:34:58
3134,42,17243.92,16,Trujillo,Interbank,Banca Móvil Propia,Transferencia Interbancaria,397.53,1,0,0.3,2024-01-30 04:34:58
3135,30,22492.74,0,Arequipa,BCP,Yape,Transferencia Interbancaria,1252.12,0,1,0.0,2024-01-21 04:34:58
3136,28,50000.0,4,Otros,BCP,Plin,Pago de Tarjeta de Crédito,66.8,1,1,0.15,2024-08-10 04:34:58
3137,36,39212.52,2,Lima,BBVA,Banca Móvil Propia,Compras Online,382.49,0,0,0.3,2024-04-14 04:34:58
3138,53,39390.77,2,Arequipa,BCP,Lukita,Recarga de Celular,294.0,1,0,0.4,2024-10-13 04:34:58
3139,20,27385.62,4,Arequipa,BBVA,Plin,Compras Online,1074.16,0,0,0.2,2024-06-02 04:34:58
3140,18,23938.48,7,Piura,BBVA,Plin,Pago de Tarjeta de Crédito,300.48,1,1,0.15,2024-08-06 04:34:58
3141,36,6647.25,0,Trujillo,Interbank,Yape,Pago de Servicios,270.81,1,0,0.3,2024-04-08 04:34:58
3142,35,15685.78,17,Lima,BBVA,Yape,Transferencia Interbancaria,347.74,0,1,0.3,2024-05-16 04:34:58
3143,37,17321.66,8,Arequipa,BCP,Banca Móvil Propia,Retiro sin Tarjeta,372.88,0,1,0.0,2024-07-02 04:34:58
3144,37,8626.15,6,Cusco,Interbank,Yape,Pago de Tarjeta de Crédito,635.47,1,1,0.2,2024-05-09 04:34:58
3145,32,12348.53,7,Lima,BBVA,Yape,Recarga de Celular,65.41,0,1,0.0,2024-04-23 04:34:58
3146,52,8181.1,2,Trujillo,BCP,QR,Recarga de Celular,100.25,0,1,0.0,2024-01-10 04:34:58
3147,18,21608.41,6,Lima,BCP,Plin,Transferencia Interbancaria,841.58,1,1,0.35,2024-11-24 04:34:58
3148,25,33169.4,2,Arequipa,BCP,Yape,Pago de Servicios,20.93,0,1,0.0,2024-04-20 04:34:58
3149,33,38306.97,11,Lima,BCP,Yape,Retiro sin Tarjeta,136.36,0,1,0.0,2024-02-02 04:34:58
3150,18,27102.8,0,Arequipa,BanBif,Yape,Pago de Préstamos,172.36,1,1,0.0,2024-01-01 04:34:58
3151,32,13606.49,1,Arequipa,BBVA,Tunki,Pago de Préstamos,124.35,0,1,0.35,2024-01-24 04:34:58
3152,54,8383.05,4,Trujillo,BCP,Banca Móvil Propia,Pago de Préstamos,721.22,0,1,0.0,2024-07-15 04:34:58
3153,35,9150.52,1,Cusco,BCP,Banca Móvil Propia,Pago de Préstamos,238.87,0,1,0.2,2024-04-03 04:34:58
3154,37,11678.55,2,Trujillo,BCP,Yape,Compras Online,100.75,0,0,0.1,2024-07-05 04:34:58
3155,19,14123.14,3,Trujillo,BBVA,Banca Móvil Propia,Transferencia Interbancaria,78.7,0,1,0.0,2024-09-01 04:34:58
3156,27,20335.55,9,Arequipa,BCP,Plin,Transferencia Interbancaria,196.73,1,0,0.15,2024-09-23 04:34:58
3157,30,13265.45,3,Cusco,BBVA,Tunki,Pago de Préstamos,476.26,0,1,0.3,2024-03-17 04:34:58
3158,31,26094.71,2,Piura,BBVA,Lukita,Pago de Tarjeta de Crédito,170.44,0,1,0.3,2024-11-08 04:34:58
3159,50,19611.34,1,Lima,Scotiabank,Plin,Compras Online,129.75,0,1,0.0,2024-03-17 04:34:58
3160,41,22142.91,2,Lima,BCP,Yape,Transferencia Mismo Banco,74.05,1,1,0.1,2024-09-01 04:34:58
3161,21,38953.55,3,Arequipa,BBVA,QR,Pago de Préstamos,215.73,0,0,0.65,2024-01-09 04:34:58
3162,37,12208.46,6,Arequipa,Interbank,Plin,Pago de Préstamos,204.09,0,0,0.35,2024-01-03 04:34:58
3163,40,27155.97,0,Lima,BBVA,Plin,Pago de Tarjeta de Crédito,71.94,1,0,0.15,2024-04-20 04:34:58
3164,48,21873.11,1,Arequipa,Scotiabank,Lukita,Transferencia Interbancaria,414.23,0,1,0.45,2024-04-25 04:34:58
3165,53,18643.57,2,Piura,Interbank,Banca Móvil Propia,Retiro sin Tarjeta,817.33,1,1,0.0,2024-04-01 04:34:58
3166,22,34290.66,2,Lima,BBVA,Lukita,Transferencia Mismo Banco,155.87,1,1,0.2,2024-07-04 04:34:58
3167,25,34183.8,2,Piura,BBVA,Plin,Pago de Servicios,200.77,0,1,0.35,2024-06-12 04:34:58
3168,19,13721.99,7,Lima,Pichincha,Plin,Compras Online,49.16,0,1,0.2,2024-05-15 04:34:58
3169,32,20108.94,1,Lima,Interbank,Yape,Pago de Servicios,310.19,0,1,0.0,2024-08-17 04:34:58
3170,40,25351.82,3,Lima,BanBif,Banca Móvil Propia,Transferencia Interbancaria,236.08,1,1,0.2,2024-11-27 04:34:58
3171,46,19215.96,4,Piura,BCP,Yape,Retiro sin Tarjeta,107.11,1,1,0.1,2024-07-29 04:34:58
3172,34,29510.77,1,Arequipa,BBVA,Banca Móvil Propia,Pago de Servicios,70.56,1,1,0.1,2024-02-09 04:34:58
3173,31,25351.57,6,Lima,BanBif,Yape,Retiro sin Tarjeta,941.59,0,1,0.2,2024-01-27 04:34:58
3174,36,50000.0,3,Piura,BCP,Yape,Pago de Tarjeta de Crédito,217.62,0,1,0.2,2024-10-05 04:34:58
3175,24,10248.23,2,Piura,Pichincha,Tunki,Pago de Tarjeta de Crédito,59.28,0,1,0.0,2024-09-06 04:34:58
3176,60,20718.49,8,Cusco,BCP,Web Banking,Retiro sin Tarjeta,349.16,0,1,0.2,2024-04-23 04:34:58
3177,18,13985.11,1,Lima,BanBif,QR,Pago de Préstamos,186.73,1,1,0.2,2024-03-06 04:34:58
3178,37,29793.74,10,Piura,BBVA,Web Banking,Transferencia Mismo Banco,157.42,1,1,0.3,2024-03-06 04:34:58
3179,59,9812.52,4,Trujillo,BCP,Plin,Transferencia Interbancaria,394.87,0,1,0.0,2024-04-18 04:34:58
3180,35,26190.61,4,Cusco,Scotiabank,Yape,Retiro sin Tarjeta,10.88,0,1,0.15,2024-06-09 04:34:58
3181,32,16074.28,10,Lima,BCP,Yape,Compras Online,24.36,0,1,0.15,2024-02-23 04:34:58
3182,30,15258.91,8,Lima,BCP,Banca Móvil Propia,Pago de Préstamos,589.47,0,1,0.0,2024-11-27 04:34:58
3183,32,10686.65,4,Lima,BCP,Yape,Retiro sin Tarjeta,130.46,0,0,0.0,2024-02-22 04:34:58
3184,51,17456.41,6,Lima,Interbank,Plin,Pago de Tarjeta de Crédito,96.86,1,0,0.2,2024-05-11 04:34:58
3185,18,37882.72,2,Lima,Pichincha,Yape,Retiro sin Tarjeta,38.95,0,0,0.3,2024-05-23 04:34:58
3186,53,21750.8,3,Lima,BCP,Plin,Pago de Préstamos,180.16,0,1,0.0,2024-04-23 04:34:58
3187,18,30146.99,0,Lima,BBVA,Plin,Transferencia Interbancaria,203.82,0,0,0.3,2024-06-15 04:34:58
3188,31,50000.0,0,Arequipa,BCP,Yape,Transferencia Mismo Banco,626.92,0,0,0.4,2024-04-19 04:34:58
3189,29,25131.51,8,Trujillo,Interbank,Tunki,Pago de Tarjeta de Crédito,215.39,1,1,0.5,2024-11-04 04:34:58
3190,42,16657.24,0,Lima,BCP,Yape,Retiro sin Tarjeta,109.64,0,1,0.0,2024-10-04 04:34:58
3191,18,27823.22,0,Lima,BCP,Plin,Recarga de Celular,222.67,0,1,0.15,2024-09-30 04:34:58
3192,40,16778.47,7,Lima,BCP,Banca Móvil Propia,Pago de Préstamos,450.11,0,1,0.35,2024-10-24 04:34:58
3193,59,17116.34,0,Trujillo,BBVA,Yape,Pago de Tarjeta de Crédito,361.85,1,1,0.0,2024-02-28 04:34:58
3194,18,10301.59,1,Piura,Scotiabank,QR,Pago de Préstamos,276.29,1,1,0.5,2024-08-04 04:34:58
3195,37,35000.89,4,Cusco,BBVA,Yape,Pago de Préstamos,195.31,1,0,0.15,2024-09-11 04:34:58
3196,27,18160.4,4,Arequipa,BCP,Plin,Transferencia Mismo Banco,82.99,0,1,0.0,2024-07-01 04:34:58
3197,40,24126.09,7,Lima,BBVA,Banca Móvil Propia,Transferencia Interbancaria,52.84,0,1,0.0,2024-03-18 04:34:58
3198,35,13121.65,3,Cusco,Scotiabank,Web Banking,Pago de Servicios,45.11,0,0,0.15,2024-03-29 04:34:58
3199,27,27391.11,3,Otros,BCP,Tunki,Retiro sin Tarjeta,220.07,1,1,0.1,2024-11-12 04:34:58
3200,40,15048.44,6,Trujillo,BCP,Yape,Recarga de Celular,244.27,0,0,0.3,2024-08-09 04:34:58
3201,56,20519.8,3,Lima,BCP,Plin,Compras Online,443.33,0,1,0.2,2024-09-19 04:34:58
3202,32,34163.5,4,Lima,Interbank,Plin,Pago de Servicios,260.27,0,1,0.0,2024-01-01 04:34:58
3203,43,32708.15,11,Lima,BBVA,Tunki,Pago de Tarjeta de Crédito,424.48,0,1,0.1,2024-11-27 04:34:58
3204,19,21785.17,2,Piura,BBVA,Plin,Pago de Servicios,130.25,1,1,0.15,2024-03-24 04:34:58
3205,23,9099.13,2,Trujillo,BCP,Plin,Retiro sin Tarjeta,320.81,0,0,0.1,2024-09-06 04:34:58
3206,40,50000.0,0,Piura,BCP,Yape,Retiro sin Tarjeta,54.52,0,1,0.0,2024-10-26 04:34:58
3207,52,50000.0,4,Cusco,Pichincha,Lukita,Pago de Servicios,139.74,1,1,0.25,2024-02-21 04:34:58
3208,39,31613.43,0,Trujillo,BCP,Tunki,Pago de Préstamos,23.77,1,0,0.2,2024-04-19 04:34:58
3209,31,15114.32,3,Lima,BanBif,Yape,Pago de Préstamos,153.18,0,1,0.0,2024-06-29 04:34:58
3210,34,20810.31,8,Lima,BBVA,QR,Recarga de Celular,505.12,1,1,0.0,2024-06-21 04:34:58
3211,19,16785.82,3,Cusco,BCP,Banca Móvil Propia,Transferencia Mismo Banco,159.21,0,0,0.0,2023-12-30 04:34:58
3212,42,41436.94,1,Piura,BBVA,Plin,Retiro sin Tarjeta,305.46,0,1,0.0,2024-05-23 04:34:58
3213,45,25115.78,7,Lima,BanBif,Yape,Compras Online,195.04,0,1,0.35,2023-12-22 04:34:58
3214,29,14882.15,1,Lima,BBVA,Banca Móvil Propia,Compras Online,83.9,0,0,0.0,2023-12-25 04:34:58
3215,29,17406.91,6,Lima,Scotiabank,Plin,Pago de Préstamos,123.14,1,0,0.2,2024-02-02 04:34:58
3216,38,38584.04,4,Lima,BCP,QR,Retiro sin Tarjeta,482.84,0,1,0.2,2024-08-09 04:34:58
3217,29,49023.2,0,Lima,BBVA,Yape,Transferencia Interbancaria,303.89,1,1,0.1,2024-07-05 04:34:58
3218,34,47295.28,11,Lima,Scotiabank,Yape,Retiro sin Tarjeta,80.03,0,0,0.6,2024-01-27 04:34:58
3219,60,32161.2,1,Lima,BanBif,Web Banking,Transferencia Interbancaria,37.06,0,1,0.2,2024-01-05 04:34:58
3220,32,19412.79,22,Trujillo,BBVA,Web Banking,Pago de Servicios,182.52,0,1,0.3,2024-09-29 04:34:58
3221,30,4355.71,0,Lima,Interbank,Yape,Recarga de Celular,82.94,0,1,0.0,2024-03-11 04:34:58
3222,27,25554.79,1,Otros,BCP,Banca Móvil Propia,Compras Online,124.28,0,1,0.1,2024-08-30 04:34:58
3223,43,22006.33,1,Piura,BCP,Yape,Compras Online,34.66,1,0,0.15,2024-11-07 04:34:58
3224,32,23623.35,0,Lima,BCP,Banca Móvil Propia,Compras Online,420.21,1,1,0.35,2024-01-22 04:34:58
3225,27,22628.12,6,Piura,BCP,QR,Transferencia Interbancaria,134.7,1,0,0.4,2024-03-15 04:34:58
3226,50,11348.82,5,Otros,BCP,Yape,Transferencia Interbancaria,156.75,0,1,0.55,2024-09-25 04:34:58
3227,52,29106.14,7,Lima,BCP,Yape,Transferencia Mismo Banco,64.53,0,1,0.1,2024-04-01 04:34:58
3228,27,30215.43,1,Arequipa,Pichincha,Yape,Pago de Servicios,112.46,1,0,0.0,2024-04-05 04:34:58
3229,18,30982.24,2,Lima,Interbank,Yape,Transferencia Interbancaria,167.75,0,1,0.25,2024-03-24 04:34:58
3230,47,35358.3,5,Piura,BBVA,Yape,Transferencia Interbancaria,80.38,0,1,0.1,2024-09-12 04:34:58
3231,26,29792.91,2,Cusco,Pichincha,QR,Pago de Préstamos,119.6,0,0,0.2,2024-01-19 04:34:58
3232,44,17943.54,5,Lima,BCP,Yape,Pago de Servicios,593.65,0,0,0.35,2023-12-23 04:34:58
3233,18,21259.98,5,Otros,BBVA,Tunki,Retiro sin Tarjeta,25.79,0,1,0.25,2024-08-15 04:34:58
3234,45,23053.26,0,Trujillo,Interbank,QR,Recarga de Celular,178.5,0,0,0.2,2024-02-02 04:34:58
3235,20,23245.1,7,Arequipa,BCP,Plin,Pago de Tarjeta de Crédito,67.66,1,1,0.15,2024-07-08 04:34:58
3236,43,36283.15,6,Arequipa,Interbank,Tunki,Pago de Tarjeta de Crédito,564.81,0,1,0.0,2024-12-02 04:34:58
3237,35,30388.95,5,Piura,BCP,Yape,Pago de Préstamos,123.87,0,1,0.15,2024-08-28 04:34:58
3238,23,50000.0,0,Cusco,BCP,Tunki,Compras Online,52.08,0,1,0.0,2024-10-20 04:34:58
3239,30,50000.0,1,Lima,BCP,Yape,Pago de Servicios,119.63,0,0,0.15,2024-10-15 04:34:58
3240,43,22921.37,2,Arequipa,BanBif,QR,Pago de Tarjeta de Crédito,210.53,0,1,0.15,2024-09-02 04:34:58
3241,36,3234.64,1,Lima,Interbank,Plin,Transferencia Mismo Banco,2381.83,0,1,0.15,2024-04-17 04:34:58
3242,42,40880.82,1,Piura,Interbank,Banca Móvil Propia,Compras Online,18.0,0,1,0.15,2024-10-26 04:34:58
3243,58,16811.39,8,Lima,BBVA,Banca Móvil Propia,Pago de Tarjeta de Crédito,44.74,1,0,0.15,2024-01-20 04:34:58
3244,18,14753.83,5,Trujillo,BCP,Banca Móvil Propia,Transferencia Mismo Banco,547.42,0,1,0.15,2024-04-02 04:34:58
3245,54,18047.77,4,Lima,Interbank,Plin,Recarga de Celular,32.82,0,1,0.0,2024-07-31 04:34:58
3246,36,17618.04,1,Lima,BBVA,Plin,Transferencia Mismo Banco,149.85,0,1,0.15,2024-10-29 04:34:58
3247,24,29915.59,12,Trujillo,BCP,QR,Pago de Préstamos,91.53,0,1,0.0,2024-08-31 04:34:58
3248,19,10099.91,1,Lima,Interbank,Yape,Pago de Servicios,78.22,0,1,0.2,2024-09-17 04:34:58
3249,32,12850.52,7,Trujillo,BCP,Yape,Pago de Préstamos,124.94,1,1,0.0,2023-12-22 04:34:58
3250,46,26149.34,17,Arequipa,BCP,Banca Móvil Propia,Pago de Préstamos,106.41,0,1,0.15,2024-05-18 04:34:58
3251,33,30075.68,6,Lima,Scotiabank,QR,Retiro sin Tarjeta,427.12,1,1,0.2,2024-03-04 04:34:58
3252,53,30356.65,24,Trujillo,Interbank,Plin,Pago de Tarjeta de Crédito,560.2,1,1,0.2,2024-11-05 04:34:58
3253,18,14860.8,5,Lima,Interbank,Banca Móvil Propia,Transferencia Mismo Banco,227.31,0,1,0.15,2023-12-07 04:34:58
3254,34,13505.7,1,Lima,BBVA,Banca Móvil Propia,Pago de Servicios,117.21,0,1,0.0,2024-11-07 04:34:58
3255,19,17097.42,1,Lima,BBVA,Yape,Transferencia Mismo Banco,192.19,0,0,0.3,2024-09-25 04:34:58
3256,39,24833.19,1,Trujillo,Interbank,Banca Móvil Propia,Transferencia Interbancaria,331.96,0,1,0.35,2024-09-08 04:34:58
3257,45,46292.66,0,Lima,Interbank,QR,Transferencia Interbancaria,404.11,0,1,0.5,2024-02-04 04:34:58
3258,29,7913.15,5,Lima,BBVA,Web Banking,Retiro sin Tarjeta,214.87,1,1,0.25,2024-03-11 04:34:58
3259,18,19724.87,1,Piura,Pichincha,Yape,Compras Online,683.8,0,0,0.0,2024-05-25 04:34:58
3260,37,11312.47,8,Lima,Pichincha,Banca Móvil Propia,Pago de Préstamos,80.12,1,1,0.0,2024-02-07 04:34:58
3261,40,9641.95,2,Lima,BBVA,Plin,Pago de Tarjeta de Crédito,464.03,0,1,0.0,2024-09-16 04:34:58
3262,39,35720.44,3,Cusco,Scotiabank,Yape,Transferencia Interbancaria,300.17,0,1,0.15,2024-08-22 04:34:58
3263,49,28920.68,16,Lima,BBVA,Banca Móvil Propia,Transferencia Interbancaria,80.64,1,1,0.0,2024-09-03 04:34:58
3264,22,27576.43,1,Lima,BBVA,Yape,Transferencia Mismo Banco,187.3,0,1,0.35,2024-03-15 04:34:58
3265,43,34909.45,6,Otros,BCP,Yape,Transferencia Mismo Banco,200.62,1,1,0.1,2024-06-03 04:34:58
3266,49,17329.07,7,Lima,BBVA,Plin,Recarga de Celular,128.76,0,1,0.2,2024-07-14 04:34:58
3267,18,17741.84,1,Lima,BanBif,Plin,Retiro sin Tarjeta,127.37,0,0,0.0,2024-01-28 04:34:58
3268,38,50000.0,3,Lima,Scotiabank,Tunki,Transferencia Interbancaria,32.3,0,1,0.15,2024-08-17 04:34:58
3269,28,19471.64,2,Lima,Scotiabank,Plin,Recarga de Celular,74.5,0,0,0.0,2024-09-07 04:34:58
3270,34,31810.96,7,Cusco,BCP,Tunki,Compras Online,116.94,0,1,0.0,2024-08-11 04:34:58
3271,39,22096.86,4,Lima,BBVA,Plin,Transferencia Mismo Banco,83.72,0,1,0.0,2024-10-30 04:34:58
3272,29,8741.79,3,Piura,BCP,Banca Móvil Propia,Pago de Préstamos,63.08,1,1,0.15,2024-10-03 04:34:58
3273,26,7924.27,7,Lima,BCP,QR,Pago de Tarjeta de Crédito,428.84,0,0,0.15,2024-10-16 04:34:58
3274,35,16489.97,1,Lima,BBVA,Plin,Recarga de Celular,133.76,1,1,0.3,2024-10-24 04:34:58
3275,21,37348.6,7,Lima,BBVA,Banca Móvil Propia,Pago de Préstamos,1295.62,0,0,0.15,2024-04-18 04:34:58
3276,21,32667.82,10,Arequipa,BBVA,Banca Móvil Propia,Compras Online,185.44,1,1,0.15,2023-12-20 04:34:58
3277,43,34788.38,10,Piura,BBVA,Banca Móvil Propia,Transferencia Interbancaria,419.96,1,1,0.2,2024-02-26 04:34:58
3278,21,13446.54,7,Arequipa,BCP,Yape,Recarga de Celular,120.53,0,1,0.0,2024-03-27 04:34:58
3279,42,49411.39,2,Lima,BCP,Banca Móvil Propia,Pago de Préstamos,76.58,0,1,0.15,2024-04-11 04:34:58
3280,40,13596.31,20,Trujillo,Scotiabank,Yape,Pago de Servicios,193.03,0,0,0.0,2024-06-15 04:34:58
3281,18,24499.6,2,Lima,BCP,Yape,Retiro sin Tarjeta,542.14,0,1,0.1,2024-09-27 04:34:58
3282,26,21912.75,5,Trujillo,BCP,Plin,Transferencia Interbancaria,135.77,1,1,0.1,2024-09-24 04:34:58
3283,49,20192.43,0,Cusco,Scotiabank,Yape,Pago de Servicios,232.01,0,1,0.0,2024-06-30 04:34:58
3284,23,43014.65,19,Lima,Pichincha,Banca Móvil Propia,Pago de Tarjeta de Crédito,192.01,0,1,0.15,2024-04-23 04:34:58
3285,29,15482.18,6,Lima,Interbank,Banca Móvil Propia,Recarga de Celular,134.56,0,0,0.0,2024-02-26 04:34:58
3286,40,11217.13,6,Piura,BCP,Banca Móvil Propia,Pago de Tarjeta de Crédito,141.62,1,0,0.1,2024-03-10 04:34:58
3287,44,22247.79,0,Arequipa,BCP,Yape,Transferencia Interbancaria,54.68,0,1,0.15,2024-05-03 04:34:58
3288,31,18035.31,7,Lima,Pichincha,Web Banking,Recarga de Celular,146.78,0,1,0.0,2024-05-30 04:34:58
3289,27,50000.0,7,Lima,Scotiabank,Banca Móvil Propia,Compras Online,285.23,0,0,0.15,2023-12-10 04:34:58
3290,52,30892.04,5,Cusco,BBVA,Plin,Retiro sin Tarjeta,199.48,1,1,0.0,2024-12-03 04:34:58
3291,55,17949.72,1,Lima,BCP,Yape,Pago de Tarjeta de Crédito,178.43,1,1,0.0,2024-06-10 04:34:58
3292,46,12990.12,3,Arequipa,BCP,Tunki,Pago de Tarjeta de Crédito,306.44,0,0,0.1,2024-05-05 04:34:58
3293,36,8602.91,0,Lima,BCP,QR,Retiro sin Tarjeta,180.36,1,1,0.0,2024-09-29 04:34:58
3294,25,13192.32,3,Cusco,Interbank,Banca Móvil Propia,Transferencia Mismo Banco,150.49,0,1,0.35,2024-09-17 04:34:58
3295,25,23329.43,1,Arequipa,BCP,Banca Móvil Propia,Pago de Servicios,309.56,0,1,0.45,2024-04-12 04:34:58
3296,41,44966.11,2,Trujillo,Pichincha,Plin,Retiro sin Tarjeta,170.14,0,1,0.0,2024-01-17 04:34:58
3297,40,38593.71,0,Trujillo,BCP,Yape,Pago de Servicios,117.14,1,0,0.0,2024-01-16 04:34:58
3298,51,24699.73,1,Arequipa,Interbank,Plin,Pago de Préstamos,237.05,0,1,0.15,2024-09-04 04:34:58
3299,42,18740.01,0,Lima,BCP,Banca Móvil Propia,Pago de Préstamos,143.28,1,0,0.1,2024-03-13 04:34:58
3300,18,25195.13,12,Trujillo,BBVA,Plin,Recarga de Celular,112.0,0,1,0.1,2023-12-26 04:34:58
3301,47,16995.11,3,Cusco,BCP,Yape,Pago de Servicios,173.37,0,1,0.2,2024-01-02 04:34:58
3302,23,50000.0,2,Cusco,Scotiabank,Plin,Pago de Tarjeta de Crédito,175.4,0,1,0.0,2024-05-23 04:34:58
3303,30,20038.38,3,Cusco,BBVA,QR,Transferencia Interbancaria,49.22,0,0,0.0,2024-12-01 04:34:58
3304,38,21095.84,4,Cusco,BCP,Banca Móvil Propia,Transferencia Mismo Banco,207.11,0,1,0.15,2024-01-28 04:34:58
3305,58,7274.2,12,Cusco,Scotiabank,Plin,Pago de Préstamos,940.6,0,0,0.0,2024-12-05 04:34:58
3306,72,19975.91,0,Piura,BBVA,QR,Pago de Servicios,55.72,0,1,0.25,2024-03-03 04:34:58
3307,42,33464.55,1,Lima,BanBif,Yape,Pago de Préstamos,89.79,1,0,0.0,2024-11-27 04:34:58
3308,32,12914.92,18,Trujillo,BanBif,Yape,Pago de Servicios,2392.34,0,1,0.0,2024-03-31 04:34:58
3309,41,15133.1,2,Otros,BanBif,Yape,Retiro sin Tarjeta,65.23,0,1,0.0,2024-11-16 04:34:58
3310,45,32740.09,0,Lima,BCP,Yape,Transferencia Interbancaria,537.21,1,0,0.1,2024-03-11 04:34:58
3311,31,10526.71,0,Arequipa,BCP,Yape,Compras Online,118.07,0,1,0.1,2024-10-07 04:34:58
3312,56,37380.35,0,Lima,Pichincha,Banca Móvil Propia,Retiro sin Tarjeta,157.61,0,1,0.3,2024-08-01 04:34:58
3313,37,16880.73,22,Arequipa,BBVA,Banca Móvil Propia,Pago de Servicios,130.17,1,1,0.1,2024-02-11 04:34:58
3314,40,18137.12,1,Piura,BCP,Banca Móvil Propia,Compras Online,227.17,1,1,0.35,2024-04-16 04:34:58
3315,42,12557.34,12,Cusco,Scotiabank,Banca Móvil Propia,Pago de Préstamos,30.58,1,1,0.0,2024-03-24 04:34:58
3316,40,26609.49,27,Trujillo,BCP,Banca Móvil Propia,Recarga de Celular,178.8,1,1,0.0,2024-02-09 04:34:58
3317,45,50000.0,4,Lima,Interbank,Plin,Retiro sin Tarjeta,99.15,1,1,0.1,2024-06-17 04:34:58
3318,27,32557.03,0,Arequipa,Scotiabank,Banca Móvil Propia,Retiro sin Tarjeta,23.03,1,1,0.1,2024-12-05 04:34:58
3319,28,14297.75,0,Lima,Scotiabank,Banca Móvil Propia,Transferencia Interbancaria,455.27,0,1,0.2,2024-10-20 04:34:58
3320,21,38863.48,3,Lima,BCP,QR,Compras Online,18.04,1,0,0.0,2024-11-13 04:34:58
3321,40,18800.9,2,Piura,BBVA,Plin,Pago de Tarjeta de Crédito,1272.13,1,0,0.35,2024-03-28 04:34:58
3322,44,43793.58,4,Lima,BBVA,Yape,Pago de Préstamos,275.05,0,0,0.0,2024-01-13 04:34:58
3323,40,32969.5,2,Lima,BBVA,Banca Móvil Propia,Retiro sin Tarjeta,38.05,0,0,0.0,2024-09-28 04:34:58
3324,55,5056.5,13,Cusco,BCP,Banca Móvil Propia,Retiro sin Tarjeta,565.72,0,0,0.3,2024-01-03 04:34:58
3325,34,13332.5,3,Lima,BBVA,Plin,Pago de Préstamos,70.08,0,1,0.0,2023-12-31 04:34:58
3326,43,35319.57,5,Arequipa,BBVA,Banca Móvil Propia,Transferencia Mismo Banco,73.35,0,1,0.35,2024-07-05 04:34:58
3327,21,23761.66,11,Trujillo,BBVA,Yape,Pago de Servicios,24.51,1,0,0.1,2024-08-07 04:34:58
3328,30,13201.98,0,Piura,Scotiabank,Web Banking,Transferencia Interbancaria,62.55,1,1,0.15,2024-02-18 04:34:58
3329,43,16045.85,1,Arequipa,BBVA,Yape,Retiro sin Tarjeta,70.37,0,1,0.0,2024-11-17 04:34:58
3330,45,8492.02,0,Lima,BCP,Yape,Pago de Tarjeta de Crédito,336.35,1,1,0.25,2024-11-04 04:34:58
3331,31,21074.38,0,Trujillo,Interbank,Yape,Compras Online,476.85,1,1,0.0,2024-04-19 04:34:58
3332,34,50000.0,3,Lima,Scotiabank,Tunki,Pago de Tarjeta de Crédito,42.91,0,1,0.15,2024-04-16 04:34:58
3333,18,32940.78,1,Lima,BCP,Yape,Pago de Servicios,194.52,1,1,0.2,2024-09-04 04:34:58
3334,30,50000.0,2,Lima,Interbank,Lukita,Transferencia Interbancaria,23.56,0,1,0.15,2024-04-17 04:34:58
3335,45,34241.67,20,Lima,BCP,QR,Pago de Tarjeta de Crédito,195.26,0,1,0.0,2024-07-24 04:34:58
3336,41,36817.91,0,Trujillo,BCP,Yape,Retiro sin Tarjeta,1289.59,0,1,0.4,2024-08-18 04:34:58
3337,41,50000.0,3,Lima,BanBif,Banca Móvil Propia,Recarga de Celular,25.03,0,1,0.25,2024-04-09 04:34:58
3338,35,26599.07,0,Arequipa,BanBif,Yape,Pago de Tarjeta de Crédito,53.8,0,1,0.1,2024-10-19 04:34:58
3339,35,20058.06,1,Otros,BBVA,Plin,Transferencia Mismo Banco,307.13,0,0,0.35,2024-05-21 04:34:58
3340,27,36913.36,3,Cusco,Interbank,Plin,Transferencia Interbancaria,345.57,0,1,0.35,2024-10-09 04:34:58
3341,43,45566.14,14,Lima,Scotiabank,Plin,Recarga de Celular,57.91,1,1,0.25,2024-08-13 04:34:58
3342,40,17326.94,2,Piura,Pichincha,Banca Móvil Propia,Transferencia Interbancaria,647.8,0,1,0.15,2024-09-06 04:34:58
3343,40,15355.29,0,Trujillo,BBVA,Yape,Pago de Préstamos,65.66,0,0,0.4,2024-04-03 04:34:58
3344,28,23610.06,2,Lima,BBVA,QR,Pago de Préstamos,791.13,1,0,0.25,2024-02-21 04:34:58
3345,18,33381.24,0,Cusco,BBVA,Banca Móvil Propia,Compras Online,237.14,0,1,0.0,2023-12-08 04:34:58
3346,48,32828.28,1,Trujillo,BCP,Banca Móvil Propia,Pago de Préstamos,529.12,1,1,0.0,2024-06-29 04:34:58
3347,29,10806.64,4,Arequipa,BBVA,QR,Transferencia Interbancaria,215.04,1,0,0.0,2024-09-01 04:34:58
3348,24,50000.0,0,Lima,Scotiabank,Web Banking,Transferencia Mismo Banco,286.28,0,0,0.35,2024-09-23 04:34:58
3349,43,15985.18,3,Lima,Scotiabank,Banca Móvil Propia,Pago de Préstamos,301.91,1,1,0.3,2024-03-11 04:34:58
3350,30,19292.42,4,Trujillo,Scotiabank,Tunki,Recarga de Celular,466.28,1,0,0.45,2023-12-27 04:34:58
3351,47,14026.07,2,Lima,BCP,Yape,Compras Online,143.62,0,1,0.0,2024-04-05 04:34:58
3352,42,50000.0,0,Arequipa,BBVA,Banca Móvil Propia,Retiro sin Tarjeta,60.35,0,0,0.25,2024-05-24 04:34:58
3353,43,24860.5,21,Lima,BCP,Plin,Pago de Préstamos,137.15,0,0,0.1,2024-01-03 04:34:58
3354,18,14393.22,2,Trujillo,BCP,QR,Pago de Préstamos,76.14,0,0,0.25,2023-12-29 04:34:58
3355,49,33926.84,7,Otros,BanBif,Plin,Pago de Servicios,81.28,1,1,0.0,2024-01-17 04:34:58
3356,38,32356.43,1,Lima,BBVA,Plin,Compras Online,776.48,1,1,0.3,2024-02-05 04:34:58
3357,30,20053.05,3,Piura,Scotiabank,Plin,Recarga de Celular,276.64,0,0,0.0,2023-12-25 04:34:58
3358,36,33533.61,2,Lima,BCP,Lukita,Compras Online,264.21,1,1,0.3,2024-08-06 04:34:58
3359,18,14579.24,2,Arequipa,BBVA,Yape,Pago de Tarjeta de Crédito,433.83,0,1,0.3,2024-09-12 04:34:58
3360,39,17215.08,0,Piura,Interbank,Tunki,Transferencia Interbancaria,275.2,0,1,0.0,2024-02-26 04:34:58
3361,22,8061.8,2,Arequipa,BCP,Plin,Pago de Tarjeta de Crédito,960.14,0,1,0.0,2024-07-17 04:34:58
3362,18,11361.94,11,Lima,BCP,Yape,Recarga de Celular,18.27,0,1,0.2,2024-11-07 04:34:58
3363,18,50000.0,5,Lima,BCP,Plin,Pago de Servicios,54.73,1,1,0.15,2024-01-20 04:34:58
3364,48,50000.0,0,Otros,Interbank,Banca Móvil Propia,Pago de Préstamos,73.65,0,0,0.0,2024-02-08 04:34:58
3365,27,22763.06,4,Lima,Pichincha,Yape,Pago de Tarjeta de Crédito,37.5,0,1,0.0,2024-05-25 04:34:58
3366,53,50000.0,11,Arequipa,Scotiabank,Banca Móvil Propia,Recarga de Celular,166.16,1,1,0.1,2024-01-12 04:34:58
3367,28,20332.23,6,Piura,Pichincha,Web Banking,Compras Online,174.15,1,1,0.15,2024-06-14 04:34:58
3368,18,19502.44,0,Lima,Scotiabank,Web Banking,Compras Online,1069.92,0,0,0.0,2023-12-09 04:34:58
3369,21,22657.71,10,Lima,Scotiabank,Banca Móvil Propia,Pago de Servicios,366.42,1,1,0.45,2024-01-12 04:34:58
3370,49,20692.76,1,Lima,BBVA,Banca Móvil Propia,Pago de Préstamos,89.34,0,1,0.15,2024-03-10 04:34:58
3371,33,19779.51,3,Cusco,BBVA,Plin,Compras Online,243.32,0,1,0.35,2024-06-23 04:34:58
3372,28,39014.91,3,Lima,BBVA,Web Banking,Transferencia Mismo Banco,23.88,0,1,0.1,2024-05-23 04:34:58
3373,36,23743.59,9,Cusco,Scotiabank,Plin,Transferencia Interbancaria,171.1,0,0,0.1,2024-06-09 04:34:58
3374,41,31452.72,13,Lima,BCP,Plin,Pago de Préstamos,162.19,1,1,0.25,2024-05-10 04:34:58
3375,48,36889.8,13,Cusco,BCP,Yape,Pago de Préstamos,60.21,1,1,0.15,2024-04-20 04:34:58
3376,52,26744.73,0,Piura,BanBif,Plin,Retiro sin Tarjeta,121.37,0,1,0.0,2024-07-05 04:34:58
3377,30,13559.79,12,Lima,BCP,Yape,Recarga de Celular,74.25,0,1,0.0,2024-05-12 04:34:58
3378,19,11198.86,0,Trujillo,Pichincha,Lukita,Transferencia Mismo Banco,58.41,1,1,0.15,2024-06-02 04:34:58
3379,30,23727.51,1,Lima,Interbank,Banca Móvil Propia,Pago de Tarjeta de Crédito,291.34,1,1,0.2,2024-01-28 04:34:58
3380,38,20218.87,3,Lima,BCP,Tunki,Compras Online,417.34,0,0,0.1,2024-10-28 04:34:58
3381,23,23010.27,3,Lima,Interbank,Plin,Pago de Préstamos,247.15,0,1,0.1,2024-08-01 04:34:58
3382,23,21850.37,4,Lima,Scotiabank,QR,Recarga de Celular,95.76,1,1,0.2,2024-02-20 04:34:58
3383,39,50000.0,3,Arequipa,BCP,Yape,Pago de Préstamos,76.51,0,1,0.15,2023-12-13 04:34:58
3384,34,11326.35,13,Lima,Scotiabank,Plin,Transferencia Mismo Banco,98.79,0,1,0.35,2024-10-03 04:34:58
3385,35,8143.92,1,Lima,Scotiabank,Banca Móvil Propia,Pago de Servicios,119.1,1,1,0.0,2024-01-27 04:34:58
3386,25,26008.75,1,Trujillo,BCP,QR,Transferencia Mismo Banco,62.05,0,0,0.15,2024-11-24 04:34:58
3387,32,18247.6,12,Lima,BCP,Yape,Pago de Tarjeta de Crédito,425.74,0,1,0.0,2024-09-20 04:34:58
3388,23,25797.53,0,Lima,BCP,Plin,Pago de Tarjeta de Crédito,121.23,0,1,0.1,2024-09-20 04:34:58
3389,45,29493.98,4,Lima,BCP,Plin,Pago de Servicios,318.9,0,1,0.2,2024-04-03 04:34:58
3390,47,41858.59,5,Otros,BCP,QR,Compras Online,36.6,1,0,0.0,2024-04-06 04:34:58
3391,18,10367.04,3,Arequipa,Interbank,Yape,Transferencia Mismo Banco,74.56,1,0,0.35,2024-07-25 04:34:58
3392,23,16674.59,5,Cusco,BBVA,Plin,Recarga de Celular,350.51,1,1,0.15,2024-03-09 04:34:58
3393,18,27292.87,0,Lima,Scotiabank,Yape,Retiro sin Tarjeta,355.51,0,1,0.0,2024-11-26 04:34:58
3394,27,32377.91,9,Lima,BCP,Yape,Transferencia Interbancaria,44.59,1,1,0.0,2024-03-02 04:34:58
3395,33,50000.0,0,Cusco,BBVA,Yape,Pago de Tarjeta de Crédito,200.95,1,0,0.0,2024-11-15 04:34:58
3396,18,35520.03,2,Trujillo,Interbank,Web Banking,Retiro sin Tarjeta,206.3,0,1,0.35,2024-01-08 04:34:58
3397,23,21409.84,0,Trujillo,Scotiabank,Plin,Transferencia Mismo Banco,73.1,1,1,0.25,2024-08-05 04:34:58
3398,22,14112.02,3,Lima,BBVA,QR,Pago de Préstamos,212.09,0,1,0.15,2024-09-23 04:34:58
3399,37,16611.58,5,Cusco,BBVA,Plin,Pago de Préstamos,30.56,0,1,0.15,2023-12-20 04:34:58
3400,35,16377.25,14,Trujillo,Scotiabank,Web Banking,Pago de Servicios,58.74,0,1,0.0,2024-04-06 04:34:58
3401,26,30565.18,6,Trujillo,BCP,Banca Móvil Propia,Compras Online,270.14,0,1,0.15,2024-10-22 04:34:58
3402,37,25046.73,3,Trujillo,BCP,Yape,Pago de Tarjeta de Crédito,152.86,1,1,0.0,2024-08-28 04:34:58
3403,28,11363.65,13,Arequipa,BBVA,Banca Móvil Propia,Pago de Tarjeta de Crédito,161.0,0,1,0.3,2024-05-10 04:34:58
3404,31,17712.91,3,Lima,Scotiabank,Plin,Recarga de Celular,124.58,1,1,0.0,2024-02-04 04:34:58
3405,55,34158.74,4,Piura,BCP,Yape,Compras Online,253.89,1,1,0.25,2024-03-19 04:34:58
3406,51,26260.76,4,Trujillo,BBVA,Plin,Transferencia Interbancaria,266.43,0,0,0.35,2024-01-20 04:34:58
3407,19,29270.11,2,Lima,BBVA,Plin,Transferencia Interbancaria,327.5,1,0,0.15,2024-01-14 04:34:58
3408,44,26674.43,9,Piura,BanBif,Banca Móvil Propia,Pago de Préstamos,168.29,0,1,0.25,2024-01-16 04:34:58
3409,44,49672.93,1,Piura,BCP,Banca Móvil Propia,Recarga de Celular,100.64,0,1,0.15,2024-05-23 04:34:58
3410,21,24785.68,4,Lima,BCP,Yape,Compras Online,85.03,0,0,0.0,2023-12-14 04:34:58
3411,44,18160.22,6,Trujillo,BBVA,QR,Compras Online,51.58,0,0,0.0,2024-12-02 04:34:58
3412,53,13934.49,11,Cusco,BBVA,QR,Transferencia Mismo Banco,99.21,0,1,0.1,2024-08-14 04:34:58
3413,21,24954.38,10,Trujillo,Interbank,Yape,Transferencia Interbancaria,80.93,1,0,0.0,2024-03-29 04:34:58
3414,23,6500.59,3,Lima,Interbank,Yape,Recarga de Celular,736.26,1,1,0.25,2024-05-24 04:34:58
3415,47,20087.55,5,Lima,Scotiabank,Tunki,Pago de Préstamos,52.09,1,1,0.15,2024-02-11 04:34:58
3416,38,19872.26,2,Lima,Scotiabank,Banca Móvil Propia,Transferencia Mismo Banco,418.79,0,1,0.2,2024-09-07 04:34:58
3417,41,11134.06,3,Otros,BanBif,Plin,Recarga de Celular,113.55,0,1,0.0,2024-02-25 04:34:58
3418,39,13847.6,11,Lima,BBVA,Plin,Transferencia Interbancaria,120.73,0,0,0.2,2024-02-15 04:34:58
3419,39,33018.68,13,Arequipa,Pichincha,Banca Móvil Propia,Compras Online,221.67,0,1,0.2,2024-03-27 04:34:58
3420,19,24719.7,11,Lima,BCP,Banca Móvil Propia,Retiro sin Tarjeta,35.93,0,1,0.3,2024-06-11 04:34:58
3421,47,23176.5,0,Arequipa,Interbank,Yape,Transferencia Interbancaria,66.69,0,1,0.35,2024-06-02 04:34:58
3422,49,25672.45,9,Trujillo,BBVA,QR,Transferencia Interbancaria,42.9,1,0,0.0,2024-10-01 04:34:58
3423,32,23070.59,14,Cusco,Scotiabank,Banca Móvil Propia,Pago de Préstamos,101.47,1,1,0.4,2024-10-16 04:34:58
3424,34,41004.26,2,Trujillo,BBVA,Plin,Pago de Préstamos,59.79,0,1,0.3,2024-02-28 04:34:58
3425,18,23428.64,3,Lima,Scotiabank,Banca Móvil Propia,Retiro sin Tarjeta,553.99,0,1,0.1,2024-09-05 04:34:58
3426,41,10624.24,7,Arequipa,BanBif,Yape,Transferencia Mismo Banco,82.82,0,1,0.15,2024-04-02 04:34:58
3427,41,49764.89,4,Lima,Interbank,Tunki,Compras Online,13.76,1,1,0.2,2024-11-06 04:34:58
3428,34,26507.16,25,Lima,Scotiabank,Yape,Pago de Tarjeta de Crédito,106.23,1,1,0.0,2024-02-05 04:34:58
3429,48,16405.52,3,Cusco,BCP,Yape,Pago de Tarjeta de Crédito,332.77,0,1,0.2,2024-03-25 04:34:58
3430,30,11769.88,6,Arequipa,BCP,Yape,Recarga de Celular,757.69,0,1,0.2,2024-07-02 04:34:58
3431,41,26848.28,7,Trujillo,Pichincha,Yape,Pago de Préstamos,117.98,0,1,0.3,2024-04-09 04:34:58
3432,22,20773.1,3,Piura,Interbank,Banca Móvil Propia,Transferencia Mismo Banco,88.51,0,1,0.1,2024-02-01 04:34:58
3433,34,48391.21,9,Lima,BBVA,Banca Móvil Propia,Transferencia Mismo Banco,146.28,0,1,0.2,2024-11-28 04:34:58
3434,32,18528.15,3,Cusco,BBVA,Yape,Recarga de Celular,224.77,0,0,0.0,2023-12-15 04:34:58
3435,37,14491.38,2,Arequipa,BCP,Yape,Transferencia Mismo Banco,48.0,0,1,0.1,2024-02-27 04:34:58
3436,30,34471.84,0,Lima,BBVA,Lukita,Pago de Tarjeta de Crédito,116.23,0,0,0.1,2024-07-12 04:34:58
3437,33,34983.82,2,Piura,BBVA,Yape,Pago de Servicios,141.24,1,1,0.0,2024-11-13 04:34:58
3438,44,23964.42,6,Lima,BCP,Yape,Pago de Tarjeta de Crédito,155.37,1,1,0.1,2024-06-15 04:34:58
3439,29,30889.71,12,Arequipa,BCP,Plin,Transferencia Interbancaria,128.44,0,0,0.2,2024-01-03 04:34:58
3440,18,21615.29,1,Cusco,BBVA,Lukita,Pago de Servicios,58.22,0,0,0.15,2024-10-14 04:34:58
3441,55,24758.71,2,Trujillo,BBVA,Lukita,Recarga de Celular,208.25,1,0,0.0,2024-04-16 04:34:58
3442,51,39438.41,0,Trujillo,BCP,Banca Móvil Propia,Compras Online,141.94,1,1,0.35,2024-11-22 04:34:58
3443,19,30111.4,5,Piura,BBVA,Plin,Compras Online,141.6,0,1,0.2,2024-08-28 04:34:58
3444,43,20238.92,16,Lima,BanBif,Lukita,Pago de Tarjeta de Crédito,50.27,0,1,0.0,2024-11-13 04:34:58
3445,28,43311.84,5,Lima,BBVA,Plin,Compras Online,281.52,0,0,0.15,2024-11-30 04:34:58
3446,38,6751.85,4,Piura,Scotiabank,Plin,Retiro sin Tarjeta,57.52,0,1,0.3,2024-03-27 04:34:58
3447,38,50000.0,4,Lima,BanBif,Banca Móvil Propia,Pago de Préstamos,747.28,0,1,0.1,2024-04-28 04:34:58
3448,32,9386.43,0,Lima,BCP,Banca Móvil Propia,Retiro sin Tarjeta,45.64,0,1,0.2,2024-12-05 04:34:58
3449,25,16098.05,6,Lima,BCP,Yape,Recarga de Celular,318.05,0,1,0.2,2023-12-11 04:34:58
3450,26,21580.41,4,Lima,BBVA,Yape,Pago de Tarjeta de Crédito,22.02,0,1,0.25,2024-03-22 04:34:58
3451,24,20470.9,5,Lima,BBVA,Lukita,Pago de Tarjeta de Crédito,15.51,1,0,0.2,2024-04-24 04:34:58
3452,25,36432.1,11,Cusco,BBVA,QR,Compras Online,85.22,1,1,0.2,2024-09-10 04:34:58
3453,34,12978.92,7,Arequipa,BCP,Banca Móvil Propia,Compras Online,15.49,0,1,0.15,2024-08-22 04:34:58
3454,26,25093.98,7,Cusco,Interbank,Tunki,Recarga de Celular,307.88,0,1,0.45,2024-11-05 04:34:58
3455,43,16496.34,13,Lima,BCP,Lukita,Transferencia Mismo Banco,145.21,1,0,0.15,2024-07-26 04:34:58
3456,52,25529.0,22,Trujillo,Pichincha,Lukita,Transferencia Interbancaria,602.47,1,1,0.35,2024-08-19 04:34:58
3457,28,21324.54,4,Arequipa,BCP,Tunki,Pago de Servicios,125.56,0,1,0.0,2024-01-11 04:34:58
3458,37,23074.14,0,Arequipa,BanBif,Plin,Recarga de Celular,189.27,0,1,0.15,2024-01-04 04:34:58
3459,40,16731.32,3,Trujillo,BCP,Yape,Retiro sin Tarjeta,113.5,1,1,0.0,2024-05-27 04:34:58
3460,40,17068.13,7,Lima,BCP,Plin,Transferencia Interbancaria,61.93,1,1,0.1,2024-08-05 04:34:58
3461,35,25428.76,0,Lima,BCP,Yape,Transferencia Interbancaria,98.81,0,0,0.1,2024-03-24 04:34:58
3462,43,35307.75,0,Arequipa,Pichincha,Plin,Compras Online,44.52,0,1,0.0,2024-03-10 04:34:58
3463,40,16331.65,0,Trujillo,BCP,Plin,Transferencia Mismo Banco,218.64,0,1,0.2,2024-08-31 04:34:58
3464,20,14265.74,6,Lima,Interbank,Yape,Retiro sin Tarjeta,109.09,0,1,0.15,2024-08-21 04:34:58
3465,45,29933.4,3,Lima,Scotiabank,QR,Transferencia Interbancaria,134.26,1,0,0.1,2024-08-08 04:34:58
3466,45,21671.39,2,Arequipa,Interbank,Yape,Retiro sin Tarjeta,2499.21,0,1,0.0,2024-05-05 04:34:58
3467,25,33364.54,0,Arequipa,BBVA,Tunki,Pago de Servicios,99.18,1,0,0.0,2023-12-12 04:34:58
3468,35,14004.04,6,Lima,Pichincha,Lukita,Retiro sin Tarjeta,203.11,0,1,0.25,2023-12-21 04:34:58
3469,43,9047.83,1,Trujillo,Scotiabank,Tunki,Transferencia Interbancaria,140.59,1,1,0.15,2024-07-09 04:34:58
3470,32,16873.47,1,Trujillo,BBVA,Plin,Pago de Tarjeta de Crédito,472.29,1,1,0.25,2024-05-29 04:34:58
3471,47,15015.28,5,Cusco,BBVA,Tunki,Retiro sin Tarjeta,188.38,0,1,0.15,2024-02-26 04:34:58
3472,63,21175.62,4,Lima,Pichincha,QR,Retiro sin Tarjeta,113.13,1,1,0.25,2024-01-02 04:34:58
3473,25,16019.75,2,Trujillo,Pichincha,Web Banking,Compras Online,1469.26,1,0,0.3,2024-09-19 04:34:58
3474,18,31904.7,5,Piura,BBVA,Banca Móvil Propia,Pago de Tarjeta de Crédito,62.82,0,1,0.2,2024-06-24 04:34:58
3475,38,19071.01,1,Arequipa,Scotiabank,QR,Retiro sin Tarjeta,122.26,0,1,0.2,2024-09-30 04:34:58
3476,43,23747.61,7,Lima,BCP,Yape,Transferencia Interbancaria,371.1,1,1,0.15,2024-11-09 04:34:58
3477,32,23832.78,1,Arequipa,BBVA,QR,Pago de Préstamos,65.49,0,0,0.1,2024-08-12 04:34:58
3478,52,24281.68,0,Piura,BCP,Web Banking,Pago de Servicios,319.13,0,1,0.2,2024-02-11 04:34:58
3479,18,21762.32,7,Otros,BCP,Tunki,Retiro sin Tarjeta,91.88,0,0,0.25,2024-08-25 04:34:58
3480,43,28432.85,6,Arequipa,Interbank,QR,Pago de Servicios,404.74,1,1,0.1,2024-08-07 04:34:58
3481,27,14796.89,1,Trujillo,BBVA,Banca Móvil Propia,Transferencia Interbancaria,394.26,0,1,0.15,2024-05-06 04:34:58
3482,55,44342.95,0,Lima,BCP,Yape,Recarga de Celular,135.63,0,1,0.0,2024-03-21 04:34:58
3483,58,19569.57,9,Lima,BBVA,QR,Pago de Préstamos,54.57,1,1,0.0,2024-06-19 04:34:58
3484,25,11432.61,7,Arequipa,BBVA,Banca Móvil Propia,Compras Online,100.34,0,1,0.1,2024-03-06 04:34:58
3485,28,24198.28,1,Arequipa,Pichincha,Banca Móvil Propia,Retiro sin Tarjeta,146.23,1,0,0.25,2024-03-07 04:34:58
3486,45,14391.74,5,Cusco,Scotiabank,Banca Móvil Propia,Pago de Servicios,360.78,0,1,0.0,2023-12-12 04:34:58
3487,30,30719.94,0,Lima,BBVA,QR,Retiro sin Tarjeta,204.5,0,1,0.2,2024-01-19 04:34:58
3488,34,50000.0,3,Cusco,BanBif,Lukita,Transferencia Mismo Banco,254.15,0,0,0.0,2024-11-24 04:34:58
3489,35,14864.25,0,Lima,BCP,Yape,Compras Online,210.47,0,0,0.2,2024-11-23 04:34:58
3490,18,26008.69,2,Trujillo,Interbank,Tunki,Transferencia Mismo Banco,345.92,1,1,0.1,2024-06-04 04:34:58
3491,34,9156.76,0,Cusco,Pichincha,Web Banking,Compras Online,121.46,1,1,0.15,2024-08-15 04:34:58
3492,26,27638.16,3,Trujillo,BBVA,Banca Móvil Propia,Transferencia Interbancaria,175.02,0,1,0.1,2024-02-06 04:34:58
3493,29,14145.38,2,Trujillo,Interbank,Web Banking,Pago de Préstamos,152.68,0,0,0.0,2024-12-01 04:34:58
3494,52,16116.24,2,Piura,BCP,Lukita,Pago de Tarjeta de Crédito,95.78,0,1,0.3,2024-09-30 04:34:58
3495,19,12699.99,0,Lima,BCP,Banca Móvil Propia,Pago de Servicios,408.18,0,1,0.15,2024-09-09 04:34:58
3496,44,31763.58,2,Trujillo,BBVA,Plin,Pago de Servicios,399.67,0,1,0.2,2024-09-10 04:34:58
3497,31,36448.38,7,Trujillo,Pichincha,Plin,Pago de Tarjeta de Crédito,495.61,1,0,0.1,2023-12-12 04:34:58
3498,31,22285.52,2,Arequipa,BBVA,Banca Móvil Propia,Pago de Tarjeta de Crédito,69.15,1,1,0.15,2023-12-10 04:34:58
3499,44,14296.74,6,Lima,BanBif,Tunki,Pago de Préstamos,210.78,1,0,0.0,2024-09-28 04:34:58
3500,39,48764.68,2,Lima,BanBif,QR,Retiro sin Tarjeta,442.47,0,0,0.0,2024-02-10 04:34:58
3501,41,15135.45,2,Arequipa,BCP,Banca Móvil Propia,Transferencia Mismo Banco,667.07,0,0,0.55,2024-02-29 04:34:58
3502,46,7472.49,4,Lima,BBVA,Plin,Retiro sin Tarjeta,32.83,0,0,0.2,2024-01-18 04:34:58
3503,31,27700.19,15,Piura,Interbank,Lukita,Retiro sin Tarjeta,147.99,1,1,0.0,2024-04-01 04:34:58
3504,27,12677.86,0,Arequipa,BBVA,Tunki,Pago de Tarjeta de Crédito,122.83,0,1,0.15,2024-05-16 04:34:58
3505,21,36109.25,0,Lima,BCP,Yape,Transferencia Interbancaria,728.39,0,1,0.2,2023-12-13 04:34:58
3506,25,18204.63,4,Lima,Pichincha,Tunki,Recarga de Celular,16.29,0,0,0.35,2024-08-06 04:34:58
3507,70,29787.87,14,Arequipa,Scotiabank,QR,Transferencia Interbancaria,52.07,0,1,0.15,2024-06-18 04:34:58
3508,49,44389.14,22,Lima,BBVA,Plin,Transferencia Interbancaria,622.06,0,1,0.0,2024-07-14 04:34:58
3509,18,12034.95,3,Trujillo,Interbank,Plin,Transferencia Interbancaria,92.78,1,1,0.15,2024-06-04 04:34:58
3510,19,16597.9,3,Cusco,BCP,Yape,Pago de Préstamos,40.39,1,0,0.15,2024-05-22 04:34:58
3511,40,21208.65,5,Trujillo,BBVA,Plin,Retiro sin Tarjeta,673.2,1,1,0.3,2024-08-28 04:34:58
3512,41,47513.81,4,Lima,BanBif,Banca Móvil Propia,Retiro sin Tarjeta,35.45,0,0,0.1,2024-09-26 04:34:58
3513,41,15848.16,5,Lima,Scotiabank,Yape,Retiro sin Tarjeta,412.42,1,0,0.1,2024-11-25 04:34:58
3514,31,16362.51,10,Lima,BCP,Lukita,Retiro sin Tarjeta,31.18,1,1,0.4,2024-04-25 04:34:58
3515,33,27975.11,6,Piura,BBVA,Plin,Pago de Préstamos,35.07,0,1,0.15,2024-06-26 04:34:58
3516,38,16504.46,3,Cusco,Interbank,Banca Móvil Propia,Pago de Préstamos,181.3,0,1,0.1,2024-09-18 04:34:58
3517,36,23771.98,3,Arequipa,BCP,Yape,Pago de Préstamos,63.54,1,1,0.0,2024-10-08 04:34:58
3518,18,10139.88,5,Lima,BCP,Web Banking,Pago de Tarjeta de Crédito,194.87,1,0,0.35,2024-11-21 04:34:58
3519,32,50000.0,3,Otros,BBVA,Tunki,Transferencia Mismo Banco,899.69,0,1,0.0,2024-04-25 04:34:58
3520,24,11227.77,3,Arequipa,Interbank,QR,Pago de Servicios,127.1,0,1,0.1,2024-06-28 04:34:58
3521,37,18753.27,0,Piura,BCP,Banca Móvil Propia,Transferencia Mismo Banco,755.81,1,1,0.2,2024-10-09 04:34:58
3522,70,21671.63,0,Lima,BCP,Banca Móvil Propia,Pago de Servicios,205.26,1,1,0.35,2024-04-17 04:34:58
3523,39,50000.0,3,Trujillo,BCP,Lukita,Retiro sin Tarjeta,386.01,0,1,0.3,2024-02-18 04:34:58
3524,31,11356.86,8,Cusco,BCP,Yape,Pago de Préstamos,14.11,1,0,0.2,2024-05-14 04:34:58
3525,46,50000.0,1,Cusco,BBVA,Banca Móvil Propia,Pago de Préstamos,280.42,0,1,0.0,2024-11-11 04:34:58
3526,40,32163.53,3,Trujillo,BCP,Yape,Transferencia Mismo Banco,240.51,0,1,0.15,2024-04-06 04:34:58
3527,40,27134.13,2,Trujillo,BCP,Banca Móvil Propia,Pago de Servicios,103.54,1,1,0.0,2024-03-27 04:34:58
3528,42,13462.77,0,Lima,Scotiabank,Web Banking,Recarga de Celular,987.85,0,1,0.0,2024-10-11 04:34:58
3529,59,29306.68,15,Lima,BCP,QR,Transferencia Interbancaria,90.63,0,0,0.15,2024-03-26 04:34:58
3530,21,15340.58,9,Lima,BBVA,Yape,Pago de Préstamos,29.7,0,0,0.0,2024-09-03 04:34:58
3531,40,41495.1,0,Arequipa,Pichincha,Plin,Pago de Préstamos,324.39,0,1,0.35,2024-02-17 04:34:58
3532,23,13554.43,6,Arequipa,Interbank,Plin,Pago de Préstamos,35.74,0,0,0.0,2024-10-25 04:34:58
3533,41,20814.83,2,Piura,Interbank,Yape,Pago de Servicios,160.23,0,1,0.25,2024-09-07 04:34:58
3534,23,16686.64,26,Cusco,BBVA,Yape,Pago de Tarjeta de Crédito,566.72,0,0,0.2,2024-03-22 04:34:58
3535,29,13443.33,1,Lima,BCP,Yape,Transferencia Mismo Banco,244.32,0,1,0.45,2024-07-25 04:34:58
3536,31,31909.53,1,Lima,Interbank,Web Banking,Compras Online,115.89,1,1,0.15,2024-09-18 04:34:58
3537,46,28788.45,4,Lima,Interbank,Banca Móvil Propia,Transferencia Mismo Banco,104.47,1,1,0.2,2024-05-07 04:34:58
3538,46,40316.06,9,Otros,BCP,Banca Móvil Propia,Recarga de Celular,526.02,1,1,0.15,2024-05-10 04:34:58
3539,20,9045.86,1,Lima,BBVA,Tunki,Compras Online,43.82,1,1,0.0,2024-07-10 04:34:58
3540,35,37499.59,6,Lima,BanBif,Banca Móvil Propia,Pago de Servicios,322.16,0,1,0.35,2024-10-17 04:34:58
3541,26,50000.0,0,Lima,BCP,Web Banking,Compras Online,1330.9,0,1,0.0,2024-05-23 04:34:58
3542,19,17574.06,12,Lima,BBVA,Banca Móvil Propia,Transferencia Interbancaria,255.55,1,1,0.35,2024-07-01 04:34:58
3543,32,50000.0,0,Lima,BBVA,Yape,Transferencia Mismo Banco,116.98,0,1,0.1,2024-03-14 04:34:58
3544,31,19310.79,12,Lima,Scotiabank,Tunki,Compras Online,126.46,1,0,0.0,2024-09-02 04:34:58
3545,64,11089.96,3,Otros,Scotiabank,Web Banking,Retiro sin Tarjeta,91.8,1,1,0.1,2024-05-17 04:34:58
3546,40,18905.04,2,Trujillo,Scotiabank,Plin,Pago de Tarjeta de Crédito,77.4,1,1,0.15,2024-08-01 04:34:58
3547,18,37201.41,18,Cusco,BBVA,Banca Móvil Propia,Retiro sin Tarjeta,166.96,0,1,0.0,2023-12-07 04:34:58
3548,28,14485.62,23,Cusco,BCP,Yape,Pago de Servicios,292.8,0,0,0.0,2024-08-27 04:34:58
3549,47,16314.84,5,Lima,BCP,Yape,Pago de Préstamos,743.06,1,1,0.3,2024-04-03 04:34:58
3550,60,29636.73,0,Piura,Interbank,QR,Pago de Tarjeta de Crédito,20.98,0,1,0.0,2024-10-26 04:34:58
3551,18,22060.19,3,Arequipa,Interbank,Plin,Recarga de Celular,12.95,1,1,0.1,2024-02-07 04:34:58
3552,18,29504.9,3,Lima,Pichincha,Plin,Transferencia Interbancaria,757.54,0,1,0.2,2024-04-07 04:34:58
3553,57,24807.83,3,Trujillo,BBVA,Plin,Pago de Servicios,157.14,0,0,0.25,2024-09-18 04:34:58
3554,39,27995.88,4,Lima,Interbank,Web Banking,Compras Online,165.59,0,1,0.3,2023-12-16 04:34:58
3555,24,17744.83,0,Arequipa,BBVA,Yape,Pago de Servicios,245.01,0,1,0.35,2024-04-23 04:34:58
3556,41,24732.3,6,Arequipa,BCP,Lukita,Pago de Préstamos,123.12,0,0,0.1,2024-07-07 04:34:58
3557,18,13853.78,6,Trujillo,BBVA,Plin,Compras Online,1069.72,0,1,0.2,2024-01-27 04:34:58
3558,35,41949.29,0,Lima,BBVA,Lukita,Pago de Tarjeta de Crédito,242.7,0,1,0.0,2024-07-13 04:34:58
3559,38,16040.35,4,Piura,Pichincha,Web Banking,Compras Online,94.86,0,1,0.1,2023-12-12 04:34:58
3560,46,38732.09,4,Trujillo,BBVA,Plin,Transferencia Interbancaria,103.73,0,1,0.0,2024-08-13 04:34:58
3561,22,19598.27,5,Otros,Pichincha,Yape,Transferencia Mismo Banco,128.57,0,0,0.0,2023-12-17 04:34:58
3562,36,24367.35,0,Lima,BBVA,Yape,Retiro sin Tarjeta,68.23,0,1,0.15,2024-01-06 04:34:58
3563,23,17197.47,4,Arequipa,BCP,Banca Móvil Propia,Transferencia Mismo Banco,803.91,0,0,0.35,2024-04-04 04:34:58
3564,38,13253.31,1,Arequipa,BCP,Yape,Pago de Préstamos,168.0,0,0,0.15,2024-08-28 04:34:58
3565,24,9206.08,3,Lima,BCP,Yape,Recarga de Celular,46.04,0,0,0.0,2024-06-13 04:34:58
3566,30,12995.23,7,Lima,BBVA,Plin,Transferencia Interbancaria,222.56,0,1,0.0,2024-06-10 04:34:58
3567,23,18733.07,6,Lima,BCP,Yape,Transferencia Mismo Banco,625.81,0,1,0.0,2024-09-02 04:34:58
3568,42,24488.03,0,Otros,BBVA,Yape,Pago de Servicios,428.73,1,1,0.3,2024-11-18 04:34:58
3569,45,36504.46,4,Piura,Pichincha,QR,Pago de Servicios,69.42,0,1,0.0,2024-03-11 04:34:58
3570,32,17625.84,17,Cusco,Interbank,QR,Recarga de Celular,48.96,0,0,0.15,2024-03-19 04:34:58
3571,35,14171.95,0,Lima,Scotiabank,Tunki,Recarga de Celular,618.52,1,1,0.25,2024-05-27 04:34:58
3572,18,10706.89,9,Otros,BCP,Banca Móvil Propia,Transferencia Interbancaria,29.24,0,0,0.0,2024-08-03 04:34:58
3573,31,28002.02,6,Lima,BBVA,Banca Móvil Propia,Transferencia Mismo Banco,215.06,1,1,0.1,2024-01-05 04:34:58
3574,34,43984.71,7,Arequipa,BCP,Banca Móvil Propia,Pago de Servicios,84.06,0,1,0.15,2023-12-28 04:34:58
3575,66,41488.23,1,Trujillo,Scotiabank,Banca Móvil Propia,Transferencia Interbancaria,552.05,0,1,0.0,2023-12-24 04:34:58
3576,21,31412.66,1,Lima,BCP,Plin,Transferencia Interbancaria,51.69,1,1,0.0,2024-02-25 04:34:58
3577,52,30311.17,11,Arequipa,BBVA,Banca Móvil Propia,Pago de Servicios,66.92,0,1,0.0,2024-08-26 04:34:58
3578,46,50000.0,2,Arequipa,BBVA,Banca Móvil Propia,Transferencia Mismo Banco,275.07,0,1,0.15,2024-03-04 04:34:58
3579,38,26004.91,0,Lima,BBVA,Plin,Retiro sin Tarjeta,328.82,0,1,0.2,2024-10-16 04:34:58
3580,56,30426.37,4,Lima,Scotiabank,Plin,Recarga de Celular,578.01,1,1,0.1,2023-12-28 04:34:58
3581,39,18762.36,0,Lima,BCP,Yape,Pago de Préstamos,238.16,0,1,0.0,2024-04-03 04:34:58
3582,39,11147.59,7,Lima,BBVA,Banca Móvil Propia,Pago de Préstamos,210.5,1,0,0.2,2024-03-08 04:34:58
3583,34,15647.64,5,Arequipa,Scotiabank,Plin,Pago de Préstamos,423.74,1,0,0.2,2024-06-16 04:34:58
3584,49,21925.83,10,Arequipa,BBVA,Banca Móvil Propia,Pago de Tarjeta de Crédito,37.69,1,1,0.0,2024-04-07 04:34:58
3585,48,22706.19,7,Piura,BBVA,Plin,Transferencia Mismo Banco,61.58,1,0,0.0,2024-08-01 04:34:58
3586,27,50000.0,0,Lima,BCP,Lukita,Retiro sin Tarjeta,40.98,0,1,0.25,2024-08-10 04:34:58
3587,19,22940.03,2,Lima,Scotiabank,Yape,Retiro sin Tarjeta,10.12,0,0,0.0,2024-05-21 04:34:58
3588,32,39712.52,7,Lima,Pichincha,Banca Móvil Propia,Pago de Servicios,344.52,1,0,0.2,2024-03-29 04:34:58
3589,25,17720.22,2,Lima,Interbank,Banca Móvil Propia,Retiro sin Tarjeta,619.98,1,1,0.25,2024-04-22 04:34:58
3590,34,18848.0,17,Lima,Scotiabank,Plin,Pago de Préstamos,258.78,0,0,0.3,2024-07-19 04:34:58
3591,49,11333.25,6,Trujillo,BBVA,Plin,Recarga de Celular,217.04,1,1,0.2,2024-04-26 04:34:58
3592,29,15196.74,0,Piura,BCP,Lukita,Transferencia Interbancaria,161.57,1,1,0.2,2024-08-13 04:34:58
3593,34,28666.68,10,Cusco,BCP,Yape,Transferencia Mismo Banco,156.83,0,1,0.0,2024-07-11 04:34:58
3594,35,22109.89,0,Cusco,Interbank,QR,Pago de Tarjeta de Crédito,808.53,0,1,0.0,2024-05-14 04:34:58
3595,45,35294.04,0,Lima,BBVA,QR,Pago de Préstamos,698.67,1,1,0.0,2024-05-22 04:34:58
3596,18,24115.91,6,Lima,Scotiabank,Banca Móvil Propia,Recarga de Celular,82.68,1,0,0.0,2024-04-11 04:34:58
3597,27,18467.6,10,Piura,Interbank,QR,Retiro sin Tarjeta,449.8,1,0,0.3,2024-04-01 04:34:58
3598,37,50000.0,3,Cusco,Pichincha,Banca Móvil Propia,Transferencia Interbancaria,507.46,0,1,0.25,2024-06-18 04:34:58
3599,49,21016.19,1,Lima,BBVA,Banca Móvil Propia,Compras Online,284.4,0,0,0.6,2024-06-17 04:34:58
3600,29,39399.19,2,Lima,BBVA,Web Banking,Compras Online,218.67,0,1,0.2,2024-10-12 04:34:58
3601,18,18022.84,2,Lima,BCP,Yape,Transferencia Interbancaria,211.3,1,1,0.0,2024-03-16 04:34:58
3602,42,31407.43,1,Lima,BBVA,Plin,Pago de Préstamos,33.72,0,0,0.25,2024-06-11 04:34:58
3603,27,35031.67,1,Otros,Scotiabank,Plin,Retiro sin Tarjeta,30.86,1,1,0.1,2024-08-28 04:34:58
3604,20,24446.59,4,Cusco,BCP,Banca Móvil Propia,Recarga de Celular,324.83,1,1,0.2,2024-11-17 04:34:58
3605,27,6786.96,11,Trujillo,Pichincha,Yape,Pago de Tarjeta de Crédito,49.38,1,0,0.15,2023-12-08 04:34:58
3606,32,22228.4,1,Lima,Pichincha,Web Banking,Retiro sin Tarjeta,36.99,0,1,0.1,2024-11-10 04:34:58
3607,27,40750.77,1,Otros,BBVA,Plin,Compras Online,18.63,0,1,0.15,2023-12-21 04:34:58
3608,18,28673.84,9,Lima,BCP,Lukita,Transferencia Mismo Banco,92.23,0,0,0.0,2024-11-02 04:34:58
3609,45,27526.91,6,Arequipa,BCP,Yape,Transferencia Interbancaria,215.8,0,1,0.15,2024-03-31 04:34:58
3610,50,9310.25,13,Trujillo,BCP,Yape,Pago de Servicios,233.91,0,0,0.35,2024-06-04 04:34:58
3611,42,15363.85,0,Lima,BCP,Yape,Pago de Préstamos,347.44,0,1,0.15,2024-02-11 04:34:58
3612,21,27056.4,0,Trujillo,BBVA,Plin,Transferencia Interbancaria,100.33,0,1,0.0,2024-07-08 04:34:58
3613,32,27043.22,3,Lima,BCP,Plin,Retiro sin Tarjeta,165.22,1,0,0.1,2024-01-09 04:34:58
3614,34,40430.24,4,Cusco,Interbank,Web Banking,Pago de Tarjeta de Crédito,345.79,0,1,0.3,2024-04-07 04:34:58
3615,42,20487.43,3,Lima,BBVA,Plin,Pago de Préstamos,236.03,1,1,0.2,2024-11-27 04:34:58
3616,43,26981.64,4,Trujillo,BCP,Banca Móvil Propia,Compras Online,82.69,0,0,0.0,2024-01-26 04:34:58
3617,26,22207.54,0,Lima,BBVA,Plin,Retiro sin Tarjeta,200.27,0,1,0.1,2024-01-04 04:34:58
3618,35,13447.23,3,Arequipa,Pichincha,Yape,Pago de Servicios,20.4,0,0,0.0,2024-01-09 04:34:58
3619,40,7130.27,5,Lima,Interbank,Banca Móvil Propia,Pago de Servicios,148.43,0,0,0.0,2024-10-03 04:34:58
3620,52,27323.57,2,Lima,BBVA,Yape,Transferencia Interbancaria,79.97,0,1,0.0,2024-09-26 04:34:58
3621,43,24027.96,5,Trujillo,Scotiabank,QR,Retiro sin Tarjeta,677.61,1,1,0.35,2024-10-15 04:34:58
3622,44,16169.99,3,Lima,Interbank,QR,Compras Online,55.86,0,1,0.2,2024-09-09 04:34:58
3623,36,9802.7,2,Lima,Scotiabank,Plin,Transferencia Interbancaria,166.78,0,1,0.1,2024-04-16 04:34:58
3624,51,30178.04,1,Otros,BCP,Banca Móvil Propia,Recarga de Celular,96.66,0,1,0.0,2024-02-20 04:34:58
3625,39,19284.17,2,Trujillo,Scotiabank,Yape,Retiro sin Tarjeta,84.93,0,1,0.15,2024-04-08 04:34:58
3626,24,29098.37,0,Lima,BCP,Banca Móvil Propia,Pago de Tarjeta de Crédito,216.44,0,1,0.15,2024-07-27 04:34:58
3627,51,50000.0,5,Arequipa,BanBif,QR,Transferencia Interbancaria,97.69,0,1,0.25,2024-02-21 04:34:58
3628,43,7549.86,9,Lima,BCP,Lukita,Pago de Tarjeta de Crédito,945.76,0,1,0.2,2024-10-27 04:34:58
3629,29,15524.89,2,Otros,BanBif,Plin,Retiro sin Tarjeta,20.6,0,0,0.15,2024-04-01 04:34:58
3630,29,19837.16,0,Arequipa,Pichincha,Plin,Pago de Préstamos,278.99,1,1,0.3,2024-10-15 04:34:58
3631,38,45588.61,21,Lima,BCP,Plin,Retiro sin Tarjeta,136.35,1,1,0.0,2024-03-24 04:34:58
3632,40,9718.62,1,Arequipa,Pichincha,Web Banking,Transferencia Mismo Banco,141.13,1,0,0.35,2024-11-04 04:34:58
3633,37,50000.0,0,Lima,BCP,QR,Transferencia Interbancaria,200.76,1,1,0.2,2024-09-29 04:34:58
3634,38,23574.67,2,Lima,BCP,Yape,Retiro sin Tarjeta,402.52,0,1,0.45,2024-08-28 04:34:58
3635,55,20994.16,6,Lima,BBVA,Lukita,Pago de Servicios,193.46,0,1,0.15,2024-10-27 04:34:58
3636,47,19949.71,1,Lima,Pichincha,Web Banking,Pago de Servicios,403.97,0,1,0.3,2024-03-16 04:34:58
3637,37,17709.71,4,Piura,BBVA,Plin,Transferencia Mismo Banco,155.46,0,1,0.0,2024-08-31 04:34:58
3638,46,37199.79,2,Lima,BBVA,Lukita,Retiro sin Tarjeta,52.77,0,0,0.35,2024-11-04 04:34:58
3639,22,12909.77,0,Otros,Interbank,Plin,Transferencia Interbancaria,135.76,0,0,0.1,2024-02-19 04:34:58
3640,39,26178.85,2,Lima,Pichincha,Plin,Pago de Préstamos,470.09,1,1,0.25,2024-07-05 04:34:58
3641,56,18176.94,6,Lima,Scotiabank,Yape,Pago de Tarjeta de Crédito,98.43,0,1,0.2,2024-02-08 04:34:58
3642,32,15046.99,4,Lima,BCP,Plin,Transferencia Interbancaria,50.26,0,1,0.0,2023-12-31 04:34:58
3643,24,50000.0,0,Lima,BCP,Lukita,Pago de Tarjeta de Crédito,275.74,0,1,0.0,2024-01-24 04:34:58
3644,27,27160.67,0,Otros,BCP,Plin,Pago de Tarjeta de Crédito,207.81,1,0,0.15,2024-10-14 04:34:58
3645,21,29930.48,5,Lima,Interbank,Yape,Pago de Tarjeta de Crédito,68.66,0,1,0.0,2024-11-26 04:34:58
3646,25,38905.4,8,Otros,BCP,Yape,Pago de Servicios,117.56,0,1,0.15,2024-01-09 04:34:58
3647,30,10821.88,2,Cusco,BCP,Tunki,Recarga de Celular,123.76,0,0,0.25,2024-09-05 04:34:58
3648,18,50000.0,4,Trujillo,Scotiabank,Banca Móvil Propia,Pago de Préstamos,149.36,1,0,0.0,2024-01-14 04:34:58
3649,35,6282.49,0,Trujillo,BCP,Tunki,Retiro sin Tarjeta,283.32,0,0,0.0,2024-09-06 04:34:58
3650,45,14997.17,1,Lima,BBVA,Yape,Transferencia Mismo Banco,98.97,0,0,0.15,2024-03-30 04:34:58
3651,24,17509.24,0,Lima,BBVA,Lukita,Transferencia Mismo Banco,298.34,0,1,0.1,2024-04-23 04:34:58
3652,53,29462.15,7,Trujillo,BCP,QR,Pago de Tarjeta de Crédito,87.05,0,0,0.3,2023-12-08 04:34:58
3653,41,24571.91,2,Lima,BBVA,Banca Móvil Propia,Retiro sin Tarjeta,785.49,0,1,0.25,2024-08-19 04:34:58
3654,47,20263.83,8,Cusco,BBVA,Banca Móvil Propia,Retiro sin Tarjeta,802.6,0,1,0.3,2024-10-25 04:34:58
3655,27,21894.73,6,Lima,Scotiabank,Web Banking,Pago de Tarjeta de Crédito,63.03,1,1,0.2,2024-04-05 04:34:58
3656,45,13507.34,8,Arequipa,BCP,Banca Móvil Propia,Transferencia Mismo Banco,43.58,0,1,0.4,2024-05-14 04:34:58
3657,21,10418.97,1,Lima,BBVA,Banca Móvil Propia,Transferencia Mismo Banco,394.73,0,1,0.0,2024-05-13 04:34:58
3658,45,31674.14,1,Trujillo,Scotiabank,Lukita,Transferencia Interbancaria,192.07,1,1,0.0,2024-01-25 04:34:58
3659,37,31158.83,17,Arequipa,Scotiabank,Plin,Transferencia Mismo Banco,257.67,0,1,0.35,2024-11-07 04:34:58
3660,41,48642.22,6,Trujillo,Scotiabank,Banca Móvil Propia,Pago de Tarjeta de Crédito,77.11,0,0,0.0,2024-09-13 04:34:58
3661,20,14838.66,8,Trujillo,Pichincha,QR,Pago de Servicios,130.0,0,0,0.1,2024-04-19 04:34:58
3662,24,31144.96,0,Otros,Scotiabank,Plin,Transferencia Mismo Banco,105.13,0,0,0.1,2024-02-29 04:34:58
3663,42,19113.43,2,Arequipa,BBVA,QR,Pago de Préstamos,201.18,1,1,0.35,2024-02-03 04:34:58
3664,23,39944.15,6,Lima,Scotiabank,Banca Móvil Propia,Transferencia Mismo Banco,42.7,0,1,0.0,2024-11-11 04:34:58
3665,40,36716.5,0,Lima,BBVA,Plin,Pago de Servicios,134.38,0,1,0.0,2023-12-28 04:34:58
3666,18,24479.83,4,Piura,BCP,Banca Móvil Propia,Pago de Servicios,42.28,0,0,0.2,2023-12-18 04:34:58
3667,45,18587.32,2,Lima,BCP,Plin,Retiro sin Tarjeta,88.63,1,1,0.0,2024-03-18 04:34:58
3668,20,35613.0,0,Arequipa,BCP,Lukita,Pago de Tarjeta de Crédito,134.65,0,1,0.15,2024-09-11 04:34:58
3669,41,30438.16,1,Lima,BCP,Plin,Pago de Tarjeta de Crédito,246.52,1,0,0.35,2024-08-03 04:34:58
3670,42,15643.02,1,Piura,BCP,QR,Transferencia Mismo Banco,267.82,1,0,0.35,2024-04-07 04:34:58
3671,26,11340.1,0,Arequipa,BCP,Plin,Pago de Servicios,317.64,0,1,0.0,2024-06-27 04:34:58
3672,41,19067.37,4,Arequipa,Scotiabank,Banca Móvil Propia,Transferencia Interbancaria,33.69,1,1,0.4,2024-08-05 04:34:58
3673,38,46990.79,1,Arequipa,BanBif,Web Banking,Recarga de Celular,525.36,0,1,0.2,2024-10-15 04:34:58
3674,28,39075.21,1,Trujillo,BBVA,Yape,Pago de Servicios,77.88,0,1,0.15,2024-10-12 04:34:58
3675,22,12630.08,11,Lima,Scotiabank,Lukita,Recarga de Celular,83.78,1,1,0.15,2024-07-24 04:34:58
3676,18,12284.84,3,Arequipa,BCP,Yape,Pago de Préstamos,194.17,0,1,0.2,2024-03-24 04:34:58
3677,39,41661.88,2,Lima,BanBif,QR,Pago de Préstamos,105.95,1,1,0.1,2024-04-17 04:34:58
3678,18,12483.74,6,Lima,BBVA,Banca Móvil Propia,Transferencia Mismo Banco,213.11,0,1,0.2,2024-08-11 04:34:58
3679,36,28414.3,12,Cusco,BCP,QR,Pago de Préstamos,256.57,1,1,0.45,2024-01-03 04:34:58
3680,31,16187.01,0,Lima,BCP,QR,Pago de Préstamos,69.19,1,1,0.0,2024-11-19 04:34:58
3681,43,49440.36,2,Piura,BCP,Yape,Transferencia Interbancaria,123.5,0,0,0.0,2024-04-03 04:34:58
3682,31,14984.74,4,Lima,BCP,Yape,Pago de Tarjeta de Crédito,127.22,0,0,0.25,2024-06-22 04:34:58
3683,31,39014.19,1,Lima,BCP,Banca Móvil Propia,Transferencia Interbancaria,386.94,1,0,0.0,2024-08-28 04:34:58
3684,43,24159.41,7,Lima,BCP,Plin,Compras Online,93.21,0,1,0.1,2024-04-29 04:34:58
3685,39,24986.66,17,Lima,BCP,Yape,Pago de Tarjeta de Crédito,89.24,0,0,0.0,2024-05-30 04:34:58
3686,38,8224.28,14,Lima,BCP,Yape,Retiro sin Tarjeta,53.43,0,1,0.0,2024-08-20 04:34:58
3687,40,7321.3,1,Arequipa,Pichincha,Banca Móvil Propia,Pago de Tarjeta de Crédito,59.77,1,1,0.0,2024-11-16 04:34:58
3688,18,19726.48,1,Lima,BCP,Yape,Pago de Tarjeta de Crédito,38.45,0,0,0.15,2024-05-25 04:34:58
3689,44,24920.67,15,Lima,BCP,QR,Compras Online,73.47,1,1,0.0,2024-11-30 04:34:58
3690,42,12549.06,3,Cusco,Interbank,QR,Pago de Préstamos,730.38,0,1,0.2,2024-03-10 04:34:58
3691,22,12780.21,1,Lima,Scotiabank,QR,Compras Online,296.16,1,0,0.35,2024-02-27 04:34:58
3692,32,29165.34,6,Otros,BBVA,Yape,Retiro sin Tarjeta,532.37,0,1,0.2,2024-07-24 04:34:58
3693,34,29185.5,1,Lima,Scotiabank,Yape,Transferencia Mismo Banco,57.39,0,0,0.0,2024-08-15 04:34:58
3694,33,20560.55,1,Trujillo,BCP,Plin,Pago de Servicios,21.16,0,1,0.1,2024-07-15 04:34:58
3695,39,32535.95,10,Trujillo,BCP,Web Banking,Transferencia Interbancaria,203.65,0,0,0.0,2024-09-26 04:34:58
3696,52,12245.32,0,Lima,BCP,Yape,Compras Online,947.28,1,0,0.0,2024-10-16 04:34:58
3697,47,18435.48,0,Cusco,Interbank,Plin,Transferencia Mismo Banco,91.35,1,1,0.1,2024-02-11 04:34:58
3698,19,50000.0,1,Lima,BBVA,Yape,Compras Online,164.32,0,1,0.35,2023-12-20 04:34:58
3699,42,22791.91,4,Trujillo,Interbank,Banca Móvil Propia,Transferencia Mismo Banco,30.89,1,1,0.0,2023-12-31 04:34:58
3700,50,23462.44,0,Piura,BCP,Banca Móvil Propia,Pago de Tarjeta de Crédito,152.66,0,1,0.3,2024-08-24 04:34:58
3701,39,50000.0,3,Lima,Interbank,Yape,Pago de Servicios,130.98,0,0,0.0,2024-11-18 04:34:58
3702,48,10941.62,4,Lima,BCP,Plin,Compras Online,18.3,1,0,0.0,2024-07-12 04:34:58
3703,59,32801.03,9,Otros,BBVA,Banca Móvil Propia,Transferencia Interbancaria,52.6,0,0,0.0,2024-02-20 04:34:58
3704,47,50000.0,1,Lima,BBVA,Tunki,Pago de Tarjeta de Crédito,48.58,1,0,0.15,2024-04-11 04:34:58
3705,37,18724.18,8,Arequipa,Interbank,Banca Móvil Propia,Pago de Tarjeta de Crédito,30.58,1,1,0.3,2024-10-07 04:34:58
3706,47,33854.1,1,Piura,BCP,Lukita,Transferencia Interbancaria,71.89,1,1,0.15,2024-05-27 04:34:58
3707,36,13480.38,5,Cusco,Scotiabank,Banca Móvil Propia,Transferencia Interbancaria,246.85,0,0,0.35,2024-06-10 04:34:58
3708,35,15625.1,2,Lima,Interbank,Banca Móvil Propia,Retiro sin Tarjeta,78.79,1,1,0.3,2024-11-20 04:34:58
3709,30,26701.72,0,Trujillo,BCP,QR,Transferencia Interbancaria,468.01,0,1,0.35,2024-05-22 04:34:58
3710,53,32836.08,6,Trujillo,Pichincha,Web Banking,Recarga de Celular,103.26,1,1,0.2,2024-12-04 04:34:58
3711,25,38579.19,1,Piura,Interbank,Plin,Pago de Tarjeta de Crédito,205.66,0,0,0.1,2024-10-17 04:34:58
3712,53,48282.01,0,Arequipa,BBVA,Plin,Pago de Servicios,244.08,0,0,0.2,2024-05-02 04:34:58
3713,40,21296.05,2,Trujillo,BCP,Lukita,Transferencia Interbancaria,688.06,0,1,0.2,2024-11-20 04:34:58
3714,18,40006.85,5,Arequipa,BBVA,Plin,Pago de Préstamos,72.52,1,1,0.15,2024-08-17 04:34:58
3715,39,18561.55,1,Cusco,BCP,QR,Pago de Servicios,230.99,0,1,0.2,2024-06-17 04:34:58
3716,18,34580.52,1,Arequipa,BBVA,Yape,Pago de Servicios,57.59,0,1,0.0,2024-11-30 04:34:58
3717,42,24434.33,0,Lima,BBVA,QR,Recarga de Celular,830.56,0,1,0.0,2024-01-05 04:34:58
3718,45,27524.7,3,Arequipa,Interbank,Banca Móvil Propia,Transferencia Interbancaria,52.47,0,1,0.0,2024-07-30 04:34:58
3719,27,27221.27,2,Otros,BCP,Banca Móvil Propia,Pago de Servicios,217.82,0,0,0.35,2024-03-24 04:34:58
3720,36,9873.87,1,Arequipa,Scotiabank,Plin,Pago de Préstamos,705.89,0,0,0.1,2024-03-25 04:34:58
3721,58,12555.81,0,Lima,BCP,Web Banking,Pago de Tarjeta de Crédito,44.86,0,1,0.45,2024-04-19 04:34:58
3722,28,23185.23,2,Lima,BBVA,Plin,Transferencia Interbancaria,269.1,1,1,0.3,2024-04-13 04:34:58
3723,22,9474.51,7,Lima,Scotiabank,Plin,Recarga de Celular,54.99,0,0,0.0,2024-11-19 04:34:58
3724,52,33376.44,6,Arequipa,Interbank,Yape,Retiro sin Tarjeta,1522.89,0,0,0.35,2024-10-08 04:34:58
3725,58,34056.56,9,Lima,BCP,QR,Retiro sin Tarjeta,22.39,1,0,0.1,2024-05-01 04:34:58
3726,35,25941.14,0,Arequipa,BBVA,Tunki,Retiro sin Tarjeta,32.55,0,0,0.0,2024-10-26 04:34:58
3727,47,12574.59,16,Piura,BCP,Banca Móvil Propia,Retiro sin Tarjeta,48.35,1,0,0.5,2023-12-08 04:34:58
3728,51,43917.56,2,Lima,BBVA,Banca Móvil Propia,Transferencia Mismo Banco,49.93,1,1,0.25,2024-05-22 04:34:58
3729,26,50000.0,23,Trujillo,BCP,QR,Pago de Servicios,249.85,1,0,0.3,2024-03-21 04:34:58
3730,29,23707.3,1,Arequipa,Interbank,Banca Móvil Propia,Transferencia Mismo Banco,897.56,0,0,0.0,2024-08-21 04:34:58
3731,49,28431.92,3,Piura,BBVA,Banca Móvil Propia,Compras Online,471.13,1,1,0.3,2024-01-27 04:34:58
3732,55,24364.18,2,Lima,BCP,Banca Móvil Propia,Pago de Préstamos,187.52,0,0,0.0,2024-12-05 04:34:58
3733,41,28715.28,2,Trujillo,BCP,Banca Móvil Propia,Transferencia Interbancaria,149.84,0,1,0.15,2024-04-07 04:34:58
3734,24,20748.32,9,Otros,BCP,Yape,Pago de Tarjeta de Crédito,80.93,0,1,0.2,2024-10-02 04:34:58
3735,58,21649.07,6,Trujillo,BBVA,Yape,Retiro sin Tarjeta,219.44,1,1,0.3,2024-08-05 04:34:58
3736,28,34643.27,24,Lima,BBVA,Yape,Transferencia Interbancaria,120.45,0,0,0.0,2024-03-24 04:34:58
3737,30,50000.0,4,Lima,BBVA,Plin,Recarga de Celular,179.36,0,0,0.45,2024-09-10 04:34:58
3738,39,10937.63,3,Piura,Scotiabank,Tunki,Pago de Servicios,70.75,0,0,0.15,2024-03-02 04:34:58
3739,53,20912.32,0,Arequipa,BCP,Banca Móvil Propia,Recarga de Celular,44.62,1,0,0.1,2024-05-15 04:34:58
3740,45,12207.06,28,Lima,BanBif,Web Banking,Compras Online,152.24,0,1,0.25,2024-04-16 04:34:58
3741,39,48825.72,4,Piura,BCP,Yape,Pago de Servicios,148.91,0,1,0.5,2024-11-27 04:34:58
3742,40,16417.96,6,Arequipa,BCP,Banca Móvil Propia,Recarga de Celular,81.78,0,1,0.15,2024-07-20 04:34:58
3743,35,10704.29,2,Arequipa,Interbank,Banca Móvil Propia,Pago de Préstamos,68.96,0,1,0.25,2024-02-10 04:34:58
3744,41,30305.77,3,Trujillo,Scotiabank,Plin,Recarga de Celular,259.41,0,1,0.15,2024-03-01 04:34:58
3745,18,50000.0,14,Arequipa,BBVA,Banca Móvil Propia,Pago de Tarjeta de Crédito,233.91,1,1,0.2,2024-09-17 04:34:58
3746,31,30693.28,0,Lima,Interbank,Web Banking,Pago de Servicios,969.28,0,1,0.15,2023-12-19 04:34:58
3747,37,24401.48,1,Lima,Scotiabank,Yape,Transferencia Interbancaria,590.48,0,1,0.3,2023-12-31 04:34:58
3748,21,27026.43,0,Arequipa,Scotiabank,Banca Móvil Propia,Compras Online,44.98,0,0,0.0,2024-04-21 04:34:58
3749,39,44686.21,7,Lima,BCP,Yape,Compras Online,122.63,1,1,0.0,2024-01-10 04:34:58
3750,32,14227.05,0,Otros,Scotiabank,Plin,Pago de Préstamos,37.91,1,1,0.0,2024-05-09 04:34:58
3751,56,20828.48,0,Arequipa,Scotiabank,Banca Móvil Propia,Compras Online,23.59,1,0,0.0,2024-09-02 04:34:58
3752,53,17564.85,1,Cusco,Interbank,QR,Recarga de Celular,1333.4,0,1,0.0,2023-12-19 04:34:58
3753,29,12284.18,3,Cusco,Scotiabank,Lukita,Pago de Préstamos,652.16,0,0,0.2,2024-09-23 04:34:58
3754,33,18691.28,2,Piura,Pichincha,Tunki,Pago de Servicios,79.06,0,0,0.15,2024-04-12 04:34:58
3755,34,38325.11,0,Lima,BBVA,QR,Compras Online,514.59,1,1,0.15,2024-01-29 04:34:58
3756,29,29240.24,15,Lima,BCP,Yape,Pago de Servicios,596.88,0,0,0.2,2024-03-06 04:34:58
3757,37,30398.7,15,Lima,BBVA,Lukita,Recarga de Celular,21.75,1,1,0.0,2024-11-02 04:34:58
3758,25,23700.18,1,Lima,BCP,Plin,Compras Online,347.44,0,0,0.0,2024-05-05 04:34:58
3759,21,28614.3,6,Lima,BCP,QR,Compras Online,90.77,0,1,0.15,2023-12-09 04:34:58
3760,42,14760.42,4,Arequipa,BBVA,Lukita,Transferencia Interbancaria,217.7,0,1,0.0,2023-12-30 04:34:58
3761,42,18868.42,1,Lima,BCP,QR,Pago de Préstamos,3010.5,0,1,0.2,2024-10-28 04:34:58
3762,25,24245.88,1,Lima,Interbank,Plin,Retiro sin Tarjeta,724.41,0,1,0.2,2024-09-09 04:34:58
3763,45,25305.02,3,Piura,Scotiabank,Banca Móvil Propia,Pago de Tarjeta de Crédito,130.55,0,0,0.35,2024-04-18 04:34:58
3764,27,25850.73,2,Lima,BBVA,Banca Móvil Propia,Transferencia Mismo Banco,615.03,0,1,0.15,2024-06-12 04:34:58
3765,38,20554.44,1,Arequipa,BanBif,Lukita,Compras Online,21.71,0,0,0.0,2024-03-30 04:34:58
3766,44,18238.47,8,Cusco,BCP,Plin,Retiro sin Tarjeta,245.57,1,0,0.25,2024-11-01 04:34:58
3767,34,50000.0,3,Lima,Scotiabank,Yape,Recarga de Celular,251.51,1,0,0.45,2024-10-08 04:34:58
3768,40,34661.8,5,Arequipa,Scotiabank,Plin,Recarga de Celular,300.57,0,1,0.5,2024-05-10 04:34:58
3769,28,27080.62,1,Lima,BCP,Yape,Compras Online,89.26,0,1,0.15,2024-02-03 04:34:58
3770,32,19602.17,3,Trujillo,BCP,QR,Compras Online,217.45,0,1,0.3,2024-01-21 04:34:58
3771,32,17577.77,1,Trujillo,BCP,Lukita,Compras Online,349.31,0,1,0.0,2024-01-31 04:34:58
3772,26,20632.02,3,Lima,Scotiabank,Yape,Pago de Tarjeta de Crédito,14.54,0,1,0.3,2024-05-25 04:34:58
3773,32,25499.51,7,Arequipa,Scotiabank,Web Banking,Pago de Préstamos,108.18,1,1,0.0,2024-11-19 04:34:58
3774,18,8602.28,7,Lima,BCP,Yape,Pago de Servicios,60.14,1,0,0.3,2024-10-17 04:34:58
3775,29,10049.77,2,Lima,BBVA,Plin,Pago de Préstamos,287.76,0,1,0.0,2024-07-03 04:34:58
3776,31,16019.45,5,Trujillo,BCP,Yape,Pago de Tarjeta de Crédito,588.65,0,1,0.0,2024-04-24 04:34:58
3777,31,24430.06,14,Cusco,BBVA,QR,Transferencia Interbancaria,80.49,1,1,0.3,2024-06-21 04:34:58
3778,32,19542.82,4,Lima,Pichincha,Lukita,Pago de Tarjeta de Crédito,49.96,1,0,0.2,2024-05-03 04:34:58
3779,34,46122.7,0,Cusco,BCP,Yape,Pago de Tarjeta de Crédito,166.86,1,1,0.35,2024-07-07 04:34:58
3780,40,10496.55,5,Lima,BanBif,Banca Móvil Propia,Transferencia Interbancaria,46.84,0,1,0.0,2024-10-05 04:34:58
3781,45,15128.37,0,Lima,Scotiabank,Yape,Compras Online,118.34,0,0,0.45,2024-06-02 04:34:58
3782,27,47100.83,10,Piura,Pichincha,Plin,Compras Online,106.5,0,0,0.1,2024-09-15 04:34:58
3783,20,23518.9,3,Trujillo,BCP,Yape,Recarga de Celular,265.1,1,1,0.1,2024-06-01 04:34:58
3784,22,34283.56,2,Cusco,BCP,Yape,Transferencia Interbancaria,203.4,0,1,0.25,2024-04-06 04:34:58
3785,29,50000.0,0,Lima,BCP,QR,Transferencia Mismo Banco,174.41,0,0,0.2,2024-04-08 04:34:58
3786,30,15569.95,2,Piura,Interbank,Banca Móvil Propia,Pago de Tarjeta de Crédito,762.69,0,0,0.2,2024-04-25 04:34:58
3787,25,20959.41,11,Cusco,Interbank,Plin,Transferencia Interbancaria,194.36,1,0,0.15,2024-07-03 04:34:58
3788,19,19221.54,0,Lima,BCP,Yape,Compras Online,97.73,0,1,0.1,2024-03-22 04:34:58
3789,29,8289.16,3,Otros,Scotiabank,Yape,Transferencia Interbancaria,110.48,0,1,0.15,2024-05-02 04:34:58
3790,37,18860.06,13,Arequipa,BCP,Yape,Pago de Tarjeta de Crédito,69.11,0,1,0.0,2024-01-24 04:34:58
3791,42,34218.82,2,Lima,BCP,Plin,Pago de Préstamos,53.59,0,1,0.0,2024-01-29 04:34:58
3792,28,28862.39,2,Otros,BBVA,Plin,Pago de Préstamos,36.99,1,1,0.15,2024-03-07 04:34:58
3793,30,30017.67,4,Cusco,BCP,Banca Móvil Propia,Pago de Servicios,461.38,0,1,0.45,2024-11-26 04:34:58
3794,23,18255.93,3,Lima,BCP,Plin,Recarga de Celular,72.36,1,1,0.1,2024-11-12 04:34:58
3795,34,15866.28,0,Trujillo,BBVA,Plin,Compras Online,203.55,0,1,0.1,2024-09-18 04:34:58
3796,24,41548.96,0,Otros,Scotiabank,Web Banking,Compras Online,109.96,0,1,0.3,2023-12-10 04:34:58
3797,41,17177.26,4,Arequipa,Scotiabank,Plin,Compras Online,144.14,0,1,0.25,2024-02-10 04:34:58
3798,18,25515.49,12,Trujillo,BBVA,Plin,Transferencia Interbancaria,470.5,0,0,0.3,2024-07-20 04:34:58
3799,30,23900.8,0,Lima,Interbank,Plin,Pago de Préstamos,177.09,1,0,0.0,2024-04-20 04:34:58
3800,38,45745.95,1,Piura,BBVA,Plin,Pago de Préstamos,58.99,0,1,0.4,2024-04-11 04:34:58
3801,37,35800.11,2,Piura,BCP,Yape,Compras Online,84.43,0,0,0.15,2024-09-09 04:34:58
3802,67,11526.12,8,Otros,Interbank,Plin,Recarga de Celular,350.71,0,1,0.0,2024-07-28 04:34:58
3803,39,12163.85,1,Lima,Interbank,QR,Transferencia Interbancaria,240.61,1,0,0.2,2024-01-31 04:34:58
3804,22,29420.73,10,Arequipa,Interbank,QR,Transferencia Interbancaria,373.31,1,1,0.2,2024-11-04 04:34:58
3805,33,21329.18,0,Trujillo,Interbank,Banca Móvil Propia,Transferencia Interbancaria,116.92,0,1,0.0,2024-01-31 04:34:58
3806,18,17543.07,14,Cusco,Interbank,Tunki,Pago de Préstamos,36.74,0,1,0.0,2023-12-20 04:34:58
3807,34,36600.38,4,Otros,BBVA,Banca Móvil Propia,Pago de Préstamos,246.32,0,1,0.2,2024-11-20 04:34:58
3808,25,24190.85,5,Lima,Scotiabank,Plin,Pago de Préstamos,191.1,0,1,0.1,2024-06-18 04:34:58
3809,45,22611.83,2,Lima,BCP,Yape,Pago de Servicios,196.18,0,1,0.15,2024-01-01 04:34:58
3810,28,32529.88,7,Trujillo,Scotiabank,Plin,Transferencia Interbancaria,37.27,0,1,0.3,2024-10-10 04:34:58
3811,33,18259.59,0,Otros,BCP,Plin,Compras Online,78.24,0,0,0.0,2023-12-16 04:34:58
3812,27,48255.23,0,Lima,BCP,Yape,Pago de Préstamos,58.07,0,0,0.0,2024-04-01 04:34:58
3813,55,14853.28,2,Lima,Interbank,Yape,Retiro sin Tarjeta,221.27,1,0,0.2,2024-06-09 04:34:58
3814,31,30591.1,9,Otros,BBVA,Plin,Compras Online,229.02,0,0,0.15,2024-04-23 04:34:58
3815,56,45112.58,7,Lima,Scotiabank,Plin,Transferencia Mismo Banco,142.1,1,0,0.0,2024-05-29 04:34:58
3816,44,11062.9,3,Arequipa,BBVA,Plin,Compras Online,390.56,0,1,0.3,2024-09-19 04:34:58
3817,40,18551.99,4,Arequipa,Interbank,Yape,Pago de Tarjeta de Crédito,658.99,1,1,0.35,2024-06-15 04:34:58
3818,39,38991.68,0,Piura,BCP,Yape,Pago de Tarjeta de Crédito,211.25,0,1,0.5,2024-08-15 04:34:58
3819,39,39285.95,9,Trujillo,BCP,Yape,Pago de Préstamos,290.35,1,1,0.0,2024-11-04 04:34:58
3820,18,20216.46,7,Arequipa,BBVA,Yape,Transferencia Interbancaria,86.35,0,0,0.1,2024-10-12 04:34:58
3821,31,15255.03,5,Trujillo,Interbank,Plin,Compras Online,71.85,0,0,0.15,2024-11-13 04:34:58
3822,45,35524.15,3,Trujillo,Interbank,Yape,Pago de Tarjeta de Crédito,407.38,1,1,0.25,2024-04-14 04:34:58
3823,34,39806.06,16,Trujillo,BBVA,Banca Móvil Propia,Retiro sin Tarjeta,61.88,1,1,0.3,2024-05-22 04:34:58
3824,18,12303.86,10,Piura,Pichincha,Plin,Recarga de Celular,297.99,1,1,0.2,2024-11-03 04:34:58
3825,34,12064.75,5,Lima,Interbank,Plin,Pago de Servicios,828.38,1,1,0.15,2024-02-15 04:34:58
3826,55,24652.37,2,Lima,BanBif,Yape,Recarga de Celular,285.28,0,0,0.0,2024-11-06 04:34:58
3827,49,30172.32,4,Lima,BCP,Yape,Pago de Servicios,136.87,0,1,0.25,2023-12-08 04:34:58
3828,34,18967.18,4,Otros,BCP,Yape,Recarga de Celular,38.85,0,1,0.0,2024-06-07 04:34:58
3829,46,30935.11,2,Lima,BCP,Web Banking,Recarga de Celular,174.74,0,1,0.0,2024-09-30 04:34:58
3830,30,15443.32,1,Lima,BCP,Lukita,Transferencia Mismo Banco,407.12,0,1,0.15,2024-04-06 04:34:58
3831,18,7651.47,2,Lima,BBVA,Yape,Transferencia Mismo Banco,124.09,0,1,0.0,2024-01-19 04:34:58
3832,23,17819.51,4,Arequipa,BBVA,Banca Móvil Propia,Transferencia Mismo Banco,412.19,1,0,0.15,2024-05-05 04:34:58
3833,53,22733.98,2,Piura,BBVA,Plin,Pago de Préstamos,213.8,0,1,0.2,2024-03-15 04:34:58
3834,31,19188.76,1,Trujillo,Interbank,Yape,Compras Online,198.61,1,1,0.15,2023-12-22 04:34:58
3835,32,12341.2,7,Arequipa,Pichincha,Lukita,Recarga de Celular,108.12,0,0,0.0,2024-03-08 04:34:58
3836,31,8885.5,3,Arequipa,Scotiabank,Yape,Pago de Préstamos,34.6,0,1,0.4,2024-03-16 04:34:58
3837,57,17033.81,0,Lima,BCP,Plin,Compras Online,97.02,0,0,0.1,2024-10-19 04:34:58
3838,54,34503.91,2,Lima,BCP,Banca Móvil Propia,Pago de Tarjeta de Crédito,96.25,0,0,0.15,2024-05-12 04:34:58
3839,61,41278.57,10,Lima,BCP,Tunki,Pago de Préstamos,263.87,0,1,0.15,2024-10-27 04:34:58
3840,33,39889.03,7,Otros,BCP,Web Banking,Pago de Servicios,146.17,0,0,0.35,2024-08-30 04:34:58
3841,38,14647.8,1,Piura,BBVA,Lukita,Compras Online,438.42,0,1,0.0,2023-12-14 04:34:58
3842,18,12371.45,13,Arequipa,BBVA,Lukita,Transferencia Mismo Banco,196.64,0,0,0.45,2024-03-07 04:34:58
3843,52,28234.99,0,Lima,BCP,Yape,Compras Online,89.63,0,1,0.35,2024-08-12 04:34:58
3844,20,30259.03,16,Otros,Interbank,Yape,Compras Online,65.7,0,1,0.0,2024-11-17 04:34:58
3845,37,26905.47,1,Lima,Interbank,Lukita,Pago de Servicios,81.18,0,1,0.0,2024-11-03 04:34:58
3846,21,8046.31,0,Trujillo,BCP,Web Banking,Pago de Servicios,174.3,0,1,0.0,2024-01-18 04:34:58
3847,27,14279.18,2,Lima,BBVA,Plin,Transferencia Interbancaria,102.23,1,1,0.15,2024-05-28 04:34:58
3848,24,21701.91,2,Cusco,Scotiabank,Web Banking,Compras Online,50.58,0,1,0.35,2024-09-30 04:34:58
3849,27,28102.37,3,Lima,BBVA,Yape,Retiro sin Tarjeta,406.15,1,1,0.2,2024-09-13 04:34:58
3850,28,32326.86,7,Piura,BCP,Yape,Recarga de Celular,172.83,0,1,0.0,2024-10-29 04:34:58
3851,28,23673.86,9,Arequipa,BCP,Yape,Retiro sin Tarjeta,195.34,0,1,0.35,2024-06-16 04:34:58
3852,45,25988.04,2,Lima,BCP,Plin,Recarga de Celular,65.19,1,0,0.25,2024-02-04 04:34:58
3853,21,22981.22,2,Lima,BCP,Banca Móvil Propia,Pago de Servicios,52.37,0,1,0.15,2024-03-29 04:34:58
3854,37,31033.1,0,Lima,Scotiabank,Plin,Pago de Préstamos,126.19,0,1,0.15,2024-06-04 04:34:58
3855,49,25756.26,0,Lima,BCP,QR,Retiro sin Tarjeta,19.53,0,1,0.2,2024-10-13 04:34:58
3856,28,22762.48,5,Trujillo,BCP,Plin,Transferencia Interbancaria,323.7,0,1,0.6,2024-03-15 04:34:58
3857,26,19260.58,0,Lima,BCP,Plin,Retiro sin Tarjeta,73.4,1,1,0.35,2024-10-08 04:34:58
3858,32,22940.19,6,Lima,Scotiabank,QR,Pago de Tarjeta de Crédito,113.56,0,1,0.0,2024-10-24 04:34:58
3859,49,28065.48,3,Lima,BCP,Yape,Retiro sin Tarjeta,227.45,0,1,0.2,2024-04-17 04:34:58
3860,37,25178.3,1,Lima,BCP,Banca Móvil Propia,Transferencia Interbancaria,118.55,0,1,0.0,2024-07-24 04:34:58
3861,28,26646.5,3,Arequipa,BBVA,Plin,Transferencia Interbancaria,46.14,0,1,0.15,2024-07-15 04:34:58
3862,40,43103.56,1,Lima,BBVA,Plin,Transferencia Mismo Banco,668.94,0,0,0.35,2024-10-29 04:34:58
3863,21,25149.21,2,Lima,BCP,Tunki,Pago de Tarjeta de Crédito,32.05,0,1,0.0,2024-04-24 04:34:58
3864,43,15922.7,8,Cusco,BCP,QR,Recarga de Celular,15.85,0,0,0.25,2024-01-27 04:34:58
3865,39,34262.39,3,Lima,Scotiabank,Banca Móvil Propia,Pago de Servicios,355.88,1,1,0.0,2024-05-04 04:34:58
3866,31,11124.45,0,Lima,Pichincha,Banca Móvil Propia,Retiro sin Tarjeta,34.49,0,0,0.0,2024-03-13 04:34:58
3867,24,12826.82,6,Lima,BCP,Banca Móvil Propia,Retiro sin Tarjeta,519.46,0,1,0.15,2024-05-23 04:34:58
3868,24,26053.92,1,Trujillo,BCP,Yape,Pago de Servicios,216.35,0,1,0.15,2024-03-25 04:34:58
3869,41,28515.36,6,Otros,BCP,Lukita,Compras Online,196.96,1,1,0.0,2024-09-03 04:34:58
3870,49,11819.13,3,Lima,Scotiabank,Tunki,Compras Online,84.01,0,1,0.1,2024-07-20 04:34:58
3871,27,18189.34,3,Arequipa,BBVA,Plin,Transferencia Interbancaria,65.01,0,1,0.2,2024-06-14 04:34:58
3872,40,16268.05,9,Lima,Scotiabank,Plin,Pago de Préstamos,101.87,0,1,0.15,2024-07-22 04:34:58
3873,18,17268.89,6,Piura,Interbank,Plin,Transferencia Interbancaria,61.73,0,1,0.0,2024-04-30 04:34:58
3874,27,35305.67,0,Lima,BanBif,Plin,Retiro sin Tarjeta,496.54,0,1,0.3,2024-05-24 04:34:58
3875,34,31358.88,1,Lima,Scotiabank,Plin,Retiro sin Tarjeta,70.62,0,1,0.0,2024-10-11 04:34:58
3876,24,21816.87,10,Trujillo,Scotiabank,Yape,Pago de Préstamos,246.25,0,1,0.0,2024-04-16 04:34:58
3877,23,16764.5,0,Trujillo,BBVA,Banca Móvil Propia,Pago de Servicios,405.54,0,1,0.35,2024-09-01 04:34:58
3878,26,11216.88,3,Lima,BCP,Tunki,Compras Online,61.49,0,1,0.0,2024-08-11 04:34:58
3879,38,44805.78,6,Arequipa,BBVA,Banca Móvil Propia,Pago de Servicios,216.28,0,0,0.2,2024-05-23 04:34:58
3880,32,29615.61,4,Lima,BBVA,Plin,Pago de Préstamos,60.71,0,1,0.15,2024-11-21 04:34:58
3881,18,15470.12,7,Lima,Interbank,QR,Pago de Préstamos,124.77,0,1,0.15,2024-02-03 04:34:58
3882,18,31564.86,6,Cusco,BCP,Yape,Pago de Tarjeta de Crédito,93.82,1,0,0.15,2023-12-16 04:34:58
3883,27,21266.5,5,Lima,Interbank,Banca Móvil Propia,Recarga de Celular,74.04,0,1,0.0,2024-02-21 04:34:58
3884,40,19080.94,8,Lima,BBVA,Plin,Pago de Préstamos,173.78,1,1,0.0,2024-10-27 04:34:58
3885,18,27381.03,5,Lima,Interbank,Banca Móvil Propia,Transferencia Interbancaria,44.07,0,1,0.15,2024-05-12 04:34:58
3886,29,15203.04,2,Cusco,BCP,Yape,Transferencia Mismo Banco,375.86,0,1,0.2,2024-02-11 04:34:58
3887,28,18548.08,3,Arequipa,BBVA,Lukita,Pago de Tarjeta de Crédito,50.32,0,1,0.15,2024-09-10 04:34:58
3888,51,23405.6,6,Trujillo,BCP,QR,Compras Online,41.8,0,1,0.1,2024-08-10 04:34:58
3889,30,17158.94,10,Lima,Scotiabank,Lukita,Transferencia Mismo Banco,115.32,0,0,0.25,2024-10-31 04:34:58
3890,39,30777.61,1,Lima,BBVA,Plin,Pago de Tarjeta de Crédito,102.26,0,0,0.0,2024-10-28 04:34:58
3891,36,50000.0,2,Trujillo,BCP,Yape,Compras Online,211.78,0,1,0.1,2024-09-01 04:34:58
3892,18,15106.05,13,Arequipa,BCP,QR,Pago de Servicios,161.55,0,0,0.3,2024-04-23 04:34:58
3893,44,9580.04,4,Lima,Interbank,Tunki,Recarga de Celular,29.16,0,0,0.0,2024-09-02 04:34:58
3894,37,8096.04,0,Lima,BCP,QR,Retiro sin Tarjeta,398.05,1,1,0.35,2024-04-20 04:34:58
3895,41,20430.13,5,Otros,Pichincha,Plin,Pago de Servicios,112.47,0,0,0.2,2024-09-19 04:34:58
3896,80,15810.31,23,Lima,BBVA,Web Banking,Pago de Servicios,188.95,0,0,0.3,2024-01-24 04:34:58
3897,18,24438.87,8,Piura,BCP,QR,Pago de Tarjeta de Crédito,1342.32,0,1,0.15,2024-02-27 04:34:58
3898,55,23536.29,6,Arequipa,Interbank,Banca Móvil Propia,Pago de Servicios,537.24,0,1,0.0,2024-06-24 04:34:58
3899,31,9881.22,1,Lima,BCP,Yape,Transferencia Mismo Banco,183.19,0,0,0.0,2024-02-07 04:34:58
3900,38,8888.9,10,Lima,Scotiabank,Tunki,Pago de Servicios,37.6,1,0,0.2,2024-07-23 04:34:58
3901,34,25539.12,3,Trujillo,BCP,QR,Recarga de Celular,38.23,0,1,0.0,2024-02-02 04:34:58
3902,29,23569.63,11,Piura,Pichincha,QR,Transferencia Mismo Banco,474.4,0,1,0.0,2024-05-26 04:34:58
3903,28,17802.44,2,Otros,Interbank,Yape,Recarga de Celular,99.3,0,1,0.1,2024-11-22 04:34:58
3904,38,9618.35,0,Lima,Scotiabank,Plin,Pago de Tarjeta de Crédito,125.41,0,0,0.0,2024-11-29 04:34:58
3905,18,27880.86,3,Lima,BCP,Lukita,Transferencia Mismo Banco,47.21,0,0,0.15,2024-10-24 04:34:58
3906,44,41603.92,1,Arequipa,BCP,Tunki,Pago de Tarjeta de Crédito,231.79,0,1,0.5,2024-02-11 04:34:58
3907,30,25310.92,6,Lima,Interbank,QR,Pago de Préstamos,464.71,0,1,0.0,2024-07-27 04:34:58
3908,21,14418.44,15,Trujillo,Interbank,QR,Pago de Préstamos,680.99,0,1,0.0,2024-01-05 04:34:58
3909,29,22522.64,5,Arequipa,BCP,QR,Recarga de Celular,94.81,1,1,0.0,2023-12-15 04:34:58
3910,50,11124.92,10,Lima,BBVA,Yape,Transferencia Interbancaria,282.84,1,1,0.15,2024-11-25 04:34:58
3911,28,37383.34,3,Lima,BCP,Yape,Compras Online,134.95,0,0,0.0,2024-03-17 04:34:58
3912,39,22946.53,7,Otros,Interbank,Yape,Transferencia Interbancaria,357.91,0,1,0.45,2024-04-18 04:34:58
3913,26,9099.02,9,Lima,BCP,QR,Transferencia Mismo Banco,147.83,1,1,0.0,2024-01-05 04:34:58
3914,44,18951.96,6,Trujillo,BCP,Plin,Transferencia Interbancaria,65.1,1,1,0.0,2023-12-25 04:34:58
3915,43,27768.31,3,Trujillo,BCP,Yape,Retiro sin Tarjeta,555.66,0,1,0.35,2024-09-27 04:34:58
3916,57,18647.66,4,Piura,BBVA,Plin,Pago de Tarjeta de Crédito,163.78,0,1,0.2,2024-11-09 04:34:58
3917,32,19188.23,6,Trujillo,BCP,Yape,Recarga de Celular,104.43,1,1,0.1,2024-02-28 04:34:58
3918,43,11941.79,1,Piura,Pichincha,QR,Transferencia Mismo Banco,177.29,1,1,0.35,2024-12-03 04:34:58
3919,36,29239.34,8,Lima,BCP,Banca Móvil Propia,Pago de Tarjeta de Crédito,71.05,1,1,0.15,2024-05-20 04:34:58
3920,50,15926.91,15,Lima,BanBif,Banca Móvil Propia,Transferencia Interbancaria,224.81,0,1,0.35,2024-03-25 04:34:58
3921,26,7493.4,3,Arequipa,BBVA,Yape,Transferencia Mismo Banco,121.96,0,0,0.15,2024-03-28 04:34:58
3922,43,18294.78,6,Cusco,BBVA,QR,Compras Online,67.03,0,1,0.0,2024-10-03 04:34:58
3923,32,35974.83,6,Arequipa,BCP,Yape,Retiro sin Tarjeta,1598.63,0,1,0.1,2024-01-20 04:34:58
3924,34,18151.99,5,Trujillo,Interbank,Banca Móvil Propia,Compras Online,54.2,0,1,0.2,2024-04-16 04:34:58
3925,36,50000.0,3,Arequipa,Interbank,Yape,Transferencia Mismo Banco,211.3,1,1,0.15,2023-12-11 04:34:58
3926,38,27295.69,10,Lima,BBVA,Yape,Compras Online,157.09,1,1,0.5,2024-09-03 04:34:58
3927,33,26091.87,2,Lima,BCP,Yape,Compras Online,53.22,0,1,0.15,2024-03-03 04:34:58
3928,37,20656.82,0,Trujillo,BanBif,Banca Móvil Propia,Transferencia Mismo Banco,105.92,0,1,0.0,2024-03-16 04:34:58
3929,53,21287.11,9,Lima,Pichincha,Banca Móvil Propia,Pago de Préstamos,38.76,1,1,0.0,2024-11-14 04:34:58
3930,46,19308.26,5,Otros,BBVA,Yape,Compras Online,1172.03,1,1,0.0,2024-11-19 04:34:58
3931,45,18936.86,9,Lima,Interbank,Plin,Pago de Préstamos,113.53,1,0,0.25,2024-03-24 04:34:58
3932,29,28722.43,0,Trujillo,BBVA,QR,Pago de Tarjeta de Crédito,123.62,0,1,0.0,2024-04-04 04:34:58
3933,24,13795.32,0,Piura,BCP,Yape,Pago de Servicios,1038.16,0,1,0.0,2024-09-19 04:34:58
3934,46,12862.26,13,Trujillo,BCP,Yape,Pago de Servicios,65.11,0,1,0.0,2024-06-21 04:34:58
3935,45,12561.63,0,Lima,BBVA,Plin,Pago de Servicios,541.54,0,0,0.2,2024-07-16 04:34:58
3936,52,50000.0,8,Lima,Scotiabank,QR,Pago de Servicios,268.41,1,1,0.35,2024-02-09 04:34:58
3937,27,28714.9,8,Cusco,BCP,Yape,Compras Online,20.51,1,1,0.15,2024-10-24 04:34:58
3938,32,25648.65,6,Lima,BBVA,Web Banking,Recarga de Celular,102.4,0,0,0.1,2024-11-11 04:34:58
3939,18,12981.01,0,Trujillo,Scotiabank,Plin,Retiro sin Tarjeta,229.66,0,0,0.2,2024-03-06 04:34:58
3940,30,30081.67,5,Arequipa,BCP,Yape,Pago de Préstamos,153.79,0,1,0.35,2024-02-14 04:34:58
3941,46,20779.34,10,Piura,BCP,Yape,Transferencia Mismo Banco,154.2,0,1,0.0,2024-09-04 04:34:58
3942,29,24516.08,2,Lima,Scotiabank,Banca Móvil Propia,Compras Online,80.87,0,1,0.25,2024-09-30 04:34:58
3943,42,13516.82,2,Lima,BCP,Yape,Pago de Préstamos,72.76,1,1,0.25,2024-11-25 04:34:58
3944,32,23864.19,2,Lima,BCP,Banca Móvil Propia,Pago de Tarjeta de Crédito,109.03,1,1,0.35,2024-07-15 04:34:58
3945,38,17820.12,0,Lima,BBVA,Plin,Retiro sin Tarjeta,1055.01,0,0,0.15,2024-02-04 04:34:58
3946,21,15020.85,11,Otros,BBVA,Plin,Transferencia Mismo Banco,59.88,1,0,0.3,2024-01-25 04:34:58
3947,36,31794.65,10,Trujillo,Scotiabank,QR,Pago de Tarjeta de Crédito,91.63,1,0,0.15,2024-01-07 04:34:58
3948,18,10210.24,30,Lima,Interbank,Lukita,Pago de Servicios,152.76,0,1,0.0,2024-01-12 04:34:58
3949,32,29213.56,4,Lima,BBVA,Plin,Recarga de Celular,34.36,1,0,0.15,2023-12-31 04:34:58
3950,18,31015.52,6,Lima,BBVA,Banca Móvil Propia,Transferencia Mismo Banco,228.59,0,0,0.0,2024-08-02 04:34:58
3951,49,14188.37,1,Lima,Pichincha,Banca Móvil Propia,Transferencia Mismo Banco,40.94,1,1,0.1,2024-05-29 04:34:58
3952,44,14615.47,5,Arequipa,BCP,Yape,Transferencia Interbancaria,50.04,0,1,0.15,2024-10-21 04:34:58
3953,40,19702.23,5,Lima,BCP,Plin,Recarga de Celular,47.69,0,1,0.3,2024-04-29 04:34:58
3954,53,25362.27,11,Piura,Pichincha,Plin,Recarga de Celular,28.77,0,1,0.0,2024-05-17 04:34:58
3955,23,20405.76,8,Lima,Pichincha,Tunki,Compras Online,527.59,0,1,0.0,2024-11-22 04:34:58
3956,55,27358.46,13,Cusco,BCP,Banca Móvil Propia,Recarga de Celular,250.03,0,0,0.2,2024-07-31 04:34:58
3957,46,50000.0,10,Cusco,BCP,Yape,Compras Online,373.3,0,1,0.2,2024-08-13 04:34:58
3958,32,17088.17,10,Piura,BBVA,Yape,Retiro sin Tarjeta,340.79,0,1,0.15,2024-04-04 04:34:58
3959,48,9343.26,0,Lima,BCP,Yape,Compras Online,125.45,1,1,0.25,2024-04-17 04:34:58
3960,21,33288.32,9,Lima,Interbank,Web Banking,Compras Online,144.1,0,0,0.3,2024-10-14 04:34:58
3961,25,50000.0,4,Piura,BCP,Banca Móvil Propia,Pago de Servicios,409.0,1,0,0.0,2024-08-02 04:34:58
3962,27,26806.08,2,Lima,BCP,Yape,Transferencia Interbancaria,763.89,0,1,0.25,2024-06-30 04:34:58
3963,28,12786.25,0,Lima,BBVA,Plin,Retiro sin Tarjeta,42.18,0,1,0.25,2024-05-18 04:34:58
3964,22,20703.41,5,Lima,Pichincha,Plin,Compras Online,1844.5,0,1,0.0,2024-09-25 04:34:58
3965,49,12591.01,1,Cusco,BBVA,Banca Móvil Propia,Pago de Tarjeta de Crédito,39.82,0,1,0.15,2024-06-21 04:34:58
3966,31,30376.6,3,Cusco,BBVA,Tunki,Pago de Servicios,93.51,1,0,0.0,2023-12-14 04:34:58
3967,39,11207.68,5,Lima,Pichincha,Web Banking,Pago de Préstamos,159.82,1,1,0.2,2024-08-10 04:34:58
3968,28,18957.13,12,Trujillo,BBVA,Plin,Transferencia Mismo Banco,175.2,0,1,0.15,2024-09-11 04:34:58
3969,18,13330.78,8,Lima,BBVA,Banca Móvil Propia,Compras Online,1057.68,0,0,0.15,2024-03-04 04:34:58
3970,38,23468.45,2,Cusco,BBVA,Banca Móvil Propia,Compras Online,408.26,1,0,0.0,2024-09-07 04:34:58
3971,18,18339.81,2,Lima,BCP,Lukita,Transferencia Interbancaria,224.27,0,0,0.0,2024-09-23 04:34:58
3972,34,24061.81,1,Lima,BBVA,Plin,Compras Online,418.0,0,1,0.2,2024-05-23 04:34:58
3973,18,22274.0,2,Lima,BBVA,Banca Móvil Propia,Retiro sin Tarjeta,209.72,0,1,0.2,2024-03-24 04:34:58
3974,58,13449.14,0,Trujillo,BCP,Yape,Transferencia Interbancaria,75.53,0,0,0.3,2024-06-20 04:34:58
3975,45,30134.88,17,Trujillo,BCP,Plin,Pago de Servicios,241.2,0,1,0.2,2024-04-25 04:34:58
3976,36,21495.89,4,Cusco,BCP,QR,Pago de Tarjeta de Crédito,158.79,0,1,0.25,2024-05-21 04:34:58
3977,50,13436.57,0,Arequipa,BBVA,QR,Pago de Tarjeta de Crédito,63.89,1,1,0.0,2024-04-05 04:34:58
3978,24,50000.0,2,Arequipa,BCP,Banca Móvil Propia,Retiro sin Tarjeta,524.68,1,1,0.3,2024-08-14 04:34:58
3979,41,27951.19,3,Otros,BCP,Yape,Pago de Préstamos,140.55,0,1,0.15,2024-07-14 04:34:58
3980,37,20401.62,3,Arequipa,BanBif,QR,Pago de Tarjeta de Crédito,48.4,1,1,0.0,2024-04-05 04:34:58
3981,38,44694.35,0,Cusco,BBVA,Yape,Retiro sin Tarjeta,56.68,1,1,0.0,2023-12-21 04:34:58
3982,50,50000.0,15,Lima,BCP,Yape,Transferencia Interbancaria,253.41,0,0,0.0,2024-05-11 04:34:58
3983,43,20482.48,1,Arequipa,Interbank,Banca Móvil Propia,Transferencia Mismo Banco,423.87,0,1,0.1,2024-08-28 04:34:58
3984,38,26204.82,0,Lima,BCP,Yape,Transferencia Mismo Banco,240.24,1,1,0.0,2024-01-25 04:34:58
3985,18,13440.11,0,Arequipa,Interbank,Web Banking,Transferencia Mismo Banco,241.35,0,0,0.35,2024-09-10 04:34:58
3986,23,20463.61,4,Otros,Interbank,Tunki,Pago de Servicios,66.0,1,0,0.0,2024-04-16 04:34:58
3987,33,19939.71,0,Lima,Interbank,Tunki,Transferencia Interbancaria,162.86,0,1,0.2,2024-05-15 04:34:58
3988,36,24159.03,0,Lima,Interbank,Banca Móvil Propia,Compras Online,106.69,1,1,0.15,2024-07-28 04:34:58
3989,21,26013.74,2,Piura,BCP,Banca Móvil Propia,Pago de Tarjeta de Crédito,122.12,1,0,0.0,2023-12-17 04:34:58
3990,63,29141.37,4,Arequipa,Interbank,Tunki,Pago de Servicios,132.72,0,0,0.25,2024-04-18 04:34:58
3991,53,24805.52,0,Lima,BCP,Yape,Pago de Servicios,76.71,0,1,0.0,2024-03-10 04:34:58
3992,42,12023.62,1,Trujillo,BCP,Banca Móvil Propia,Pago de Tarjeta de Crédito,314.71,0,1,0.2,2024-07-08 04:34:58
3993,35,13777.15,2,Cusco,BanBif,Plin,Transferencia Mismo Banco,54.1,0,1,0.0,2024-08-26 04:34:58
3994,32,16760.77,0,Arequipa,BBVA,Plin,Transferencia Mismo Banco,40.5,0,1,0.0,2023-12-08 04:34:58
3995,23,19127.45,3,Lima,Pichincha,Banca Móvil Propia,Transferencia Mismo Banco,67.68,1,1,0.0,2024-06-08 04:34:58
3996,35,37249.25,0,Piura,BCP,Yape,Pago de Préstamos,359.03,0,1,0.4,2024-02-29 04:34:58
3997,38,12314.47,0,Lima,BBVA,Web Banking,Pago de Tarjeta de Crédito,208.34,0,1,0.15,2024-10-07 04:34:58
3998,20,18421.85,3,Trujillo,BCP,Banca Móvil Propia,Transferencia Interbancaria,24.95,0,1,0.0,2024-08-29 04:34:58
3999,39,35472.21,1,Cusco,Interbank,Web Banking,Transferencia Interbancaria,269.69,0,1,0.15,2024-06-24 04:34:58
4000,33,18959.52,0,Arequipa,BCP,Yape,Pago de Tarjeta de Crédito,141.39,0,0,0.0,2024-07-07 04:34:58
4001,18,27728.27,2,Cusco,BCP,Web Banking,Transferencia Mismo Banco,97.77,1,0,0.0,2024-07-30 04:34:58
4002,24,20542.04,12,Arequipa,BCP,Yape,Pago de Servicios,116.51,0,1,0.0,2024-04-17 04:34:58
4003,30,25044.05,6,Lima,Interbank,Yape,Transferencia Interbancaria,39.11,0,0,0.0,2024-08-30 04:34:58
4004,57,19648.65,8,Trujillo,BCP,Yape,Retiro sin Tarjeta,176.49,0,1,0.2,2024-09-05 04:34:58
4005,41,30746.54,10,Arequipa,Scotiabank,Tunki,Pago de Servicios,41.78,0,0,0.0,2024-10-09 04:34:58
4006,18,10172.79,17,Trujillo,BCP,Yape,Pago de Tarjeta de Crédito,104.58,0,1,0.15,2024-08-20 04:34:58
4007,40,18367.61,7,Arequipa,BCP,Plin,Compras Online,104.72,0,1,0.1,2024-10-19 04:34:58
4008,18,25547.29,4,Piura,BBVA,Plin,Pago de Servicios,320.51,0,1,0.0,2024-02-02 04:34:58
4009,47,28763.07,2,Otros,Pichincha,Plin,Pago de Préstamos,154.43,1,1,0.35,2024-03-12 04:34:58
4010,29,46466.01,1,Trujillo,BCP,Banca Móvil Propia,Recarga de Celular,300.66,1,1,0.45,2024-02-11 04:34:58
4011,33,18114.86,5,Cusco,BCP,Yape,Transferencia Interbancaria,44.89,1,0,0.0,2024-09-17 04:34:58
4012,50,46154.09,26,Lima,Scotiabank,QR,Pago de Préstamos,133.25,0,0,0.0,2024-03-29 04:34:58
4013,19,15843.08,3,Lima,BCP,Tunki,Retiro sin Tarjeta,252.22,0,1,0.45,2024-10-09 04:34:58
4014,18,42801.28,6,Lima,Interbank,Web Banking,Transferencia Interbancaria,514.04,0,0,0.2,2024-04-16 04:34:58
4015,27,33147.86,3,Arequipa,BCP,Yape,Pago de Préstamos,47.5,0,0,0.0,2024-11-06 04:34:58
4016,47,13950.5,2,Lima,BBVA,Web Banking,Pago de Servicios,64.01,0,1,0.15,2024-11-03 04:34:58
4017,18,25681.33,2,Lima,BCP,Tunki,Pago de Tarjeta de Crédito,245.99,1,1,0.3,2024-02-06 04:34:58
4018,18,21469.36,3,Arequipa,BBVA,Web Banking,Transferencia Interbancaria,743.67,0,1,0.0,2024-08-01 04:34:58
4019,29,30115.41,2,Arequipa,Scotiabank,Yape,Pago de Servicios,197.53,1,1,0.0,2024-02-22 04:34:58
4020,41,19699.81,6,Piura,Scotiabank,Lukita,Retiro sin Tarjeta,48.91,1,1,0.0,2024-05-13 04:34:58
4021,49,18889.79,10,Lima,BBVA,Lukita,Pago de Servicios,49.88,0,1,0.1,2024-07-14 04:34:58
4022,29,43675.71,10,Lima,BanBif,Yape,Pago de Préstamos,169.84,1,1,0.2,2024-02-16 04:34:58
4023,30,20965.63,1,Lima,BCP,Tunki,Pago de Tarjeta de Crédito,212.21,1,1,0.0,2024-07-01 04:34:58
4024,48,33296.62,11,Lima,BCP,Lukita,Transferencia Mismo Banco,118.95,0,1,0.0,2024-09-27 04:34:58
4025,18,19679.33,2,Trujillo,Interbank,Banca Móvil Propia,Pago de Tarjeta de Crédito,50.45,0,1,0.2,2024-06-18 04:34:58
4026,30,50000.0,1,Piura,Interbank,Yape,Pago de Servicios,446.49,1,1,0.15,2024-07-17 04:34:58
4027,37,15690.84,6,Lima,BCP,Banca Móvil Propia,Transferencia Mismo Banco,104.72,1,0,0.0,2023-12-28 04:34:58
4028,40,16202.62,1,Piura,Interbank,Yape,Retiro sin Tarjeta,251.38,0,1,0.15,2024-08-18 04:34:58
4029,28,47205.16,0,Lima,BBVA,Lukita,Retiro sin Tarjeta,25.2,0,1,0.0,2024-01-02 04:34:58
4030,35,17632.99,2,Lima,Interbank,Yape,Pago de Servicios,493.32,0,1,0.15,2024-07-31 04:34:58
4031,18,49047.14,6,Arequipa,Scotiabank,Yape,Transferencia Mismo Banco,74.83,0,1,0.15,2024-10-01 04:34:58
4032,27,34403.73,1,Lima,BBVA,Plin,Compras Online,569.46,0,1,0.15,2024-11-12 04:34:58
4033,40,20387.46,4,Piura,BCP,Banca Móvil Propia,Pago de Servicios,273.89,0,0,0.15,2024-04-20 04:34:58
4034,23,8895.97,5,Lima,Interbank,Web Banking,Compras Online,35.56,0,1,0.2,2024-06-21 04:34:58
4035,35,21814.73,6,Trujillo,Interbank,Yape,Pago de Préstamos,189.72,0,0,0.3,2024-03-11 04:34:58
4036,40,23174.67,11,Lima,BCP,Yape,Compras Online,777.85,0,1,0.5,2024-02-16 04:34:58
4037,30,39482.34,2,Piura,BBVA,Plin,Retiro sin Tarjeta,81.62,0,0,0.3,2024-04-01 04:34:58
4038,37,48738.45,0,Piura,Pichincha,QR,Compras Online,779.25,0,1,0.15,2024-03-25 04:34:58
4039,23,15638.74,1,Lima,BCP,Plin,Transferencia Mismo Banco,218.27,0,1,0.45,2023-12-07 04:34:58
4040,32,32879.05,2,Arequipa,BCP,Yape,Recarga de Celular,567.0,0,1,0.3,2024-08-14 04:34:58
4041,42,32296.08,6,Lima,BCP,Tunki,Recarga de Celular,174.07,0,1,0.1,2024-10-27 04:34:58
4042,36,37673.28,0,Piura,BBVA,Plin,Retiro sin Tarjeta,131.11,1,0,0.1,2024-03-11 04:34:58
4043,27,28264.02,1,Arequipa,BanBif,Tunki,Pago de Tarjeta de Crédito,931.84,0,1,0.15,2024-08-17 04:34:58
4044,37,8339.44,7,Lima,Interbank,Plin,Transferencia Mismo Banco,305.33,0,1,0.2,2024-08-10 04:34:58
4045,43,20379.58,5,Lima,BCP,Lukita,Compras Online,117.29,0,0,0.0,2024-02-09 04:34:58
4046,18,12359.08,6,Lima,Interbank,Web Banking,Pago de Servicios,226.76,0,1,0.0,2024-01-28 04:34:58
4047,48,19904.42,8,Lima,Interbank,QR,Pago de Tarjeta de Crédito,84.37,0,1,0.1,2024-12-03 04:34:58
4048,30,35954.23,7,Lima,BBVA,Plin,Pago de Tarjeta de Crédito,165.32,0,1,0.45,2024-07-14 04:34:58
4049,40,25657.09,5,Arequipa,BCP,Plin,Pago de Préstamos,490.6,0,1,0.1,2024-03-11 04:34:58
4050,49,39106.56,2,Trujillo,Interbank,Yape,Retiro sin Tarjeta,126.24,0,1,0.25,2024-04-18 04:34:58
4051,18,26130.98,20,Lima,BBVA,Banca Móvil Propia,Retiro sin Tarjeta,61.9,0,1,0.1,2024-04-02 04:34:58
4052,26,11508.45,4,Lima,BCP,Tunki,Transferencia Interbancaria,56.44,1,1,0.15,2024-03-25 04:34:58
4053,31,6245.25,1,Lima,BBVA,QR,Pago de Tarjeta de Crédito,159.75,0,1,0.0,2024-05-16 04:34:58
4054,25,23727.84,1,Otros,Pichincha,Plin,Pago de Tarjeta de Crédito,66.18,1,1,0.15,2024-06-01 04:34:58
4055,55,19792.07,5,Piura,BCP,Banca Móvil Propia,Pago de Préstamos,35.42,0,0,0.15,2024-09-08 04:34:58
4056,24,13514.62,12,Trujillo,Pichincha,Banca Móvil Propia,Pago de Servicios,44.76,0,1,0.1,2023-12-26 04:34:58
4057,28,9411.49,0,Lima,BCP,Yape,Pago de Servicios,480.63,0,1,0.25,2024-11-01 04:34:58
4058,37,15254.48,0,Arequipa,Interbank,Banca Móvil Propia,Recarga de Celular,128.72,0,0,0.3,2024-05-27 04:34:58
4059,20,19985.34,10,Lima,BCP,QR,Transferencia Interbancaria,157.24,0,0,0.15,2024-04-22 04:34:58
4060,30,30728.29,12,Arequipa,BCP,QR,Pago de Tarjeta de Crédito,56.45,0,1,0.0,2023-12-16 04:34:58
4061,38,24205.03,1,Otros,BBVA,Banca Móvil Propia,Pago de Servicios,82.97,0,1,0.15,2024-07-28 04:34:58
4062,31,49218.93,2,Trujillo,BBVA,Yape,Pago de Tarjeta de Crédito,80.34,0,0,0.15,2024-04-07 04:34:58
4063,33,13124.0,5,Lima,Scotiabank,QR,Compras Online,112.53,0,1,0.15,2024-04-22 04:34:58
4064,28,34218.76,2,Lima,Interbank,Banca Móvil Propia,Pago de Servicios,28.26,0,0,0.3,2024-03-01 04:34:58
4065,18,22553.59,10,Lima,BBVA,Plin,Pago de Préstamos,441.28,1,1,0.1,2024-08-11 04:34:58
4066,38,31173.84,0,Lima,BanBif,Yape,Recarga de Celular,146.0,0,0,0.0,2024-12-03 04:34:58
4067,56,17707.48,0,Cusco,BBVA,Yape,Transferencia Interbancaria,181.65,1,1,0.0,2024-03-13 04:34:58
4068,35,37640.66,1,Lima,BCP,Yape,Transferencia Interbancaria,370.31,0,1,0.35,2024-06-12 04:34:58
4069,37,25530.07,1,Lima,BCP,Banca Móvil Propia,Transferencia Mismo Banco,343.0,0,1,0.2,2024-06-05 04:34:58
4070,43,15682.14,0,Lima,BBVA,Plin,Pago de Tarjeta de Crédito,83.51,0,1,0.1,2024-06-29 04:34:58
4071,19,21894.44,0,Trujillo,Interbank,Yape,Pago de Préstamos,271.64,0,0,0.5,2024-07-18 04:34:58
4072,55,19540.06,7,Lima,BCP,Yape,Retiro sin Tarjeta,268.86,0,0,0.0,2024-07-28 04:34:58
4073,37,28129.92,0,Lima,BCP,Plin,Transferencia Mismo Banco,203.56,0,1,0.0,2024-05-02 04:34:58
4074,54,12211.23,12,Lima,BCP,Yape,Transferencia Interbancaria,428.86,0,0,0.2,2024-04-20 04:34:58
4075,26,21705.57,2,Cusco,BBVA,Yape,Pago de Tarjeta de Crédito,330.15,1,1,0.35,2024-07-04 04:34:58
4076,56,26840.14,5,Lima,BCP,Yape,Recarga de Celular,307.16,0,0,0.5,2024-09-29 04:34:58
4077,44,22393.18,1,Lima,BCP,Banca Móvil Propia,Compras Online,581.31,0,1,0.35,2024-04-28 04:34:58
4078,41,43194.59,1,Trujillo,BBVA,Yape,Transferencia Mismo Banco,152.73,0,0,0.1,2023-12-12 04:34:58
4079,37,32435.58,4,Lima,Scotiabank,Banca Móvil Propia,Recarga de Celular,157.24,0,1,0.1,2024-08-04 04:34:58
4080,32,21944.23,4,Lima,BCP,Yape,Transferencia Interbancaria,336.7,0,0,0.15,2024-06-19 04:34:58
4081,49,24546.99,7,Lima,BBVA,Plin,Pago de Tarjeta de Crédito,124.16,0,0,0.0,2024-09-12 04:34:58
4082,36,25535.7,7,Lima,BCP,Yape,Recarga de Celular,240.23,0,1,0.45,2024-06-14 04:34:58
4083,18,26947.61,5,Cusco,BanBif,Yape,Transferencia Mismo Banco,84.77,0,1,0.25,2024-03-02 04:34:58
4084,21,8841.14,2,Arequipa,BCP,Yape,Transferencia Interbancaria,15.19,0,1,0.1,2024-07-10 04:34:58
4085,32,18943.89,11,Lima,Pichincha,Plin,Transferencia Interbancaria,269.85,0,1,0.2,2024-05-01 04:34:58
4086,38,10485.83,4,Piura,Pichincha,Plin,Transferencia Mismo Banco,31.54,1,1,0.0,2024-02-08 04:34:58
4087,34,41736.88,23,Piura,Scotiabank,Lukita,Pago de Tarjeta de Crédito,73.76,1,1,0.15,2024-01-25 04:34:58
4088,49,21366.41,8,Arequipa,BCP,Yape,Retiro sin Tarjeta,336.98,1,1,0.2,2024-08-16 04:34:58
4089,18,19996.84,0,Arequipa,BBVA,QR,Transferencia Mismo Banco,340.96,0,1,0.15,2024-06-07 04:34:58
4090,36,34489.1,1,Lima,BCP,Lukita,Transferencia Mismo Banco,480.71,0,0,0.2,2024-04-12 04:34:58
4091,18,27205.17,4,Cusco,Scotiabank,QR,Pago de Tarjeta de Crédito,19.69,0,0,0.0,2024-09-04 04:34:58
4092,44,12527.52,6,Lima,Scotiabank,Plin,Pago de Servicios,199.54,0,1,0.2,2024-03-17 04:34:58
4093,33,21259.25,3,Trujillo,Pichincha,QR,Transferencia Interbancaria,114.7,0,1,0.4,2024-05-14 04:34:58
4094,40,18627.91,7,Lima,Interbank,Yape,Pago de Servicios,398.7,0,0,0.1,2024-01-30 04:34:58
4095,24,9207.13,1,Cusco,BBVA,Yape,Pago de Servicios,649.6,0,1,0.15,2024-05-19 04:34:58
4096,50,15597.44,1,Lima,BBVA,Yape,Pago de Servicios,40.09,1,1,0.0,2024-01-23 04:34:58
4097,47,20095.07,0,Piura,BBVA,QR,Recarga de Celular,150.79,0,0,0.0,2024-05-09 04:34:58
4098,42,20796.18,4,Lima,BBVA,Plin,Pago de Préstamos,341.26,0,1,0.0,2024-01-30 04:34:58
4099,33,10497.41,5,Trujillo,Interbank,Web Banking,Transferencia Mismo Banco,105.85,0,1,0.25,2024-03-11 04:34:58
4100,41,39176.52,1,Cusco,BanBif,Plin,Pago de Servicios,850.39,0,0,0.1,2024-11-05 04:34:58
4101,26,20930.2,4,Lima,BBVA,QR,Recarga de Celular,99.34,1,1,0.0,2024-08-23 04:34:58
4102,45,22443.95,0,Cusco,Scotiabank,Web Banking,Recarga de Celular,109.92,0,1,0.1,2024-02-08 04:34:58
4103,54,26911.82,0,Lima,Scotiabank,Web Banking,Pago de Préstamos,50.74,0,0,0.0,2024-02-24 04:34:58
4104,47,14853.07,6,Lima,BBVA,Tunki,Transferencia Interbancaria,173.11,0,0,0.2,2024-01-14 04:34:58
4105,26,27672.05,2,Cusco,BCP,QR,Transferencia Mismo Banco,7.26,0,1,0.25,2024-04-26 04:34:58
4106,39,18333.09,5,Arequipa,Interbank,Web Banking,Pago de Tarjeta de Crédito,115.84,0,1,0.1,2024-03-02 04:34:58
4107,19,14068.69,8,Piura,BBVA,Plin,Retiro sin Tarjeta,527.93,0,1,0.2,2024-05-11 04:34:58
4108,41,29340.49,9,Lima,BCP,Plin,Transferencia Mismo Banco,36.72,1,0,0.1,2023-12-08 04:34:58
4109,40,46436.31,0,Trujillo,BBVA,Banca Móvil Propia,Recarga de Celular,29.42,1,0,0.0,2023-12-14 04:34:58
4110,18,31647.51,3,Trujillo,Pichincha,Plin,Compras Online,453.15,1,1,0.2,2024-07-08 04:34:58
4111,21,34943.54,6,Cusco,BCP,Banca Móvil Propia,Transferencia Mismo Banco,518.9,0,1,0.3,2024-06-28 04:34:58
4112,31,16978.19,7,Trujillo,Interbank,Yape,Transferencia Interbancaria,38.26,1,1,0.35,2024-01-22 04:34:58
4113,31,9908.91,7,Lima,Scotiabank,Banca Móvil Propia,Transferencia Mismo Banco,839.45,1,0,0.2,2024-06-09 04:34:58
4114,20,46400.65,1,Arequipa,Interbank,Yape,Pago de Préstamos,228.71,1,1,0.0,2024-08-21 04:34:58
4115,39,50000.0,1,Piura,BBVA,Plin,Recarga de Celular,423.58,1,1,0.35,2024-08-22 04:34:58
4116,38,47638.83,4,Piura,Interbank,Plin,Compras Online,67.23,1,1,0.35,2024-06-23 04:34:58
4117,32,18622.15,6,Piura,BBVA,Lukita,Pago de Préstamos,657.9,1,1,0.2,2024-06-01 04:34:58
4118,25,12365.71,1,Arequipa,BCP,Yape,Recarga de Celular,113.52,0,0,0.0,2024-05-17 04:34:58
4119,47,12928.1,0,Cusco,Pichincha,QR,Pago de Servicios,108.63,0,1,0.15,2024-12-01 04:34:58
4120,54,9491.33,6,Lima,BBVA,Lukita,Recarga de Celular,240.42,1,1,0.35,2024-11-05 04:34:58
4121,29,20875.07,1,Piura,Interbank,Tunki,Transferencia Interbancaria,100.28,0,1,0.15,2024-03-15 04:34:58
4122,27,49160.17,0,Arequipa,BBVA,Plin,Recarga de Celular,32.44,0,1,0.25,2024-08-10 04:34:58
4123,40,20520.27,0,Trujillo,BCP,Yape,Transferencia Mismo Banco,169.32,1,1,0.3,2024-07-04 04:34:58
4124,30,25620.84,1,Arequipa,Pichincha,Tunki,Pago de Tarjeta de Crédito,107.96,1,0,0.0,2024-11-03 04:34:58
4125,33,43817.93,4,Lima,Scotiabank,Yape,Pago de Tarjeta de Crédito,68.86,0,1,0.3,2024-07-21 04:34:58
4126,43,17996.86,2,Cusco,BCP,Plin,Pago de Tarjeta de Crédito,513.13,0,1,0.35,2024-04-04 04:34:58
4127,18,50000.0,0,Lima,Pichincha,Web Banking,Retiro sin Tarjeta,1623.48,0,1,0.35,2024-02-05 04:34:58
4128,50,50000.0,0,Piura,Interbank,Yape,Recarga de Celular,59.2,0,0,0.1,2024-05-30 04:34:58
4129,35,20628.82,1,Lima,BBVA,Banca Móvil Propia,Pago de Tarjeta de Crédito,180.81,1,1,0.15,2024-08-02 04:34:58
4130,30,16501.93,5,Lima,Interbank,Web Banking,Compras Online,99.64,0,1,0.25,2024-10-02 04:34:58
4131,33,31213.91,0,Lima,BCP,QR,Transferencia Interbancaria,1463.23,1,0,0.2,2024-10-26 04:34:58
4132,34,18513.17,4,Lima,BBVA,QR,Pago de Préstamos,242.68,0,1,0.35,2024-02-22 04:34:58
4133,18,12353.84,0,Lima,BCP,Lukita,Transferencia Interbancaria,375.01,0,1,0.35,2024-09-17 04:34:58
4134,52,41798.65,1,Lima,BBVA,Plin,Pago de Tarjeta de Crédito,483.88,0,1,0.0,2024-06-10 04:34:58
4135,35,40466.25,0,Lima,BBVA,QR,Transferencia Interbancaria,169.04,0,1,0.6,2024-01-21 04:34:58
4136,40,23807.5,0,Lima,Scotiabank,Web Banking,Pago de Tarjeta de Crédito,123.18,1,1,0.45,2024-06-16 04:34:58
4137,46,11714.32,5,Trujillo,Interbank,Tunki,Transferencia Interbancaria,677.85,1,1,0.15,2024-04-16 04:34:58
4138,22,11911.23,3,Lima,BCP,Yape,Transferencia Mismo Banco,323.08,0,0,0.15,2024-06-08 04:34:58
4139,40,23239.64,8,Trujillo,Scotiabank,Tunki,Pago de Servicios,63.69,0,0,0.25,2024-12-05 04:34:58
4140,31,17155.33,0,Trujillo,BBVA,Plin,Pago de Préstamos,71.94,0,0,0.0,2024-08-25 04:34:58
4141,45,18572.8,0,Arequipa,Interbank,Plin,Compras Online,100.52,0,0,0.0,2024-02-16 04:34:58
4142,18,36716.5,1,Arequipa,BCP,Banca Móvil Propia,Compras Online,473.06,0,1,0.25,2023-12-18 04:34:58
4143,33,31779.91,7,Trujillo,Scotiabank,Banca Móvil Propia,Retiro sin Tarjeta,647.71,0,1,0.2,2023-12-21 04:34:58
4144,27,43873.74,1,Arequipa,BanBif,Tunki,Pago de Préstamos,1276.31,0,1,0.1,2024-07-05 04:34:58
4145,40,13422.51,2,Lima,Scotiabank,Yape,Pago de Tarjeta de Crédito,73.06,1,0,0.0,2024-07-18 04:34:58
4146,40,18553.32,1,Trujillo,BanBif,QR,Pago de Préstamos,170.75,0,0,0.45,2024-10-20 04:34:58
4147,26,32192.57,0,Lima,BCP,Yape,Pago de Servicios,99.46,0,1,0.0,2023-12-19 04:34:58
4148,26,27557.75,14,Piura,Scotiabank,Yape,Pago de Servicios,123.67,0,1,0.0,2024-02-25 04:34:58
4149,33,47391.12,3,Lima,BBVA,Banca Móvil Propia,Pago de Servicios,376.11,0,0,0.0,2024-01-10 04:34:58
4150,24,27180.86,7,Lima,BCP,Yape,Transferencia Mismo Banco,141.76,1,1,0.0,2024-09-11 04:34:58
4151,45,50000.0,5,Trujillo,Interbank,Yape,Pago de Préstamos,553.28,1,1,0.2,2024-02-22 04:34:58
4152,30,28854.14,3,Piura,Interbank,Plin,Pago de Préstamos,88.56,0,1,0.0,2024-01-20 04:34:58
4153,18,37462.05,0,Piura,BCP,Banca Móvil Propia,Retiro sin Tarjeta,311.51,0,1,0.15,2024-03-05 04:34:58
4154,30,18736.76,5,Arequipa,BCP,Banca Móvil Propia,Recarga de Celular,95.32,1,1,0.0,2024-02-26 04:34:58
4155,22,22184.38,0,Cusco,BCP,Yape,Compras Online,23.64,0,0,0.0,2024-04-21 04:34:58
4156,18,34733.93,2,Lima,BBVA,Plin,Compras Online,53.44,0,0,0.15,2024-03-05 04:34:58
4157,20,49339.94,4,Arequipa,BCP,Banca Móvil Propia,Recarga de Celular,168.03,1,1,0.0,2024-10-26 04:34:58
4158,36,31717.33,7,Piura,BCP,QR,Pago de Tarjeta de Crédito,1013.84,0,0,0.15,2024-03-08 04:34:58
4159,50,21129.26,5,Arequipa,BBVA,Banca Móvil Propia,Retiro sin Tarjeta,93.73,1,1,0.1,2024-10-09 04:34:58
4160,38,43856.03,5,Cusco,Pichincha,QR,Retiro sin Tarjeta,125.31,0,0,0.0,2024-08-01 04:34:58
4161,27,7361.44,0,Arequipa,Scotiabank,Banca Móvil Propia,Transferencia Interbancaria,242.18,0,1,0.35,2024-10-15 04:34:58
4162,40,10817.09,2,Lima,BCP,Banca Móvil Propia,Pago de Préstamos,81.5,1,1,0.15,2024-10-17 04:34:58
4163,29,30971.33,0,Lima,Pichincha,QR,Pago de Servicios,91.49,0,1,0.0,2024-03-28 04:34:58
4164,26,22182.39,6,Trujillo,Interbank,QR,Transferencia Interbancaria,159.51,0,1,0.2,2024-11-01 04:34:58
4165,21,29814.7,15,Piura,BBVA,QR,Transferencia Mismo Banco,95.91,0,0,0.0,2024-01-11 04:34:58
4166,18,22747.35,1,Lima,BBVA,Plin,Compras Online,24.95,1,0,0.0,2023-12-28 04:34:58
4167,30,29303.81,0,Lima,BBVA,QR,Transferencia Mismo Banco,77.47,1,1,0.0,2024-03-22 04:34:58
4168,36,14658.84,3,Lima,BCP,Banca Móvil Propia,Retiro sin Tarjeta,274.49,0,1,0.3,2023-12-22 04:34:58
4169,33,29297.08,9,Lima,BBVA,QR,Compras Online,283.16,1,0,0.35,2024-10-08 04:34:58
4170,30,36214.22,4,Piura,BBVA,Yape,Compras Online,564.67,0,1,0.0,2024-11-29 04:34:58
4171,23,40549.36,0,Cusco,BBVA,Banca Móvil Propia,Compras Online,520.89,1,0,0.1,2024-03-05 04:34:58
4172,42,50000.0,18,Cusco,Scotiabank,QR,Transferencia Mismo Banco,60.33,1,0,0.0,2024-02-20 04:34:58
4173,19,24885.71,8,Piura,BBVA,Plin,Retiro sin Tarjeta,70.43,1,1,0.45,2024-05-05 04:34:58
4174,44,25259.45,0,Piura,Interbank,Banca Móvil Propia,Pago de Préstamos,73.61,1,1,0.0,2024-04-25 04:34:58
4175,22,10284.71,12,Lima,BBVA,Lukita,Compras Online,127.48,0,0,0.15,2024-10-26 04:34:58
4176,25,16886.91,2,Arequipa,Pichincha,Plin,Compras Online,79.58,0,1,0.0,2024-03-03 04:34:58
4177,18,19999.43,2,Lima,BBVA,Plin,Recarga de Celular,124.65,0,1,0.25,2024-08-04 04:34:58
4178,28,37240.78,3,Arequipa,BanBif,Banca Móvil Propia,Compras Online,62.04,0,1,0.2,2024-06-29 04:34:58
4179,46,16228.1,8,Lima,Scotiabank,Banca Móvil Propia,Compras Online,325.19,0,1,0.0,2024-06-14 04:34:58
4180,41,32799.55,5,Otros,Interbank,Yape,Pago de Servicios,57.51,0,1,0.0,2024-03-12 04:34:58
4181,46,22008.61,0,Cusco,Interbank,Yape,Compras Online,54.73,0,1,0.0,2024-09-28 04:34:58
4182,41,20159.2,15,Piura,BCP,Yape,Compras Online,249.69,0,1,0.15,2024-07-03 04:34:58
4183,21,24945.46,0,Lima,Pichincha,Plin,Pago de Préstamos,305.61,0,0,0.35,2024-09-16 04:34:58
4184,31,18113.66,6,Piura,BCP,Yape,Transferencia Mismo Banco,118.5,0,1,0.15,2024-11-08 04:34:58
4185,25,17773.81,5,Piura,BBVA,Banca Móvil Propia,Transferencia Interbancaria,353.89,0,1,0.1,2024-09-24 04:34:58
4186,50,9391.94,1,Piura,BCP,Tunki,Transferencia Mismo Banco,329.24,0,1,0.2,2024-02-27 04:34:58
4187,20,19458.18,0,Cusco,BBVA,Lukita,Compras Online,991.42,0,1,0.15,2023-12-12 04:34:58
4188,45,17326.91,10,Lima,Interbank,Yape,Pago de Tarjeta de Crédito,308.87,0,1,0.0,2023-12-31 04:34:58
4189,45,17017.7,2,Arequipa,BanBif,Tunki,Pago de Servicios,818.28,0,1,0.15,2024-07-16 04:34:58
4190,56,27131.12,5,Trujillo,BBVA,Plin,Compras Online,157.89,0,1,0.0,2024-10-12 04:34:58
4191,30,30617.16,3,Lima,Pichincha,QR,Transferencia Mismo Banco,601.62,0,0,0.0,2024-12-01 04:34:58
4192,43,24738.04,6,Lima,BBVA,Banca Móvil Propia,Retiro sin Tarjeta,614.47,0,0,0.2,2024-04-26 04:34:58
4193,62,36232.35,3,Lima,BCP,QR,Transferencia Mismo Banco,128.69,1,1,0.1,2024-09-16 04:34:58
4194,27,29371.53,1,Lima,BCP,Yape,Recarga de Celular,74.55,0,1,0.15,2024-02-12 04:34:58
4195,18,19005.28,2,Lima,Interbank,Lukita,Compras Online,88.88,0,1,0.1,2024-05-10 04:34:58
4196,18,17475.79,9,Piura,BCP,Plin,Compras Online,224.78,1,0,0.35,2024-02-01 04:34:58
4197,43,25755.7,3,Cusco,BBVA,Lukita,Pago de Préstamos,47.01,1,1,0.2,2024-01-17 04:34:58
4198,18,29345.18,1,Arequipa,BCP,Plin,Recarga de Celular,94.28,1,1,0.0,2024-08-31 04:34:58
4199,30,44308.07,13,Lima,BBVA,Banca Móvil Propia,Transferencia Mismo Banco,491.39,0,1,0.2,2024-05-26 04:34:58
4200,40,39958.09,7,Lima,Interbank,Yape,Transferencia Interbancaria,289.12,0,0,0.0,2024-09-20 04:34:58
4201,37,16802.17,0,Lima,BBVA,Banca Móvil Propia,Transferencia Mismo Banco,14.12,1,0,0.1,2023-12-31 04:34:58
4202,40,20931.21,30,Lima,BCP,Yape,Retiro sin Tarjeta,39.15,1,1,0.2,2024-06-23 04:34:58
4203,37,30807.36,5,Trujillo,BCP,Yape,Compras Online,1285.48,0,0,0.0,2024-07-27 04:34:58
4204,50,37571.42,0,Cusco,BBVA,Yape,Retiro sin Tarjeta,482.78,0,1,0.3,2024-05-30 04:34:58
4205,23,35224.06,1,Arequipa,BCP,Web Banking,Pago de Préstamos,82.85,0,1,0.0,2024-05-28 04:34:58
4206,26,21334.08,5,Lima,BBVA,Plin,Pago de Préstamos,33.5,0,1,0.2,2024-02-29 04:34:58
4207,25,11766.23,7,Trujillo,Interbank,QR,Pago de Préstamos,42.54,1,1,0.0,2024-07-11 04:34:58
4208,44,13366.83,1,Piura,BCP,Web Banking,Pago de Préstamos,246.94,1,1,0.0,2024-04-22 04:34:58
4209,45,25243.32,1,Lima,BBVA,QR,Pago de Préstamos,1071.62,1,1,0.1,2024-11-28 04:34:58
4210,40,26137.15,1,Lima,BBVA,QR,Retiro sin Tarjeta,1005.52,1,0,0.3,2024-02-01 04:34:58
4211,49,12716.56,4,Lima,BCP,QR,Transferencia Interbancaria,30.7,1,0,0.0,2024-06-05 04:34:58
4212,20,22522.83,0,Trujillo,BBVA,Plin,Recarga de Celular,110.41,0,0,0.35,2024-08-30 04:34:58
4213,55,30200.45,0,Lima,BCP,Yape,Retiro sin Tarjeta,62.99,0,1,0.35,2024-04-07 04:34:58
4214,53,12386.8,5,Piura,BBVA,Banca Móvil Propia,Retiro sin Tarjeta,170.2,0,1,0.2,2024-02-28 04:34:58
4215,43,38272.95,7,Lima,Scotiabank,Tunki,Transferencia Mismo Banco,39.21,0,1,0.1,2024-02-13 04:34:58
4216,56,18237.49,3,Cusco,BCP,Yape,Recarga de Celular,85.99,0,1,0.25,2024-03-15 04:34:58
4217,18,41307.8,2,Arequipa,Interbank,Banca Móvil Propia,Retiro sin Tarjeta,62.35,1,1,0.0,2024-09-18 04:34:58
4218,28,16869.69,2,Lima,BBVA,Banca Móvil Propia,Compras Online,250.54,0,1,0.3,2024-04-17 04:34:58
4219,26,13183.05,2,Trujillo,BCP,QR,Pago de Préstamos,88.69,0,1,0.0,2024-09-21 04:34:58
4220,43,17517.08,16,Lima,Interbank,Banca Móvil Propia,Retiro sin Tarjeta,102.39,0,1,0.1,2024-02-02 04:34:58
4221,22,21003.11,7,Trujillo,BBVA,Banca Móvil Propia,Transferencia Mismo Banco,247.38,0,0,0.0,2024-03-02 04:34:58
4222,44,18137.92,1,Piura,BBVA,Plin,Transferencia Mismo Banco,767.03,0,1,0.2,2024-05-31 04:34:58
4223,51,19771.55,2,Lima,Interbank,Tunki,Pago de Servicios,1231.24,0,0,0.35,2024-10-17 04:34:58
4224,43,26029.42,3,Trujillo,Scotiabank,Web Banking,Transferencia Mismo Banco,234.16,1,1,0.0,2024-08-05 04:34:58
4225,38,20219.65,4,Lima,Pichincha,Yape,Transferencia Mismo Banco,135.83,0,1,0.0,2024-03-07 04:34:58
4226,23,21310.26,3,Cusco,Interbank,Tunki,Pago de Servicios,553.49,0,1,0.2,2024-09-22 04:34:58
4227,24,9371.11,8,Piura,Scotiabank,Banca Móvil Propia,Retiro sin Tarjeta,476.83,0,1,0.0,2024-05-08 04:34:58
4228,49,26791.74,7,Cusco,BCP,Plin,Pago de Tarjeta de Crédito,358.46,0,0,0.35,2024-09-20 04:34:58
4229,44,21065.64,3,Lima,BBVA,Plin,Transferencia Mismo Banco,30.59,0,0,0.0,2024-07-15 04:34:58
4230,34,49273.74,9,Lima,BCP,Yape,Transferencia Interbancaria,496.79,0,0,0.2,2024-07-17 04:34:58
4231,29,13769.58,6,Lima,BCP,Yape,Pago de Servicios,212.34,1,1,0.45,2024-04-30 04:34:58
4232,18,8918.23,7,Piura,BBVA,Plin,Pago de Tarjeta de Crédito,60.72,0,0,0.0,2024-03-13 04:34:58
4233,22,30002.45,15,Lima,Interbank,QR,Pago de Tarjeta de Crédito,75.8,0,0,0.0,2024-01-11 04:34:58
4234,57,26193.42,1,Trujillo,BBVA,Banca Móvil Propia,Pago de Servicios,265.61,1,1,0.0,2024-06-21 04:34:58
4235,19,13303.51,1,Trujillo,Interbank,Plin,Pago de Tarjeta de Crédito,12.04,0,1,0.15,2024-02-09 04:34:58
4236,37,10250.95,10,Lima,BBVA,Plin,Retiro sin Tarjeta,130.91,1,1,0.0,2024-01-26 04:34:58
4237,47,47510.14,7,Cusco,BBVA,Yape,Pago de Tarjeta de Crédito,77.09,0,1,0.15,2024-10-09 04:34:58
4238,19,44669.9,13,Arequipa,BCP,QR,Pago de Tarjeta de Crédito,69.62,0,1,0.0,2023-12-29 04:34:58
4239,37,6350.39,0,Lima,BBVA,Plin,Transferencia Mismo Banco,93.95,0,1,0.0,2024-11-17 04:34:58
4240,46,17516.32,4,Lima,BCP,Web Banking,Transferencia Interbancaria,33.8,0,1,0.0,2023-12-19 04:34:58
4241,35,50000.0,0,Cusco,Interbank,Plin,Retiro sin Tarjeta,425.17,0,1,0.1,2024-09-29 04:34:58
4242,69,17360.78,3,Arequipa,BCP,Lukita,Compras Online,17.67,0,1,0.0,2024-01-25 04:34:58
4243,18,17234.94,0,Cusco,BCP,Yape,Transferencia Mismo Banco,175.79,0,0,0.3,2024-11-23 04:34:58
4244,47,19122.49,0,Arequipa,Interbank,Yape,Retiro sin Tarjeta,63.59,0,1,0.25,2024-11-10 04:34:58
4245,32,12576.08,0,Lima,BBVA,Yape,Pago de Tarjeta de Crédito,1078.77,0,1,0.35,2024-09-15 04:34:58
4246,44,9391.99,4,Lima,BBVA,Banca Móvil Propia,Pago de Servicios,151.82,0,1,0.15,2024-07-07 04:34:58
4247,40,37282.29,2,Lima,BCP,Yape,Pago de Servicios,17.76,1,0,0.15,2023-12-28 04:34:58
4248,26,8765.09,0,Piura,BBVA,Plin,Transferencia Mismo Banco,256.42,0,1,0.35,2024-10-03 04:34:58
4249,37,24925.23,1,Otros,Scotiabank,QR,Pago de Préstamos,49.77,0,0,0.15,2024-01-22 04:34:58
4250,18,34313.35,0,Arequipa,Scotiabank,Plin,Retiro sin Tarjeta,397.38,0,1,0.5,2024-03-12 04:34:58
4251,42,10661.42,14,Lima,Interbank,Plin,Pago de Tarjeta de Crédito,275.26,1,1,0.0,2024-03-14 04:34:58
4252,38,13875.3,1,Trujillo,BCP,Lukita,Transferencia Mismo Banco,647.16,1,1,0.15,2024-07-06 04:34:58
4253,42,40400.18,2,Lima,Interbank,Tunki,Pago de Tarjeta de Crédito,178.94,0,1,0.0,2024-07-03 04:34:58
4254,47,28751.52,9,Lima,BCP,Lukita,Recarga de Celular,336.69,0,1,0.2,2024-05-29 04:34:58
4255,39,16177.18,5,Trujillo,BCP,Yape,Compras Online,154.9,1,1,0.0,2024-09-18 04:34:58
4256,36,40179.99,6,Lima,BCP,Yape,Compras Online,82.3,0,0,0.0,2024-08-07 04:34:58
4257,24,40266.21,5,Lima,Scotiabank,Yape,Transferencia Mismo Banco,430.85,1,1,0.0,2024-02-28 04:34:58
4258,26,25198.16,14,Otros,Interbank,Web Banking,Pago de Tarjeta de Crédito,43.36,1,1,0.0,2024-04-25 04:34:58
4259,49,14043.57,1,Lima,Interbank,QR,Recarga de Celular,143.12,0,1,0.0,2023-12-14 04:34:58
4260,52,17912.89,22,Piura,Interbank,Web Banking,Pago de Servicios,84.05,1,0,0.0,2024-10-22 04:34:58
4261,32,25417.5,8,Trujillo,BCP,Plin,Transferencia Interbancaria,344.5,1,1,0.0,2024-08-10 04:34:58
4262,35,20044.35,4,Arequipa,BBVA,Lukita,Pago de Servicios,57.59,0,0,0.0,2024-04-02 04:34:58
4263,24,35223.85,5,Lima,Interbank,Tunki,Compras Online,98.61,0,1,0.0,2024-11-24 04:34:58
4264,49,10250.82,5,Lima,Interbank,Tunki,Transferencia Interbancaria,155.08,1,1,0.0,2024-01-21 04:34:58
4265,42,10434.45,0,Cusco,Scotiabank,QR,Compras Online,657.03,0,1,0.0,2024-08-26 04:34:58
4266,58,24111.29,1,Lima,BCP,Yape,Retiro sin Tarjeta,87.14,0,1,0.3,2024-11-05 04:34:58
4267,24,17226.91,16,Piura,Scotiabank,Plin,Transferencia Interbancaria,99.4,0,0,0.0,2024-09-17 04:34:58
4268,30,16098.41,3,Piura,BBVA,Plin,Retiro sin Tarjeta,38.54,0,1,0.0,2024-04-04 04:34:58
4269,37,9099.47,2,Cusco,Interbank,QR,Compras Online,55.53,1,0,0.1,2023-12-11 04:34:58
4270,42,22242.78,7,Otros,BBVA,Plin,Recarga de Celular,224.3,1,1,0.4,2024-06-19 04:34:58
4271,32,21453.06,3,Trujillo,BanBif,Plin,Retiro sin Tarjeta,153.25,0,0,0.15,2023-12-25 04:34:58
4272,24,30538.38,0,Piura,BCP,Web Banking,Transferencia Mismo Banco,155.73,0,0,0.45,2024-04-02 04:34:58
4273,45,22798.57,6,Trujillo,Interbank,Plin,Transferencia Mismo Banco,846.59,0,0,0.0,2024-06-04 04:34:58
4274,43,20613.43,6,Otros,BBVA,Plin,Pago de Tarjeta de Crédito,27.87,0,1,0.15,2024-09-16 04:34:58
4275,24,39675.94,0,Lima,BCP,Banca Móvil Propia,Transferencia Mismo Banco,1506.92,0,1,0.0,2024-01-24 04:34:58
4276,51,11427.37,15,Lima,BCP,Lukita,Pago de Servicios,482.16,0,1,0.2,2024-05-17 04:34:58
4277,49,28801.84,1,Arequipa,Scotiabank,Yape,Pago de Préstamos,107.15,0,1,0.0,2024-01-16 04:34:58
4278,36,9551.24,3,Arequipa,BCP,Banca Móvil Propia,Pago de Tarjeta de Crédito,219.47,1,1,0.2,2024-06-05 04:34:58
4279,35,14484.28,0,Arequipa,BCP,Yape,Compras Online,74.98,1,1,0.2,2024-03-01 04:34:58
4280,41,12012.12,4,Lima,Pichincha,Banca Móvil Propia,Transferencia Mismo Banco,204.23,0,1,0.45,2023-12-10 04:34:58
4281,24,32564.28,2,Lima,Interbank,Plin,Retiro sin Tarjeta,1273.91,0,1,0.25,2024-08-08 04:34:58
4282,35,21317.74,2,Lima,BCP,Yape,Retiro sin Tarjeta,77.77,0,1,0.15,2024-07-14 04:34:58
4283,18,21878.25,8,Lima,BBVA,Tunki,Compras Online,117.68,0,1,0.25,2024-08-22 04:34:58
4284,45,12665.46,0,Piura,BBVA,QR,Retiro sin Tarjeta,69.63,0,0,0.1,2024-06-30 04:34:58
4285,18,18961.26,7,Lima,Scotiabank,Lukita,Transferencia Mismo Banco,81.77,0,1,0.2,2024-05-14 04:34:58
4286,53,15036.97,4,Cusco,Interbank,Web Banking,Pago de Tarjeta de Crédito,99.22,1,0,0.0,2024-02-19 04:34:58
4287,31,26681.55,21,Lima,Scotiabank,Banca Móvil Propia,Recarga de Celular,49.66,0,1,0.45,2024-03-03 04:34:58
4288,32,13419.37,4,Lima,BCP,Yape,Compras Online,114.02,0,1,0.1,2024-10-02 04:34:58
4289,27,42825.85,0,Trujillo,Interbank,Plin,Recarga de Celular,156.68,0,1,0.2,2024-05-18 04:34:58
4290,31,9530.09,0,Otros,BCP,QR,Pago de Servicios,99.17,1,0,0.0,2024-01-09 04:34:58
4291,52,14716.73,10,Cusco,BCP,Banca Móvil Propia,Retiro sin Tarjeta,14.89,0,1,0.0,2024-11-02 04:34:58
4292,18,50000.0,9,Otros,Interbank,Web Banking,Retiro sin Tarjeta,127.19,1,1,0.15,2024-06-12 04:34:58
4293,50,17719.67,2,Otros,BCP,Yape,Pago de Servicios,141.56,0,1,0.15,2024-06-28 04:34:58
4294,39,11413.6,4,Cusco,BBVA,Plin,Retiro sin Tarjeta,989.84,1,1,0.2,2023-12-11 04:34:58
4295,20,24576.25,3,Lima,Scotiabank,Plin,Compras Online,152.45,0,0,0.0,2024-03-02 04:34:58
4296,22,17366.6,17,Lima,BBVA,Plin,Transferencia Interbancaria,378.26,0,1,0.3,2024-09-29 04:34:58
4297,55,14502.33,14,Otros,BCP,Yape,Pago de Tarjeta de Crédito,96.96,0,0,0.0,2023-12-10 04:34:58
4298,23,12734.43,20,Trujillo,Interbank,Tunki,Pago de Servicios,543.58,1,1,0.35,2023-12-17 04:34:58
4299,21,50000.0,10,Lima,BanBif,Banca Móvil Propia,Pago de Préstamos,57.71,1,1,0.0,2024-11-23 04:34:58
4300,48,19423.21,12,Trujillo,Interbank,Plin,Retiro sin Tarjeta,245.92,0,1,0.15,2024-02-23 04:34:58
4301,39,8410.33,1,Arequipa,BBVA,Yape,Pago de Servicios,343.9,0,1,0.2,2024-01-03 04:34:58
4302,23,46483.6,8,Lima,BCP,Banca Móvil Propia,Transferencia Interbancaria,296.96,0,1,0.2,2024-10-18 04:34:58
4303,37,29897.66,6,Lima,BCP,Plin,Transferencia Interbancaria,1292.26,1,1,0.2,2024-07-23 04:34:58
4304,22,15014.43,16,Lima,Interbank,Banca Móvil Propia,Pago de Tarjeta de Crédito,82.73,0,1,0.3,2024-09-01 04:34:58
4305,48,13814.04,4,Trujillo,BCP,Plin,Transferencia Mismo Banco,610.2,1,1,0.45,2023-12-12 04:34:58
4306,47,30845.2,0,Cusco,Scotiabank,QR,Retiro sin Tarjeta,471.37,0,1,0.1,2024-03-15 04:34:58
4307,41,19468.26,4,Otros,BBVA,Banca Móvil Propia,Pago de Préstamos,155.94,0,1,0.25,2024-07-19 04:34:58
4308,39,8408.61,5,Arequipa,BBVA,QR,Pago de Préstamos,933.8,0,1,0.2,2024-04-04 04:34:58
4309,56,50000.0,1,Lima,Scotiabank,Banca Móvil Propia,Pago de Tarjeta de Crédito,128.18,0,1,0.15,2024-02-18 04:34:58
4310,34,17729.85,2,Piura,Scotiabank,Plin,Transferencia Interbancaria,151.76,0,1,0.15,2024-11-06 04:34:58
4311,20,46526.9,4,Trujillo,Interbank,Plin,Transferencia Interbancaria,147.6,1,0,0.0,2024-06-30 04:34:58
4312,40,41740.1,2,Lima,BanBif,Banca Móvil Propia,Pago de Tarjeta de Crédito,41.55,0,1,0.0,2024-06-05 04:34:58
4313,60,13352.98,2,Trujillo,Pichincha,Banca Móvil Propia,Transferencia Interbancaria,317.83,0,1,0.2,2024-12-01 04:34:58
4314,22,36923.18,0,Cusco,BanBif,Banca Móvil Propia,Transferencia Mismo Banco,271.89,0,0,0.0,2024-10-14 04:34:58
4315,30,15903.25,14,Piura,Scotiabank,Plin,Retiro sin Tarjeta,133.66,1,1,0.0,2024-09-12 04:34:58
4316,39,8661.56,6,Lima,Interbank,Banca Móvil Propia,Pago de Servicios,864.83,1,1,0.3,2024-11-09 04:34:58
4317,34,17813.3,0,Lima,Interbank,QR,Transferencia Mismo Banco,95.85,1,1,0.15,2024-07-20 04:34:58
4318,23,26871.43,7,Lima,BCP,Banca Móvil Propia,Retiro sin Tarjeta,26.32,0,1,0.0,2024-04-29 04:34:58
4319,48,17476.84,6,Trujillo,BCP,Plin,Transferencia Interbancaria,994.47,0,1,0.35,2024-10-15 04:34:58
4320,62,18891.66,0,Lima,BCP,Web Banking,Transferencia Mismo Banco,407.94,0,1,0.2,2024-01-24 04:34:58
4321,37,39018.18,2,Cusco,BCP,Plin,Recarga de Celular,277.56,0,1,0.2,2024-03-23 04:34:58
4322,24,23231.1,4,Piura,BBVA,Yape,Recarga de Celular,105.69,0,1,0.0,2024-05-13 04:34:58
4323,18,14448.57,3,Otros,BCP,Lukita,Transferencia Interbancaria,208.95,0,1,0.0,2024-06-08 04:34:58
4324,38,31288.79,7,Cusco,BanBif,Plin,Retiro sin Tarjeta,42.08,0,1,0.2,2024-02-12 04:34:58
4325,48,24314.73,2,Lima,Scotiabank,Lukita,Retiro sin Tarjeta,118.49,0,1,0.35,2024-07-16 04:34:58
4326,40,6242.88,0,Piura,BCP,Yape,Compras Online,60.12,0,1,0.0,2024-08-15 04:34:58
4327,34,27287.29,18,Arequipa,BCP,Yape,Transferencia Mismo Banco,192.84,1,1,0.3,2024-09-06 04:34:58
4328,27,26793.49,1,Otros,Scotiabank,Yape,Recarga de Celular,373.71,0,1,0.3,2024-07-30 04:34:58
4329,21,22249.18,6,Arequipa,Scotiabank,Plin,Pago de Préstamos,52.06,0,1,0.0,2024-01-02 04:34:58
4330,45,34401.32,0,Arequipa,BanBif,Yape,Compras Online,306.41,0,1,0.0,2024-11-20 04:34:58
4331,45,15737.52,1,Lima,Pichincha,Yape,Compras Online,181.23,0,1,0.2,2024-01-01 04:34:58
4332,18,26062.42,2,Lima,Pichincha,QR,Retiro sin Tarjeta,294.08,0,0,0.35,2024-06-14 04:34:58
4333,54,10061.99,1,Piura,BBVA,Lukita,Transferencia Mismo Banco,116.49,0,0,0.0,2024-11-11 04:34:58
4334,41,26998.73,2,Trujillo,BCP,Lukita,Transferencia Mismo Banco,300.07,0,1,0.0,2024-09-02 04:34:58
4335,51,50000.0,0,Lima,Scotiabank,QR,Recarga de Celular,74.01,0,1,0.15,2024-03-07 04:34:58
4336,18,13394.13,4,Lima,BCP,Plin,Transferencia Interbancaria,27.6,0,0,0.15,2024-02-03 04:34:58
4337,18,15064.54,5,Trujillo,Scotiabank,QR,Transferencia Mismo Banco,34.68,1,1,0.15,2024-07-22 04:34:58
4338,33,15444.25,0,Trujillo,BBVA,Banca Móvil Propia,Transferencia Interbancaria,89.77,0,0,0.0,2024-08-17 04:34:58
4339,41,23505.72,10,Trujillo,Scotiabank,Tunki,Recarga de Celular,29.59,1,0,0.0,2024-06-20 04:34:58
4340,56,12945.22,1,Lima,BCP,Banca Móvil Propia,Transferencia Mismo Banco,699.5,0,1,0.0,2024-04-01 04:34:58
4341,43,27190.52,1,Arequipa,BBVA,Plin,Pago de Servicios,136.62,0,0,0.3,2024-04-29 04:34:58
4342,32,33638.28,5,Trujillo,BBVA,Lukita,Recarga de Celular,372.14,1,1,0.0,2024-08-28 04:34:58
4343,22,28772.45,3,Lima,BanBif,Tunki,Recarga de Celular,326.06,0,1,0.0,2024-11-01 04:34:58
4344,49,9097.84,3,Lima,BCP,Yape,Pago de Servicios,149.37,1,1,0.15,2024-08-08 04:34:58
4345,23,36227.86,0,Lima,BanBif,Yape,Recarga de Celular,5097.63,0,1,0.3,2024-05-17 04:34:58
4346,54,35195.86,8,Lima,Scotiabank,Yape,Pago de Servicios,2772.89,0,0,0.0,2024-08-21 04:34:58
4347,31,33358.93,4,Lima,Interbank,QR,Pago de Servicios,596.99,0,0,0.6,2024-04-30 04:34:58
4348,54,26540.34,0,Lima,Scotiabank,Web Banking,Recarga de Celular,60.03,1,1,0.25,2024-03-15 04:34:58
4349,43,24589.99,2,Trujillo,Interbank,Plin,Pago de Servicios,622.02,0,1,0.0,2024-02-16 04:34:58
4350,33,36908.41,8,Piura,BCP,Yape,Pago de Servicios,25.83,1,1,0.0,2024-02-15 04:34:58
4351,28,50000.0,4,Trujillo,BCP,Yape,Compras Online,599.89,1,0,0.0,2024-05-28 04:34:58
4352,30,13677.12,0,Arequipa,Scotiabank,QR,Recarga de Celular,11.52,0,1,0.0,2024-04-14 04:34:58
4353,40,37762.16,2,Piura,Interbank,Plin,Pago de Servicios,107.88,0,0,0.0,2024-04-23 04:34:58
4354,35,21097.11,1,Lima,BCP,QR,Transferencia Interbancaria,497.27,1,1,0.25,2024-07-19 04:34:58
4355,27,20643.66,3,Arequipa,Interbank,Banca Móvil Propia,Recarga de Celular,218.15,0,1,0.0,2024-06-25 04:34:58
4356,33,10216.25,9,Arequipa,BBVA,QR,Recarga de Celular,33.83,0,1,0.0,2024-01-03 04:34:58
4357,35,19103.09,2,Lima,BCP,Tunki,Transferencia Interbancaria,175.97,0,0,0.0,2023-12-23 04:34:58
4358,18,13378.01,2,Trujillo,BBVA,Banca Móvil Propia,Compras Online,218.25,1,1,0.25,2023-12-14 04:34:58
4359,40,17467.07,11,Piura,BCP,Banca Móvil Propia,Retiro sin Tarjeta,182.14,0,0,0.0,2024-03-31 04:34:58
4360,23,12719.69,4,Piura,BCP,Lukita,Pago de Tarjeta de Crédito,98.76,0,1,0.15,2024-04-04 04:34:58
4361,21,17598.09,4,Arequipa,BBVA,Lukita,Compras Online,349.0,0,1,0.15,2024-05-30 04:34:58
4362,18,17978.73,1,Cusco,BBVA,Banca Móvil Propia,Compras Online,466.34,0,1,0.15,2024-03-08 04:34:58
4363,18,23118.25,4,Trujillo,BCP,Banca Móvil Propia,Transferencia Mismo Banco,127.21,0,1,0.25,2024-02-29 04:34:58
4364,18,9824.41,4,Lima,BBVA,QR,Compras Online,678.34,1,1,0.1,2024-08-11 04:34:58
4365,26,10691.89,2,Cusco,BCP,QR,Pago de Servicios,126.94,1,1,0.2,2024-07-14 04:34:58
4366,58,26395.72,23,Piura,BCP,Banca Móvil Propia,Pago de Préstamos,90.94,0,0,0.15,2024-07-14 04:34:58
4367,28,14783.71,10,Lima,BCP,Yape,Pago de Tarjeta de Crédito,576.46,0,1,0.0,2024-01-11 04:34:58
4368,37,37694.33,6,Cusco,BCP,Yape,Pago de Servicios,555.81,0,1,0.2,2024-07-22 04:34:58
4369,39,24652.53,3,Trujillo,BCP,QR,Pago de Tarjeta de Crédito,79.83,0,0,0.0,2024-06-09 04:34:58
4370,36,29833.32,3,Piura,Scotiabank,Yape,Pago de Préstamos,69.04,0,1,0.0,2024-07-26 04:34:58
4371,34,44593.62,1,Trujillo,BBVA,Plin,Compras Online,866.43,0,1,0.0,2024-10-04 04:34:58
4372,20,18866.53,1,Otros,BCP,Yape,Pago de Préstamos,133.93,0,1,0.15,2024-09-10 04:34:58
4373,52,16527.1,7,Lima,BCP,Banca Móvil Propia,Compras Online,148.9,0,1,0.0,2024-02-18 04:34:58
4374,56,34059.06,3,Lima,BCP,Tunki,Pago de Préstamos,115.32,0,0,0.0,2023-12-27 04:34:58
4375,18,28417.4,10,Lima,Scotiabank,Plin,Transferencia Mismo Banco,556.47,0,1,0.2,2024-09-29 04:34:58
4376,22,20057.03,0,Trujillo,BBVA,Plin,Pago de Servicios,1266.7,1,0,0.0,2024-01-18 04:34:58
4377,31,44166.81,3,Lima,BCP,Banca Móvil Propia,Compras Online,159.17,0,1,0.0,2024-03-27 04:34:58
4378,23,19808.73,5,Lima,BBVA,QR,Pago de Tarjeta de Crédito,1665.24,0,0,0.2,2024-07-31 04:34:58
4379,41,22390.38,3,Lima,BBVA,Yape,Pago de Servicios,85.24,0,1,0.25,2024-05-01 04:34:58
4380,26,22261.44,11,Cusco,BCP,Yape,Transferencia Interbancaria,111.85,1,0,0.1,2024-08-28 04:34:58
4381,60,13803.85,22,Otros,Interbank,Banca Móvil Propia,Transferencia Interbancaria,290.93,0,1,0.55,2024-08-10 04:34:58
4382,49,22897.72,0,Lima,BBVA,Lukita,Pago de Tarjeta de Crédito,65.56,0,1,0.0,2024-11-28 04:34:58
4383,37,44284.06,0,Piura,BCP,Banca Móvil Propia,Transferencia Interbancaria,287.21,1,0,0.15,2024-04-14 04:34:58
4384,47,27514.93,0,Lima,Interbank,Lukita,Transferencia Interbancaria,88.37,1,1,0.2,2024-02-12 04:34:58
4385,48,22371.25,5,Arequipa,Interbank,QR,Pago de Préstamos,31.69,0,1,0.15,2024-09-14 04:34:58
4386,28,20315.03,2,Lima,Interbank,Plin,Pago de Préstamos,25.98,0,1,0.1,2024-04-28 04:34:58
4387,25,25989.13,6,Otros,BCP,Yape,Recarga de Celular,107.36,0,0,0.25,2024-10-16 04:34:58
4388,35,32044.58,2,Arequipa,BBVA,Banca Móvil Propia,Pago de Servicios,225.34,1,0,0.15,2024-03-23 04:34:58
4389,45,29870.28,4,Lima,BBVA,Lukita,Transferencia Mismo Banco,38.05,0,0,0.0,2024-01-03 04:34:58
4390,36,18658.7,7,Piura,Interbank,Banca Móvil Propia,Compras Online,177.43,0,1,0.15,2024-11-30 04:34:58
4391,18,25910.17,3,Arequipa,BBVA,Web Banking,Compras Online,177.94,1,1,0.0,2024-06-15 04:34:58
4392,25,28000.28,3,Otros,BCP,Banca Móvil Propia,Pago de Servicios,125.51,0,0,0.0,2024-10-25 04:34:58
4393,34,13311.75,0,Arequipa,Interbank,Lukita,Recarga de Celular,58.78,0,1,0.1,2024-05-23 04:34:58
4394,34,23959.38,2,Otros,Interbank,Yape,Recarga de Celular,188.71,1,1,0.45,2024-07-10 04:34:58
4395,58,7475.21,3,Trujillo,BBVA,Yape,Pago de Servicios,128.72,0,1,0.0,2024-01-05 04:34:58
4396,18,28036.62,3,Cusco,Scotiabank,QR,Pago de Tarjeta de Crédito,396.13,0,0,0.0,2024-11-11 04:34:58
4397,41,30643.37,11,Arequipa,Scotiabank,Yape,Pago de Servicios,40.74,0,1,0.15,2024-08-30 04:34:58
4398,52,32009.02,11,Trujillo,BCP,Yape,Transferencia Interbancaria,166.33,0,1,0.2,2024-11-20 04:34:58
4399,62,18078.46,8,Lima,BanBif,Web Banking,Recarga de Celular,41.6,1,1,0.0,2024-01-11 04:34:58
4400,30,25707.12,2,Lima,BBVA,QR,Pago de Servicios,117.09,0,1,0.15,2024-08-17 04:34:58
4401,40,44890.3,6,Lima,Interbank,Plin,Transferencia Mismo Banco,49.65,0,0,0.0,2024-09-08 04:34:58
4402,41,44662.29,2,Lima,Scotiabank,QR,Transferencia Mismo Banco,59.31,0,1,0.15,2024-04-22 04:34:58
4403,37,21707.51,1,Trujillo,BBVA,Yape,Compras Online,147.84,0,0,0.0,2024-05-22 04:34:58
4404,33,23615.53,2,Cusco,BBVA,Plin,Transferencia Interbancaria,84.3,1,1,0.0,2024-07-24 04:34:58
4405,40,38386.29,0,Otros,BanBif,Banca Móvil Propia,Pago de Préstamos,643.35,1,1,0.35,2024-01-05 04:34:58
4406,18,10400.39,2,Lima,BCP,Banca Móvil Propia,Transferencia Interbancaria,482.59,0,1,0.3,2024-08-04 04:34:58
4407,43,18740.87,3,Trujillo,BCP,Yape,Pago de Servicios,331.87,0,1,0.0,2024-11-04 04:34:58
4408,36,42949.71,15,Lima,BBVA,Plin,Transferencia Mismo Banco,325.37,0,1,0.0,2024-05-18 04:34:58
4409,32,35867.98,1,Lima,Scotiabank,Plin,Pago de Tarjeta de Crédito,169.06,0,0,0.35,2024-01-14 04:34:58
4410,59,26492.9,11,Trujillo,BanBif,Web Banking,Recarga de Celular,547.19,1,1,0.4,2024-02-08 04:34:58
4411,26,10374.27,1,Lima,BCP,Banca Móvil Propia,Retiro sin Tarjeta,110.6,0,0,0.0,2024-06-22 04:34:58
4412,30,21483.59,1,Lima,Scotiabank,Tunki,Transferencia Mismo Banco,1235.67,0,1,0.3,2024-04-20 04:34:58
4413,58,16400.09,3,Trujillo,BCP,Yape,Recarga de Celular,57.85,0,1,0.0,2024-11-19 04:34:58
4414,25,25991.36,5,Trujillo,Pichincha,Banca Móvil Propia,Transferencia Mismo Banco,48.0,1,1,0.25,2024-03-06 04:34:58
4415,28,14695.94,0,Lima,BBVA,Banca Móvil Propia,Pago de Servicios,36.78,0,1,0.35,2024-08-13 04:34:58
4416,33,13189.0,1,Arequipa,BCP,Lukita,Retiro sin Tarjeta,43.78,0,0,0.0,2024-09-18 04:34:58
4417,45,7844.5,3,Lima,BCP,Yape,Retiro sin Tarjeta,29.1,0,1,0.0,2024-11-01 04:34:58
4418,37,40574.8,2,Lima,BCP,Web Banking,Pago de Servicios,183.85,1,0,0.45,2024-01-13 04:34:58
4419,19,18035.81,6,Trujillo,BCP,Plin,Pago de Servicios,348.56,0,0,0.45,2024-08-29 04:34:58
4420,28,23826.96,3,Trujillo,Scotiabank,Plin,Transferencia Interbancaria,153.57,0,1,0.5,2024-09-11 04:34:58
4421,27,22001.83,0,Arequipa,BCP,Yape,Compras Online,37.14,0,1,0.15,2024-02-03 04:34:58
4422,34,12916.79,11,Trujillo,Pichincha,Banca Móvil Propia,Recarga de Celular,92.79,1,0,0.0,2024-01-11 04:34:58
4423,40,11736.6,1,Arequipa,Interbank,Web Banking,Pago de Tarjeta de Crédito,344.29,0,1,0.0,2024-01-03 04:34:58
4424,40,13324.27,6,Lima,Interbank,Lukita,Recarga de Celular,105.43,1,0,0.0,2024-04-23 04:34:58
4425,18,15343.02,7,Trujillo,BCP,Tunki,Transferencia Interbancaria,66.79,0,1,0.0,2024-02-03 04:34:58
4426,47,26457.72,16,Lima,Scotiabank,Yape,Recarga de Celular,32.66,0,1,0.0,2024-07-07 04:34:58
4427,38,14796.43,3,Piura,Interbank,Yape,Pago de Préstamos,97.25,0,0,0.0,2024-04-23 04:34:58
4428,51,50000.0,4,Lima,Scotiabank,Banca Móvil Propia,Retiro sin Tarjeta,73.51,0,1,0.0,2024-06-11 04:34:58
4429,40,36811.87,2,Piura,Pichincha,Lukita,Transferencia Mismo Banco,136.13,0,1,0.0,2024-05-08 04:34:58
4430,48,32997.26,5,Arequipa,BCP,Banca Móvil Propia,Retiro sin Tarjeta,238.98,0,0,0.1,2024-07-19 04:34:58
4431,40,20747.28,3,Trujillo,BCP,Yape,Transferencia Interbancaria,111.89,0,1,0.0,2024-03-24 04:34:58
4432,51,46964.18,2,Lima,Scotiabank,Yape,Recarga de Celular,178.54,0,0,0.15,2024-09-13 04:34:58
4433,41,19751.75,9,Cusco,Scotiabank,Plin,Compras Online,237.94,1,0,0.0,2024-10-13 04:34:58
4434,33,21684.85,0,Piura,BBVA,QR,Recarga de Celular,43.39,1,0,0.0,2024-04-18 04:34:58
4435,62,23980.28,10,Lima,BBVA,Banca Móvil Propia,Transferencia Mismo Banco,978.52,0,1,0.2,2024-08-18 04:34:58
4436,45,31285.55,9,Trujillo,Interbank,Plin,Pago de Tarjeta de Crédito,70.71,0,1,0.0,2024-04-29 04:34:58
4437,41,30286.4,3,Lima,BCP,Yape,Transferencia Mismo Banco,248.78,1,1,0.45,2024-03-18 04:34:58
4438,19,17368.91,3,Cusco,BCP,Yape,Transferencia Mismo Banco,47.66,1,0,0.1,2024-09-06 04:34:58
4439,19,16873.56,2,Piura,BBVA,Tunki,Pago de Préstamos,165.69,0,1,0.2,2024-02-05 04:34:58
4440,38,30331.79,25,Lima,BCP,Banca Móvil Propia,Retiro sin Tarjeta,171.87,0,1,0.2,2024-08-12 04:34:58
4441,36,31496.08,0,Lima,BBVA,Web Banking,Compras Online,779.85,0,0,0.1,2024-07-30 04:34:58
4442,27,18093.8,4,Lima,Pichincha,Banca Móvil Propia,Transferencia Interbancaria,117.61,0,1,0.0,2024-10-01 04:34:58
4443,36,9960.73,5,Trujillo,Scotiabank,Yape,Transferencia Interbancaria,544.28,1,1,0.15,2024-04-04 04:34:58
4444,54,19857.6,13,Lima,BanBif,Banca Móvil Propia,Transferencia Interbancaria,198.43,0,0,0.15,2024-01-30 04:34:58
4445,43,30084.43,7,Cusco,Scotiabank,QR,Compras Online,945.87,0,1,0.3,2024-07-25 04:34:58
4446,21,50000.0,5,Lima,BBVA,Yape,Retiro sin Tarjeta,25.03,0,1,0.2,2024-04-24 04:34:58
4447,33,12100.73,0,Cusco,Scotiabank,QR,Pago de Servicios,240.37,0,1,0.2,2024-07-14 04:34:58
4448,25,17795.74,2,Otros,BanBif,QR,Recarga de Celular,10.25,0,1,0.2,2024-01-05 04:34:58
4449,30,18129.55,0,Arequipa,BanBif,Tunki,Pago de Préstamos,140.04,0,0,0.15,2024-01-13 04:34:58
4450,30,43386.46,10,Lima,Interbank,Banca Móvil Propia,Compras Online,411.99,1,1,0.0,2024-10-04 04:34:58
4451,29,21644.99,6,Lima,BCP,Banca Móvil Propia,Retiro sin Tarjeta,629.94,1,0,0.25,2023-12-07 04:34:58
4452,19,13993.34,7,Lima,BCP,Banca Móvil Propia,Transferencia Interbancaria,310.64,1,1,0.1,2024-07-31 04:34:58
4453,33,29124.87,5,Piura,BCP,Yape,Retiro sin Tarjeta,110.99,0,1,0.1,2024-03-02 04:34:58
4454,28,17991.97,3,Trujillo,Pichincha,Yape,Pago de Préstamos,255.99,1,0,0.2,2024-06-15 04:34:58
4455,18,11941.87,0,Lima,BBVA,Plin,Retiro sin Tarjeta,1837.89,0,1,0.3,2024-08-17 04:34:58
4456,59,14095.53,2,Lima,Scotiabank,QR,Pago de Tarjeta de Crédito,160.03,0,1,0.25,2024-07-17 04:34:58
4457,48,50000.0,0,Trujillo,BBVA,Plin,Pago de Servicios,388.01,0,1,0.0,2024-08-24 04:34:58
4458,30,26691.61,6,Lima,Interbank,Banca Móvil Propia,Pago de Tarjeta de Crédito,96.61,0,0,0.2,2024-10-10 04:34:58
4459,35,23245.81,0,Piura,BCP,Banca Móvil Propia,Compras Online,432.87,0,1,0.0,2024-02-29 04:34:58
4460,20,19439.32,6,Lima,BCP,Yape,Transferencia Mismo Banco,367.25,0,1,0.1,2024-05-14 04:34:58
4461,55,25490.84,5,Piura,BBVA,Banca Móvil Propia,Pago de Tarjeta de Crédito,80.6,1,0,0.0,2024-10-15 04:34:58
4462,57,25339.46,3,Lima,Interbank,Tunki,Pago de Préstamos,322.89,1,1,0.35,2024-05-13 04:34:58
4463,36,25491.09,0,Cusco,BCP,Yape,Compras Online,338.59,0,1,0.1,2024-05-04 04:34:58
4464,47,23328.3,1,Lima,Scotiabank,Plin,Pago de Tarjeta de Crédito,311.05,0,1,0.0,2024-05-30 04:34:58
4465,37,34009.64,1,Arequipa,BBVA,Web Banking,Transferencia Interbancaria,142.43,0,1,0.0,2024-09-22 04:34:58
4466,18,22282.39,6,Lima,Scotiabank,QR,Retiro sin Tarjeta,507.29,0,1,0.0,2024-12-05 04:34:58
4467,30,13507.91,0,Arequipa,BCP,Yape,Compras Online,58.27,0,0,0.15,2024-10-06 04:34:58
4468,36,16216.57,8,Otros,Interbank,Web Banking,Transferencia Mismo Banco,149.87,1,1,0.0,2024-08-09 04:34:58
4469,29,8188.54,7,Cusco,BCP,Banca Móvil Propia,Pago de Préstamos,165.9,0,1,0.2,2024-08-15 04:34:58
4470,32,50000.0,1,Lima,Scotiabank,Yape,Recarga de Celular,478.84,0,0,0.2,2024-10-16 04:34:58
4471,33,33907.02,6,Arequipa,BBVA,Yape,Recarga de Celular,56.46,0,1,0.0,2024-02-13 04:34:58
4472,34,14544.45,5,Lima,Interbank,Plin,Recarga de Celular,188.88,1,1,0.0,2024-07-22 04:34:58
4473,35,19131.23,6,Arequipa,BanBif,Banca Móvil Propia,Compras Online,90.71,1,1,0.2,2024-04-27 04:34:58
4474,22,16019.5,1,Lima,BCP,Banca Móvil Propia,Retiro sin Tarjeta,165.58,0,0,0.15,2024-07-14 04:34:58
4475,26,47632.64,0,Trujillo,BCP,Yape,Pago de Préstamos,219.71,0,1,0.15,2024-08-27 04:34:58
4476,19,10829.85,1,Cusco,Scotiabank,Tunki,Retiro sin Tarjeta,41.33,1,1,0.0,2024-07-07 04:34:58
4477,46,23324.0,2,Lima,Interbank,Plin,Compras Online,525.35,0,1,0.0,2024-05-31 04:34:58
4478,18,20863.07,7,Piura,BCP,Yape,Pago de Servicios,227.66,1,0,0.2,2024-02-23 04:34:58
4479,48,33303.55,6,Piura,BBVA,Banca Móvil Propia,Transferencia Interbancaria,62.89,1,1,0.0,2024-01-11 04:34:58
4480,51,20910.26,12,Cusco,BCP,Yape,Transferencia Mismo Banco,105.51,0,1,0.0,2024-08-14 04:34:58
4481,31,9144.39,0,Trujillo,BCP,Plin,Pago de Tarjeta de Crédito,661.29,0,1,0.0,2024-07-21 04:34:58
4482,18,19427.43,0,Trujillo,BBVA,QR,Recarga de Celular,224.94,1,1,0.15,2024-04-22 04:34:58
4483,30,13546.98,6,Lima,Scotiabank,Yape,Transferencia Mismo Banco,56.55,0,1,0.1,2024-06-08 04:34:58
4484,34,22920.56,1,Cusco,BBVA,Yape,Pago de Servicios,67.8,0,1,0.1,2024-02-25 04:34:58
4485,22,45120.34,2,Arequipa,BBVA,Yape,Recarga de Celular,277.21,1,1,0.0,2024-07-31 04:34:58
4486,28,9230.67,3,Lima,Scotiabank,Tunki,Transferencia Mismo Banco,312.56,0,1,0.25,2023-12-20 04:34:58
4487,53,14763.14,0,Lima,BCP,Banca Móvil Propia,Pago de Préstamos,213.34,0,1,0.3,2024-09-04 04:34:58
4488,42,16708.18,5,Trujillo,Interbank,Banca Móvil Propia,Transferencia Interbancaria,110.89,1,1,0.2,2024-05-21 04:34:58
4489,23,18200.14,1,Lima,Scotiabank,Tunki,Transferencia Interbancaria,333.51,0,1,0.35,2024-08-14 04:34:58
4490,18,31890.48,5,Piura,BCP,Yape,Pago de Servicios,108.65,0,1,0.0,2024-05-27 04:34:58
4491,31,20195.76,8,Piura,BBVA,Plin,Transferencia Mismo Banco,63.14,0,1,0.15,2023-12-24 04:34:58
4492,32,27116.6,0,Cusco,Pichincha,Plin,Pago de Servicios,725.32,0,1,0.0,2024-04-14 04:34:58
4493,40,16108.68,13,Cusco,Pichincha,Banca Móvil Propia,Pago de Servicios,241.97,0,1,0.5,2024-04-01 04:34:58
4494,28,24709.97,3,Arequipa,BCP,Yape,Pago de Servicios,67.71,0,1,0.15,2024-06-24 04:34:58
4495,41,32496.86,12,Otros,BCP,Banca Móvil Propia,Retiro sin Tarjeta,169.74,0,1,0.0,2024-02-06 04:34:58
4496,58,15273.13,1,Lima,BCP,Tunki,Transferencia Interbancaria,152.52,0,1,0.15,2024-06-27 04:34:58
4497,44,32554.77,4,Trujillo,BBVA,Plin,Retiro sin Tarjeta,104.59,0,0,0.0,2024-04-05 04:34:58
4498,34,22610.88,2,Trujillo,BBVA,Banca Móvil Propia,Pago de Tarjeta de Crédito,187.46,0,1,0.0,2024-05-20 04:34:58
4499,32,37150.41,7,Lima,Interbank,Web Banking,Compras Online,58.64,1,1,0.1,2024-09-24 04:34:58
4500,30,19916.23,4,Arequipa,Scotiabank,Yape,Retiro sin Tarjeta,355.54,0,0,0.0,2024-03-23 04:34:58
4501,49,26652.08,3,Lima,BCP,Yape,Transferencia Interbancaria,147.5,0,1,0.3,2024-04-01 04:34:58
4502,27,21583.77,12,Trujillo,Scotiabank,Tunki,Pago de Servicios,29.68,0,0,0.15,2024-07-26 04:34:58
4503,35,20991.94,2,Arequipa,BCP,Banca Móvil Propia,Transferencia Mismo Banco,118.14,1,1,0.0,2024-04-02 04:34:58
4504,35,25070.95,1,Lima,BCP,Yape,Pago de Servicios,80.17,1,0,0.0,2024-10-06 04:34:58
4505,28,28807.87,4,Lima,BBVA,QR,Pago de Préstamos,7.46,0,0,0.15,2024-12-04 04:34:58
4506,18,11792.48,4,Lima,BCP,Banca Móvil Propia,Pago de Servicios,127.0,0,1,0.0,2024-06-08 04:34:58
4507,38,45108.09,2,Arequipa,BBVA,QR,Pago de Préstamos,418.54,0,1,0.35,2024-06-24 04:34:58
4508,34,8692.09,3,Lima,Scotiabank,Plin,Retiro sin Tarjeta,133.24,0,1,0.1,2024-10-20 04:34:58
4509,41,15640.11,16,Lima,BCP,Lukita,Transferencia Mismo Banco,301.31,1,1,0.2,2024-01-19 04:34:58
4510,28,21012.35,6,Lima,Interbank,Plin,Transferencia Interbancaria,149.68,0,1,0.15,2024-06-23 04:34:58
4511,49,27069.91,0,Piura,BCP,Yape,Recarga de Celular,94.03,1,1,0.1,2024-03-19 04:34:58
4512,24,48440.25,1,Lima,BCP,QR,Pago de Préstamos,71.41,0,1,0.0,2024-04-21 04:34:58
4513,55,8698.05,18,Lima,BBVA,Yape,Transferencia Interbancaria,41.15,1,1,0.0,2023-12-31 04:34:58
4514,18,17088.36,6,Cusco,Scotiabank,Web Banking,Transferencia Mismo Banco,374.57,1,1,0.2,2024-03-09 04:34:58
4515,40,7605.17,12,Lima,BBVA,Tunki,Compras Online,308.2,0,0,0.15,2024-04-21 04:34:58
4516,40,22377.49,1,Trujillo,Interbank,Web Banking,Transferencia Interbancaria,112.36,0,1,0.0,2024-05-20 04:34:58
4517,25,25231.33,6,Lima,BanBif,Banca Móvil Propia,Retiro sin Tarjeta,19.6,0,1,0.0,2024-08-14 04:34:58
4518,40,48795.72,6,Arequipa,Scotiabank,QR,Compras Online,237.96,0,1,0.3,2024-02-04 04:34:58
4519,50,23395.93,1,Cusco,BCP,Yape,Transferencia Mismo Banco,60.05,0,0,0.15,2024-11-22 04:34:58
4520,18,37123.76,4,Lima,Interbank,Tunki,Compras Online,171.38,0,0,0.2,2024-02-03 04:34:58
4521,41,29493.3,4,Piura,BBVA,Banca Móvil Propia,Recarga de Celular,31.78,1,1,0.1,2024-06-08 04:34:58
4522,18,17718.7,3,Lima,Interbank,QR,Pago de Préstamos,162.71,0,1,0.35,2024-09-19 04:34:58
4523,23,10889.12,8,Arequipa,BBVA,Plin,Pago de Préstamos,130.15,1,1,0.1,2024-10-31 04:34:58
4524,54,25273.23,8,Otros,BCP,Plin,Recarga de Celular,13.33,0,0,0.15,2024-10-13 04:34:58
4525,28,10445.73,9,Lima,BBVA,Plin,Pago de Préstamos,748.42,0,1,0.2,2023-12-17 04:34:58
4526,20,42091.6,8,Arequipa,BBVA,Yape,Transferencia Mismo Banco,107.16,1,1,0.15,2024-01-03 04:34:58
4527,32,20312.04,3,Lima,BBVA,Plin,Transferencia Interbancaria,114.52,1,0,0.0,2024-12-03 04:34:58
4528,59,40038.18,2,Cusco,Scotiabank,QR,Recarga de Celular,253.33,0,0,0.2,2024-01-20 04:34:58
4529,18,17324.77,8,Trujillo,Scotiabank,Plin,Pago de Préstamos,141.08,0,1,0.1,2024-08-11 04:34:58
4530,22,25195.62,3,Trujillo,BBVA,Plin,Pago de Tarjeta de Crédito,213.57,0,0,0.25,2024-03-08 04:34:58
4531,52,24457.07,1,Piura,BBVA,Web Banking,Transferencia Mismo Banco,47.26,0,1,0.0,2024-07-25 04:34:58
4532,57,21535.93,3,Lima,BBVA,Yape,Transferencia Mismo Banco,128.74,0,1,0.1,2024-07-15 04:34:58
4533,33,17741.65,0,Piura,BBVA,Banca Móvil Propia,Compras Online,21.99,0,1,0.15,2023-12-16 04:34:58
4534,20,26801.9,5,Arequipa,Pichincha,Lukita,Pago de Préstamos,117.02,0,0,0.0,2024-06-24 04:34:58
4535,60,13862.16,2,Lima,Interbank,QR,Transferencia Mismo Banco,629.59,0,1,0.35,2024-06-11 04:34:58
4536,54,12031.49,1,Lima,BCP,Banca Móvil Propia,Pago de Servicios,32.92,0,1,0.0,2024-11-21 04:34:58
4537,43,41003.53,15,Arequipa,BBVA,Banca Móvil Propia,Transferencia Interbancaria,104.51,0,1,0.3,2024-04-19 04:34:58
4538,25,31684.54,7,Otros,Interbank,Yape,Transferencia Mismo Banco,17.74,0,1,0.15,2024-08-01 04:34:58
4539,34,22764.23,7,Lima,Interbank,Banca Móvil Propia,Transferencia Mismo Banco,149.6,0,1,0.0,2024-03-27 04:34:58
4540,33,50000.0,4,Arequipa,BBVA,Lukita,Pago de Préstamos,236.55,1,0,0.15,2024-02-19 04:34:58
4541,38,19266.39,9,Piura,BCP,Yape,Pago de Servicios,217.78,1,0,0.0,2024-05-19 04:34:58
4542,52,42674.28,7,Lima,BCP,Yape,Pago de Préstamos,81.3,1,0,0.2,2024-02-03 04:34:58
4543,45,24047.52,4,Lima,BCP,Lukita,Retiro sin Tarjeta,17.39,1,1,0.0,2024-06-15 04:34:58
4544,22,13195.41,16,Arequipa,BBVA,Banca Móvil Propia,Compras Online,42.88,1,1,0.25,2024-04-06 04:34:58
4545,51,50000.0,1,Trujillo,BCP,Plin,Pago de Servicios,521.38,0,0,0.4,2024-10-28 04:34:58
4546,38,36147.22,14,Trujillo,Scotiabank,Web Banking,Transferencia Mismo Banco,357.44,0,1,0.3,2024-10-18 04:34:58
4547,43,20733.16,2,Lima,BCP,Banca Móvil Propia,Transferencia Interbancaria,135.46,0,0,0.1,2024-06-08 04:34:58
4548,52,31684.59,3,Lima,BanBif,Web Banking,Pago de Servicios,174.56,0,0,0.0,2024-01-10 04:34:58
4549,21,18000.38,0,Piura,BCP,QR,Pago de Préstamos,53.11,0,1,0.3,2024-01-23 04:34:58
4550,34,33342.05,3,Cusco,BCP,Plin,Transferencia Mismo Banco,539.49,0,1,0.3,2024-02-24 04:34:58
4551,28,6663.9,4,Arequipa,BBVA,Lukita,Pago de Tarjeta de Crédito,72.3,1,1,0.1,2024-06-15 04:34:58
4552,18,13228.11,30,Piura,BCP,Banca Móvil Propia,Pago de Préstamos,229.82,0,1,0.15,2024-08-27 04:34:58
4553,39,35940.85,18,Piura,BanBif,QR,Transferencia Interbancaria,39.33,0,1,0.0,2024-02-22 04:34:58
4554,65,19441.64,16,Arequipa,BCP,Banca Móvil Propia,Pago de Servicios,124.19,0,1,0.1,2024-01-17 04:34:58
4555,18,24434.98,2,Arequipa,BBVA,Plin,Recarga de Celular,517.2,0,1,0.2,2024-05-01 04:34:58
4556,34,11232.96,23,Trujillo,BanBif,Plin,Transferencia Interbancaria,57.57,0,1,0.2,2024-06-20 04:34:58
4557,42,50000.0,3,Arequipa,BBVA,Plin,Pago de Tarjeta de Crédito,313.99,1,1,0.35,2024-04-28 04:34:58
4558,36,39945.24,9,Lima,BCP,Lukita,Transferencia Mismo Banco,50.36,0,1,0.45,2024-04-02 04:34:58
4559,33,19923.54,1,Trujillo,BCP,Lukita,Transferencia Interbancaria,60.23,0,0,0.1,2024-07-04 04:34:58
4560,19,17991.45,3,Arequipa,BBVA,Tunki,Transferencia Interbancaria,147.09,0,0,0.0,2024-01-26 04:34:58
4561,37,36857.05,16,Trujillo,BCP,Tunki,Transferencia Mismo Banco,392.15,1,1,0.2,2024-02-08 04:34:58
4562,25,50000.0,14,Lima,BBVA,Lukita,Recarga de Celular,110.15,1,1,0.0,2024-01-05 04:34:58
4563,18,35485.52,5,Trujillo,Scotiabank,Plin,Transferencia Interbancaria,275.5,1,1,0.0,2024-02-01 04:34:58
4564,49,50000.0,7,Arequipa,Scotiabank,Yape,Transferencia Mismo Banco,465.98,1,1,0.1,2023-12-21 04:34:58
4565,46,13888.61,0,Lima,BCP,Plin,Pago de Préstamos,68.64,0,1,0.0,2024-05-04 04:34:58
4566,35,14622.35,6,Lima,BCP,QR,Transferencia Interbancaria,32.29,0,1,0.15,2024-06-07 04:34:58
4567,37,12155.41,4,Cusco,BCP,Banca Móvil Propia,Compras Online,104.01,0,1,0.1,2024-05-19 04:34:58
4568,47,27470.84,0,Cusco,BBVA,Plin,Retiro sin Tarjeta,530.11,1,0,0.2,2024-07-24 04:34:58
4569,37,24047.87,0,Lima,BBVA,Yape,Recarga de Celular,65.85,0,0,0.0,2024-03-07 04:34:58
4570,45,20414.98,0,Lima,Scotiabank,Banca Móvil Propia,Pago de Tarjeta de Crédito,409.51,0,1,0.0,2024-11-10 04:34:58
4571,31,33012.1,6,Trujillo,Interbank,QR,Retiro sin Tarjeta,114.15,0,1,0.15,2024-05-31 04:34:58
4572,50,40788.86,0,Arequipa,BCP,Banca Móvil Propia,Transferencia Interbancaria,859.38,0,1,0.0,2024-06-15 04:34:58
4573,38,10271.92,3,Arequipa,Interbank,Tunki,Recarga de Celular,1401.67,0,0,0.3,2024-04-24 04:34:58
4574,37,16342.33,2,Lima,BCP,Yape,Compras Online,416.32,1,1,0.2,2024-11-05 04:34:58
4575,19,33192.25,3,Lima,BCP,QR,Pago de Préstamos,28.6,0,1,0.0,2024-06-02 04:34:58
4576,38,17433.18,6,Lima,BCP,Yape,Compras Online,13.42,0,0,0.3,2024-09-06 04:34:58
4577,25,14778.03,5,Trujillo,BCP,Yape,Transferencia Mismo Banco,157.78,0,1,0.45,2024-01-19 04:34:58
4578,27,36653.67,3,Trujillo,Interbank,QR,Retiro sin Tarjeta,367.47,0,1,0.15,2024-09-25 04:34:58
4579,25,11559.35,3,Lima,BBVA,Web Banking,Recarga de Celular,244.94,0,0,0.1,2024-07-24 04:34:58
4580,22,18943.39,2,Trujillo,BCP,Banca Móvil Propia,Pago de Préstamos,71.98,0,1,0.2,2024-03-14 04:34:58
4581,60,25960.26,9,Trujillo,Pichincha,Banca Móvil Propia,Pago de Préstamos,33.58,0,1,0.15,2024-01-20 04:34:58
4582,50,16532.61,2,Lima,BBVA,Plin,Recarga de Celular,376.08,0,1,0.15,2024-04-14 04:34:58
4583,58,32584.04,1,Piura,BCP,Yape,Pago de Préstamos,952.03,0,0,0.0,2024-11-27 04:34:58
4584,20,16573.52,6,Otros,BCP,Yape,Transferencia Interbancaria,75.94,1,1,0.15,2024-11-16 04:34:58
4585,35,44547.43,2,Trujillo,BBVA,Banca Móvil Propia,Pago de Tarjeta de Crédito,338.73,0,0,0.0,2024-06-09 04:34:58
4586,19,20684.23,9,Lima,Pichincha,Yape,Pago de Préstamos,2004.07,0,1,0.0,2024-11-22 04:34:58
4587,26,30811.25,1,Lima,BBVA,QR,Compras Online,122.77,1,1,0.15,2024-06-09 04:34:58
4588,23,31984.67,6,Lima,BanBif,Yape,Compras Online,125.28,0,1,0.2,2024-01-24 04:34:58
4589,49,16094.45,0,Lima,BBVA,Banca Móvil Propia,Retiro sin Tarjeta,259.75,0,1,0.1,2024-11-24 04:34:58
4590,30,7889.25,2,Piura,BBVA,Banca Móvil Propia,Pago de Tarjeta de Crédito,111.68,0,1,0.1,2024-05-02 04:34:58
4591,47,26380.43,2,Lima,BBVA,Banca Móvil Propia,Compras Online,566.36,0,1,0.3,2024-01-14 04:34:58
4592,42,22837.16,8,Lima,Interbank,Plin,Transferencia Mismo Banco,99.09,0,0,0.25,2024-03-18 04:34:58
4593,62,29083.11,17,Piura,BBVA,QR,Pago de Servicios,143.88,0,0,0.2,2024-02-10 04:34:58
4594,18,19667.76,3,Otros,Scotiabank,Tunki,Transferencia Interbancaria,35.08,0,1,0.3,2024-08-04 04:34:58
4595,50,17761.46,8,Piura,BCP,Banca Móvil Propia,Pago de Préstamos,117.26,0,1,0.4,2024-07-10 04:34:58
4596,48,50000.0,6,Lima,BBVA,Banca Móvil Propia,Pago de Tarjeta de Crédito,54.19,0,0,0.15,2024-01-11 04:34:58
4597,23,10549.39,17,Lima,BBVA,Yape,Recarga de Celular,209.78,0,1,0.4,2024-08-18 04:34:58
4598,47,31792.17,8,Cusco,Interbank,Banca Móvil Propia,Compras Online,28.1,0,1,0.0,2024-03-17 04:34:58
4599,39,16526.15,0,Arequipa,BCP,Tunki,Retiro sin Tarjeta,395.4,0,0,0.3,2024-06-17 04:34:58
4600,32,18622.22,6,Arequipa,BBVA,QR,Pago de Servicios,62.11,0,1,0.0,2023-12-24 04:34:58
4601,25,18796.93,3,Lima,BBVA,QR,Pago de Tarjeta de Crédito,883.71,1,1,0.2,2023-12-31 04:34:58
4602,26,14739.45,0,Arequipa,Interbank,Yape,Compras Online,584.5,1,1,0.1,2024-08-29 04:34:58
4603,59,29307.89,1,Lima,Scotiabank,Yape,Recarga de Celular,253.57,0,1,0.5,2024-04-11 04:34:58
4604,35,44148.83,12,Lima,Interbank,Plin,Retiro sin Tarjeta,31.88,0,1,0.1,2024-10-07 04:34:58
4605,44,27861.66,13,Lima,BCP,Web Banking,Retiro sin Tarjeta,79.21,0,1,0.2,2024-10-21 04:34:58
4606,25,23194.98,8,Trujillo,Pichincha,Yape,Pago de Servicios,60.56,0,0,0.0,2024-06-30 04:34:58
4607,25,13450.61,20,Piura,Scotiabank,Banca Móvil Propia,Recarga de Celular,68.64,0,0,0.0,2024-07-15 04:34:58
4608,47,28521.48,8,Trujillo,BCP,Banca Móvil Propia,Pago de Servicios,718.23,0,1,0.2,2024-07-28 04:34:58
4609,18,50000.0,0,Lima,BCP,Banca Móvil Propia,Transferencia Mismo Banco,127.4,1,0,0.0,2024-04-01 04:34:58
4610,30,18208.66,1,Piura,BCP,Yape,Pago de Préstamos,76.87,0,1,0.1,2024-05-22 04:34:58
4611,35,18251.6,0,Lima,BBVA,Plin,Transferencia Interbancaria,70.25,0,0,0.1,2024-03-02 04:34:58
4612,36,16638.18,0,Trujillo,Scotiabank,Tunki,Pago de Préstamos,87.2,0,1,0.0,2024-01-15 04:34:58
4613,32,17245.26,1,Arequipa,Scotiabank,Yape,Transferencia Interbancaria,252.81,0,1,0.0,2023-12-22 04:34:58
4614,39,5582.27,3,Lima,Scotiabank,Yape,Compras Online,29.16,1,1,0.0,2024-11-02 04:34:58
4615,43,26971.01,9,Arequipa,BCP,Yape,Transferencia Mismo Banco,163.72,0,1,0.35,2024-08-31 04:34:58
4616,43,14432.3,9,Trujillo,BBVA,Banca Móvil Propia,Recarga de Celular,226.68,0,0,0.2,2024-02-27 04:34:58
4617,23,9846.47,4,Trujillo,BCP,Yape,Pago de Servicios,26.17,0,1,0.0,2024-11-29 04:34:58
4618,31,32099.48,13,Trujillo,BCP,Yape,Compras Online,35.96,0,1,0.0,2024-03-21 04:34:58
4619,49,12822.94,3,Piura,Interbank,Plin,Transferencia Interbancaria,141.5,1,1,0.25,2024-07-30 04:34:58
4620,45,18595.32,10,Lima,BCP,Yape,Compras Online,627.02,0,1,0.35,2024-09-24 04:34:58
4621,18,45854.16,3,Cusco,Interbank,Tunki,Transferencia Mismo Banco,494.1,1,0,0.0,2024-05-17 04:34:58
4622,39,10887.73,1,Piura,Interbank,Plin,Retiro sin Tarjeta,80.76,0,1,0.3,2024-05-01 04:34:58
4623,18,10236.36,12,Arequipa,Scotiabank,Banca Móvil Propia,Pago de Tarjeta de Crédito,607.46,0,1,0.0,2024-08-07 04:34:58
4624,35,25201.36,2,Piura,BCP,Yape,Pago de Préstamos,107.81,0,0,0.1,2024-04-20 04:34:58
4625,57,39133.87,3,Piura,Scotiabank,Web Banking,Pago de Tarjeta de Crédito,106.89,0,1,0.1,2024-12-04 04:34:58
4626,23,10024.92,1,Cusco,Pichincha,Yape,Transferencia Interbancaria,163.04,0,1,0.0,2024-07-16 04:34:58
4627,24,27006.82,5,Trujillo,Scotiabank,Web Banking,Transferencia Interbancaria,343.6,1,0,0.35,2024-08-30 04:34:58
4628,44,29451.49,26,Arequipa,Scotiabank,QR,Transferencia Mismo Banco,80.72,0,1,0.4,2024-05-29 04:34:58
4629,18,7866.9,0,Lima,Interbank,Banca Móvil Propia,Compras Online,99.68,0,0,0.3,2024-11-26 04:34:58
4630,27,32835.01,11,Arequipa,BBVA,QR,Pago de Servicios,42.6,1,0,0.0,2024-03-15 04:34:58
4631,42,34142.66,0,Piura,Interbank,Yape,Transferencia Interbancaria,210.82,0,1,0.15,2024-11-04 04:34:58
4632,27,18846.97,2,Lima,Interbank,Yape,Pago de Servicios,377.41,1,1,0.0,2024-03-14 04:34:58
4633,32,41199.16,0,Piura,Interbank,Plin,Compras Online,401.27,0,0,0.0,2024-10-13 04:34:58
4634,43,38879.71,7,Lima,Scotiabank,Plin,Pago de Tarjeta de Crédito,37.84,1,1,0.2,2024-03-10 04:34:58
4635,40,23191.91,0,Cusco,BBVA,Plin,Transferencia Mismo Banco,101.2,0,0,0.25,2024-08-21 04:34:58
4636,38,17575.78,4,Lima,BCP,Tunki,Retiro sin Tarjeta,515.67,0,1,0.35,2024-06-23 04:34:58
4637,30,13542.47,1,Lima,BBVA,Yape,Transferencia Interbancaria,187.2,0,1,0.0,2024-03-15 04:34:58
4638,39,21616.63,0,Lima,BCP,Yape,Pago de Préstamos,153.56,0,1,0.1,2024-11-03 04:34:58
4639,33,29286.43,7,Piura,BBVA,Plin,Compras Online,149.98,0,0,0.15,2024-06-25 04:34:58
4640,40,18730.56,1,Arequipa,BCP,Banca Móvil Propia,Pago de Tarjeta de Crédito,255.05,1,1,0.2,2024-02-18 04:34:58
4641,29,7341.14,1,Lima,BBVA,Web Banking,Pago de Servicios,197.54,1,1,0.35,2024-06-29 04:34:58
4642,32,41537.71,1,Otros,Scotiabank,Banca Móvil Propia,Pago de Servicios,83.48,0,1,0.15,2024-04-26 04:34:58
4643,23,24224.3,4,Arequipa,BBVA,Plin,Pago de Préstamos,358.19,0,1,0.15,2024-07-11 04:34:58
4644,34,18218.41,5,Lima,BCP,Yape,Compras Online,44.57,0,0,0.0,2024-04-21 04:34:58
4645,25,33812.28,0,Lima,BBVA,Lukita,Pago de Tarjeta de Crédito,556.75,0,1,0.2,2024-05-10 04:34:58
4646,21,47208.03,1,Lima,BCP,Yape,Pago de Tarjeta de Crédito,60.58,1,1,0.25,2024-11-07 04:34:58
4647,38,5426.47,2,Cusco,BBVA,Web Banking,Recarga de Celular,256.7,0,1,0.45,2024-01-31 04:34:58
4648,37,27368.06,2,Arequipa,BBVA,Plin,Compras Online,125.87,1,1,0.0,2023-12-16 04:34:58
4649,44,10793.24,10,Lima,BanBif,Plin,Pago de Préstamos,92.17,0,0,0.15,2024-12-04 04:34:58
4650,29,28269.97,7,Lima,BCP,Web Banking,Pago de Servicios,576.84,1,1,0.15,2024-05-18 04:34:58
4651,39,23481.39,4,Lima,Interbank,Web Banking,Pago de Préstamos,311.97,0,1,0.3,2024-03-18 04:34:58
4652,41,30268.51,2,Cusco,Scotiabank,Banca Móvil Propia,Compras Online,139.92,1,0,0.1,2024-03-23 04:34:58
4653,40,17160.68,6,Lima,Pichincha,Yape,Pago de Tarjeta de Crédito,849.94,1,0,0.1,2024-08-06 04:34:58
4654,25,8633.28,9,Lima,BCP,Banca Móvil Propia,Pago de Tarjeta de Crédito,395.34,0,0,0.3,2024-06-10 04:34:58
4655,36,17585.25,4,Arequipa,BBVA,Plin,Pago de Tarjeta de Crédito,66.32,1,1,0.2,2024-01-07 04:34:58
4656,39,26995.46,7,Cusco,BCP,Yape,Pago de Servicios,15.48,1,1,0.0,2024-08-22 04:34:58
4657,35,36596.07,6,Lima,BBVA,Plin,Transferencia Mismo Banco,165.15,0,0,0.2,2024-04-27 04:34:58
4658,18,12259.84,4,Lima,BCP,Plin,Pago de Servicios,591.99,0,0,0.0,2024-01-19 04:34:58
4659,36,36810.2,1,Lima,Scotiabank,Lukita,Recarga de Celular,273.32,0,1,0.15,2024-06-28 04:34:58
4660,61,15931.66,6,Lima,BCP,Yape,Retiro sin Tarjeta,716.2,0,0,0.0,2024-10-25 04:34:58
4661,30,26402.79,1,Cusco,BBVA,QR,Recarga de Celular,81.59,0,1,0.2,2024-05-03 04:34:58
4662,26,17069.58,7,Lima,BBVA,Plin,Pago de Préstamos,132.0,0,1,0.3,2024-06-24 04:34:58
4663,39,24126.96,8,Trujillo,Pichincha,Yape,Pago de Tarjeta de Crédito,135.24,0,1,0.15,2024-03-10 04:34:58
4664,38,34404.37,8,Cusco,Interbank,Banca Móvil Propia,Retiro sin Tarjeta,188.9,0,1,0.2,2024-04-04 04:34:58
4665,49,11926.2,3,Cusco,BCP,Lukita,Transferencia Interbancaria,319.72,1,1,0.0,2024-04-17 04:34:58
4666,19,15678.52,1,Lima,BCP,Web Banking,Retiro sin Tarjeta,759.28,0,1,0.2,2024-06-16 04:34:58
4667,43,24160.67,0,Lima,BCP,Banca Móvil Propia,Compras Online,937.01,0,1,0.3,2024-01-21 04:34:58
4668,42,50000.0,6,Cusco,Scotiabank,Yape,Retiro sin Tarjeta,785.7,0,1,0.0,2024-07-28 04:34:58
4669,33,14305.58,10,Arequipa,Interbank,Web Banking,Pago de Préstamos,289.77,1,1,0.3,2024-11-17 04:34:58
4670,39,50000.0,5,Arequipa,Interbank,Web Banking,Pago de Préstamos,105.4,0,0,0.15,2024-04-04 04:34:58
4671,47,50000.0,0,Trujillo,BCP,Yape,Compras Online,186.03,1,1,0.0,2023-12-18 04:34:58
4672,45,20980.41,13,Cusco,Scotiabank,Banca Móvil Propia,Pago de Tarjeta de Crédito,285.78,1,1,0.3,2024-06-13 04:34:58
4673,21,18975.88,22,Trujillo,Interbank,Banca Móvil Propia,Pago de Tarjeta de Crédito,169.88,1,1,0.45,2024-07-04 04:34:58
4674,44,15583.49,2,Lima,Pichincha,Tunki,Recarga de Celular,59.51,1,1,0.25,2024-07-22 04:34:58
4675,34,21288.0,4,Trujillo,BBVA,Web Banking,Transferencia Mismo Banco,93.47,0,0,0.15,2024-02-12 04:34:58
4676,35,10901.33,7,Lima,BCP,Yape,Transferencia Mismo Banco,353.56,0,1,0.1,2024-11-16 04:34:58
4677,35,21202.63,6,Piura,BBVA,Banca Móvil Propia,Retiro sin Tarjeta,115.99,0,0,0.0,2024-12-05 04:34:58
4678,33,46557.35,17,Piura,BCP,Yape,Recarga de Celular,152.04,0,1,0.0,2024-01-07 04:34:58
4679,49,16227.42,0,Arequipa,Interbank,Banca Móvil Propia,Compras Online,137.22,0,1,0.15,2024-11-07 04:34:58
4680,33,19528.65,4,Lima,Interbank,QR,Transferencia Mismo Banco,60.81,0,1,0.2,2024-03-13 04:34:58
4681,21,9409.07,5,Lima,BCP,Yape,Transferencia Mismo Banco,125.05,0,1,0.0,2024-11-03 04:34:58
4682,30,26556.53,11,Piura,BCP,Yape,Compras Online,93.9,1,0,0.1,2024-11-02 04:34:58
4683,37,25140.64,10,Otros,BCP,Web Banking,Pago de Préstamos,74.31,1,1,0.0,2024-11-16 04:34:58
4684,49,22739.33,19,Lima,BanBif,QR,Recarga de Celular,51.51,1,1,0.0,2024-03-04 04:34:58
4685,42,19763.39,3,Lima,BCP,Tunki,Retiro sin Tarjeta,134.21,1,0,0.25,2024-08-15 04:34:58
4686,24,19027.13,8,Arequipa,BCP,Yape,Pago de Tarjeta de Crédito,275.38,0,1,0.3,2024-10-07 04:34:58
4687,64,28309.43,2,Lima,BCP,Plin,Transferencia Interbancaria,455.13,0,1,0.3,2024-08-27 04:34:58
4688,38,21711.38,2,Cusco,BBVA,Lukita,Recarga de Celular,36.81,0,0,0.0,2024-06-17 04:34:58
4689,50,25783.39,1,Otros,Interbank,QR,Pago de Tarjeta de Crédito,739.82,0,0,0.2,2024-01-11 04:34:58
4690,33,24526.06,8,Lima,Scotiabank,Plin,Recarga de Celular,198.93,0,1,0.15,2024-04-03 04:34:58
4691,41,38627.26,21,Lima,BCP,Banca Móvil Propia,Recarga de Celular,48.09,0,1,0.2,2024-06-14 04:34:58
4692,45,30899.55,1,Lima,Interbank,Yape,Retiro sin Tarjeta,99.12,0,1,0.1,2024-08-19 04:34:58
4693,49,24256.28,0,Lima,BBVA,Yape,Retiro sin Tarjeta,22.71,0,1,0.2,2024-06-21 04:34:58
4694,47,47061.52,8,Lima,Pichincha,Banca Móvil Propia,Pago de Préstamos,29.32,0,1,0.15,2024-10-27 04:34:58
4695,45,27177.22,4,Lima,BCP,Yape,Pago de Tarjeta de Crédito,830.0,0,1,0.1,2024-06-26 04:34:58
4696,31,42297.42,16,Lima,BCP,Yape,Recarga de Celular,73.75,0,1,0.0,2024-11-30 04:34:58
4697,28,29836.01,1,Piura,BBVA,Banca Móvil Propia,Transferencia Mismo Banco,253.89,0,1,0.2,2024-05-11 04:34:58
4698,38,8769.55,0,Lima,BCP,Plin,Transferencia Interbancaria,132.8,1,1,0.0,2024-06-17 04:34:58
4699,46,42294.71,3,Lima,BCP,Banca Móvil Propia,Pago de Tarjeta de Crédito,151.08,0,1,0.25,2024-05-08 04:34:58
4700,32,23566.66,0,Lima,Interbank,Banca Móvil Propia,Pago de Servicios,214.44,0,1,0.2,2024-03-29 04:34:58
4701,47,21461.64,1,Lima,Interbank,Lukita,Recarga de Celular,18.47,0,0,0.15,2024-02-09 04:34:58
4702,52,25353.55,0,Lima,BBVA,Plin,Recarga de Celular,554.76,1,1,0.35,2024-07-25 04:34:58
4703,24,18536.71,1,Lima,Interbank,Plin,Compras Online,134.46,0,1,0.0,2024-05-10 04:34:58
4704,24,24674.22,0,Lima,BBVA,Banca Móvil Propia,Retiro sin Tarjeta,89.63,0,0,0.15,2024-06-04 04:34:58
4705,33,16384.02,15,Arequipa,Interbank,Plin,Compras Online,236.99,0,1,0.3,2024-05-22 04:34:58
4706,38,41653.31,1,Trujillo,BBVA,Lukita,Retiro sin Tarjeta,72.16,1,0,0.0,2024-11-04 04:34:58
4707,28,20810.35,2,Cusco,Interbank,Banca Móvil Propia,Pago de Servicios,182.77,0,1,0.0,2024-03-15 04:34:58
4708,51,18191.47,11,Trujillo,BCP,Yape,Compras Online,125.79,0,1,0.15,2024-02-25 04:34:58
4709,40,13870.74,5,Lima,BCP,Banca Móvil Propia,Pago de Tarjeta de Crédito,302.18,0,1,0.25,2024-10-20 04:34:58
4710,35,25194.67,4,Trujillo,BBVA,QR,Retiro sin Tarjeta,119.83,0,1,0.0,2024-07-12 04:34:58
4711,18,24186.59,6,Lima,BBVA,Yape,Retiro sin Tarjeta,52.98,1,1,0.0,2024-03-04 04:34:58
4712,19,26747.93,8,Arequipa,Scotiabank,Yape,Pago de Tarjeta de Crédito,213.22,1,1,0.2,2024-10-21 04:34:58
4713,38,13178.92,10,Trujillo,BBVA,Lukita,Transferencia Mismo Banco,113.23,1,1,0.15,2024-02-03 04:34:58
4714,18,9891.29,5,Lima,BCP,Yape,Pago de Préstamos,24.02,0,1,0.25,2024-09-24 04:34:58
4715,47,30115.51,11,Lima,BCP,Yape,Transferencia Interbancaria,180.85,0,1,0.0,2024-09-23 04:34:58
4716,33,46273.32,3,Lima,BCP,Yape,Pago de Préstamos,86.71,0,1,0.15,2023-12-08 04:34:58
4717,73,13184.84,1,Lima,Interbank,Tunki,Transferencia Mismo Banco,209.72,0,0,0.2,2024-05-18 04:34:58
4718,62,48762.68,10,Lima,BBVA,Banca Móvil Propia,Recarga de Celular,63.11,0,1,0.45,2024-08-08 04:34:58
4719,32,25386.06,3,Lima,Interbank,Banca Móvil Propia,Transferencia Mismo Banco,44.42,0,1,0.15,2024-11-15 04:34:58
4720,33,21948.82,11,Lima,BBVA,QR,Pago de Tarjeta de Crédito,483.05,0,1,0.2,2024-09-08 04:34:58
4721,46,18055.86,0,Lima,Scotiabank,QR,Pago de Servicios,344.86,1,1,0.0,2024-05-05 04:34:58
4722,55,11023.02,2,Cusco,Pichincha,Web Banking,Pago de Préstamos,147.44,1,0,0.15,2024-06-22 04:34:58
4723,18,36093.36,14,Cusco,Interbank,Tunki,Transferencia Mismo Banco,229.93,0,1,0.35,2024-06-17 04:34:58
4724,18,14945.97,1,Cusco,Scotiabank,Yape,Pago de Préstamos,333.76,0,0,0.0,2024-01-11 04:34:58
4725,27,14914.61,14,Lima,BBVA,Web Banking,Retiro sin Tarjeta,146.91,0,1,0.15,2024-04-29 04:34:58
4726,41,36169.2,15,Lima,BanBif,Yape,Pago de Servicios,44.32,1,0,0.15,2024-03-17 04:34:58
4727,40,8591.33,10,Lima,Scotiabank,QR,Pago de Servicios,200.23,0,1,0.35,2024-01-02 04:34:58
4728,47,10282.52,4,Lima,Pichincha,Yape,Compras Online,404.33,0,1,0.2,2024-05-30 04:34:58
4729,20,21827.65,5,Trujillo,Interbank,QR,Recarga de Celular,268.59,1,1,0.25,2024-04-20 04:34:58
4730,18,25505.32,10,Trujillo,Scotiabank,Web Banking,Recarga de Celular,157.48,0,0,0.0,2024-09-02 04:34:58
4731,45,28067.49,7,Lima,BBVA,Plin,Retiro sin Tarjeta,261.2,0,1,0.5,2023-12-18 04:34:58
4732,25,18941.31,4,Cusco,BCP,Yape,Pago de Préstamos,118.72,0,1,0.1,2024-04-25 04:34:58
4733,18,50000.0,20,Lima,BBVA,Plin,Pago de Préstamos,421.65,0,1,0.15,2024-08-11 04:34:58
4734,36,19654.35,5,Lima,Scotiabank,Tunki,Compras Online,570.88,0,0,0.2,2024-01-04 04:34:58
4735,44,19625.93,18,Trujillo,BCP,Yape,Transferencia Interbancaria,40.6,0,1,0.3,2024-06-09 04:34:58
4736,33,14787.04,0,Lima,BBVA,Banca Móvil Propia,Pago de Préstamos,453.02,1,1,0.2,2024-02-13 04:34:58
4737,29,23434.24,0,Lima,BBVA,Plin,Pago de Servicios,1390.31,1,1,0.2,2023-12-11 04:34:58
4738,33,29955.87,3,Lima,BBVA,Plin,Pago de Préstamos,251.03,0,1,0.45,2024-03-01 04:34:58
4739,30,40206.7,2,Lima,Scotiabank,Tunki,Pago de Préstamos,396.93,0,1,0.35,2024-03-05 04:34:58
4740,18,10460.46,7,Lima,Scotiabank,Banca Móvil Propia,Retiro sin Tarjeta,77.7,1,0,0.0,2024-09-26 04:34:58
4741,26,19477.25,0,Piura,BBVA,Yape,Recarga de Celular,89.68,0,1,0.0,2024-10-17 04:34:58
4742,41,27538.82,18,Lima,BCP,Banca Móvil Propia,Recarga de Celular,120.36,1,1,0.35,2023-12-17 04:34:58
4743,38,29540.83,1,Piura,BBVA,QR,Transferencia Interbancaria,99.24,0,1,0.2,2024-07-23 04:34:58
4744,37,22098.71,2,Arequipa,BBVA,Plin,Pago de Servicios,39.97,0,1,0.3,2024-10-19 04:34:58
4745,23,28888.88,1,Otros,BBVA,Plin,Pago de Servicios,124.88,0,1,0.0,2024-03-31 04:34:58
4746,32,14698.75,4,Lima,BCP,Banca Móvil Propia,Retiro sin Tarjeta,342.54,0,0,0.2,2024-10-03 04:34:58
4747,18,47999.83,0,Lima,BBVA,Plin,Transferencia Interbancaria,40.51,0,0,0.0,2023-12-18 04:34:58
4748,37,36181.89,0,Lima,BCP,Yape,Transferencia Mismo Banco,177.53,1,1,0.3,2024-01-22 04:34:58
4749,52,11243.39,6,Lima,Interbank,Banca Móvil Propia,Retiro sin Tarjeta,172.16,0,1,0.1,2024-05-18 04:34:58
4750,18,12867.35,1,Trujillo,BCP,Yape,Pago de Servicios,109.8,0,1,0.1,2024-06-13 04:34:58
4751,27,13049.94,1,Trujillo,BBVA,Plin,Retiro sin Tarjeta,243.84,0,1,0.2,2024-03-05 04:34:58
4752,38,30914.64,7,Piura,BCP,Web Banking,Compras Online,222.0,0,0,0.0,2024-02-10 04:34:58
4753,50,11586.97,0,Trujillo,Pichincha,Plin,Pago de Préstamos,102.26,0,1,0.15,2023-12-22 04:34:58
4754,29,18666.54,2,Lima,BBVA,QR,Retiro sin Tarjeta,428.76,0,1,0.1,2024-05-18 04:34:58
4755,26,27649.2,0,Lima,BCP,Yape,Retiro sin Tarjeta,259.98,1,1,0.15,2024-02-27 04:34:58
4756,18,21309.69,2,Arequipa,BBVA,Lukita,Retiro sin Tarjeta,715.85,0,1,0.2,2024-05-16 04:34:58
4757,36,25070.42,6,Lima,Scotiabank,Banca Móvil Propia,Pago de Servicios,138.87,1,1,0.15,2024-08-02 04:34:58
4758,59,12927.33,0,Lima,Scotiabank,Yape,Transferencia Interbancaria,107.58,0,1,0.0,2024-10-28 04:34:58
4759,38,29656.22,10,Lima,Interbank,Lukita,Transferencia Interbancaria,120.49,0,1,0.0,2024-08-02 04:34:58
4760,34,16210.17,12,Otros,BCP,QR,Recarga de Celular,482.18,0,0,0.2,2024-11-05 04:34:58
4761,38,18726.41,0,Cusco,Interbank,Yape,Pago de Tarjeta de Crédito,127.91,1,0,0.0,2024-07-17 04:34:58
4762,34,24806.62,23,Trujillo,Scotiabank,Lukita,Recarga de Celular,135.96,0,1,0.4,2024-08-25 04:34:58
4763,25,23191.45,1,Lima,BBVA,Plin,Transferencia Mismo Banco,1054.66,0,0,0.1,2024-10-04 04:34:58
4764,44,22292.15,0,Arequipa,Scotiabank,QR,Compras Online,38.69,1,1,0.0,2024-05-15 04:34:58
4765,37,15133.81,0,Lima,BCP,Banca Móvil Propia,Transferencia Interbancaria,212.05,0,1,0.2,2024-04-30 04:34:58
4766,35,18962.63,2,Lima,BCP,Yape,Retiro sin Tarjeta,139.57,0,1,0.0,2024-09-05 04:34:58
4767,23,22050.53,4,Arequipa,Scotiabank,Yape,Pago de Préstamos,115.51,1,1,0.0,2024-11-07 04:34:58
4768,50,11075.13,2,Lima,Interbank,Tunki,Pago de Préstamos,57.2,0,1,0.25,2024-05-12 04:34:58
4769,42,17478.62,9,Otros,BCP,QR,Compras Online,76.41,0,1,0.25,2024-12-05 04:34:58
4770,28,26737.97,6,Otros,BBVA,Plin,Compras Online,98.68,1,1,0.0,2024-06-20 04:34:58
4771,47,11629.28,2,Lima,Scotiabank,Banca Móvil Propia,Pago de Tarjeta de Crédito,243.65,0,0,0.15,2024-03-10 04:34:58
4772,29,39272.93,6,Arequipa,BCP,Yape,Pago de Préstamos,348.08,1,1,0.2,2024-05-11 04:34:58
4773,25,41556.39,14,Lima,BCP,Banca Móvil Propia,Recarga de Celular,25.06,1,1,0.0,2024-09-17 04:34:58
4774,25,11818.54,0,Lima,BCP,Banca Móvil Propia,Retiro sin Tarjeta,44.63,0,0,0.0,2024-06-21 04:34:58
4775,18,43425.83,1,Arequipa,BanBif,Lukita,Compras Online,256.7,0,1,0.15,2024-04-13 04:34:58
4776,40,20500.6,3,Lima,BanBif,Web Banking,Transferencia Mismo Banco,279.29,0,0,0.0,2024-02-19 04:34:58
4777,18,27153.39,3,Lima,BBVA,Yape,Pago de Préstamos,34.34,0,0,0.1,2024-05-17 04:34:58
4778,20,17182.98,3,Lima,BBVA,Plin,Pago de Préstamos,355.77,0,1,0.15,2024-03-17 04:34:58
4779,18,34944.71,1,Trujillo,BCP,Web Banking,Transferencia Interbancaria,146.35,0,1,0.25,2024-01-21 04:34:58
4780,33,26985.29,5,Trujillo,BCP,Yape,Pago de Servicios,313.27,0,1,0.35,2024-10-07 04:34:58
4781,33,14660.67,5,Lima,Scotiabank,Lukita,Pago de Préstamos,63.32,0,0,0.0,2024-03-02 04:34:58
4782,31,12300.55,4,Trujillo,BCP,Banca Móvil Propia,Transferencia Mismo Banco,36.97,1,1,0.1,2024-06-20 04:34:58
4783,22,10613.15,0,Lima,BBVA,Banca Móvil Propia,Pago de Servicios,109.0,0,1,0.1,2024-11-07 04:34:58
4784,20,24196.68,3,Lima,Interbank,Plin,Compras Online,113.95,0,1,0.0,2023-12-16 04:34:58
4785,40,29326.17,2,Lima,BCP,Yape,Transferencia Interbancaria,107.75,1,0,0.45,2024-02-28 04:34:58
4786,28,30500.03,3,Lima,BBVA,Banca Móvil Propia,Pago de Servicios,100.46,0,0,0.15,2024-09-24 04:34:58
4787,38,20764.69,12,Lima,BBVA,Plin,Compras Online,806.65,0,1,0.15,2024-04-14 04:34:58
4788,24,12351.12,3,Piura,Interbank,Banca Móvil Propia,Transferencia Interbancaria,27.12,0,1,0.15,2024-10-27 04:34:58
4789,37,15661.53,0,Arequipa,BCP,Plin,Retiro sin Tarjeta,63.76,0,1,0.0,2024-07-21 04:34:58
4790,50,39189.9,2,Lima,BCP,Yape,Transferencia Mismo Banco,97.65,0,1,0.3,2024-11-22 04:34:58
4791,42,17286.58,8,Lima,BBVA,Plin,Pago de Préstamos,152.02,0,0,0.3,2024-09-12 04:34:58
4792,30,23663.97,7,Lima,Pichincha,Web Banking,Retiro sin Tarjeta,302.18,0,1,0.2,2024-07-04 04:34:58
4793,38,12863.83,3,Trujillo,BCP,Plin,Transferencia Interbancaria,352.61,0,1,0.0,2023-12-10 04:34:58
4794,32,26063.51,1,Trujillo,Pichincha,Banca Móvil Propia,Transferencia Interbancaria,435.51,0,1,0.2,2024-08-23 04:34:58
4795,35,17521.04,3,Otros,Interbank,Web Banking,Retiro sin Tarjeta,240.2,0,1,0.2,2024-05-30 04:34:58
4796,31,37173.68,4,Arequipa,Scotiabank,Banca Móvil Propia,Pago de Tarjeta de Crédito,26.31,0,1,0.0,2024-06-10 04:34:58
4797,33,32428.04,30,Lima,BCP,Web Banking,Retiro sin Tarjeta,28.1,0,1,0.35,2024-09-15 04:34:58
4798,37,17191.1,5,Trujillo,BCP,Yape,Retiro sin Tarjeta,467.45,0,1,0.0,2024-09-25 04:34:58
4799,23,20674.74,5,Lima,BCP,Lukita,Transferencia Mismo Banco,438.18,1,1,0.1,2024-12-04 04:34:58
4800,22,16721.35,3,Lima,BBVA,Plin,Transferencia Mismo Banco,280.35,0,1,0.0,2024-04-02 04:34:58
4801,18,10832.25,2,Lima,Pichincha,QR,Pago de Tarjeta de Crédito,65.35,0,0,0.1,2024-11-22 04:34:58
4802,18,14346.75,8,Lima,BCP,QR,Transferencia Interbancaria,107.5,0,1,0.15,2024-03-05 04:34:58
4803,20,24321.32,3,Lima,BBVA,Plin,Recarga de Celular,99.6,0,1,0.25,2024-05-31 04:34:58
4804,36,25916.36,26,Trujillo,BCP,Plin,Compras Online,53.26,0,1,0.1,2024-03-15 04:34:58
4805,24,23724.75,3,Arequipa,Interbank,Lukita,Retiro sin Tarjeta,192.3,0,0,0.0,2024-10-19 04:34:58
4806,41,18941.93,0,Lima,BCP,Yape,Pago de Servicios,1281.09,0,1,0.3,2024-06-30 04:34:58
4807,35,35120.25,5,Trujillo,BCP,Banca Móvil Propia,Pago de Servicios,90.41,0,1,0.0,2024-05-21 04:34:58
4808,18,22737.5,0,Lima,BCP,Yape,Pago de Préstamos,542.82,1,1,0.35,2024-08-15 04:34:58
4809,42,31307.94,1,Arequipa,Scotiabank,Web Banking,Pago de Tarjeta de Crédito,61.23,0,1,0.0,2024-03-24 04:34:58
4810,44,9073.49,2,Trujillo,BCP,Yape,Pago de Préstamos,31.92,1,1,0.0,2024-07-20 04:34:58
4811,23,3098.89,6,Trujillo,BCP,Tunki,Pago de Servicios,398.42,0,1,0.15,2024-02-23 04:34:58
4812,40,25384.5,3,Trujillo,BCP,Yape,Pago de Tarjeta de Crédito,119.25,1,1,0.0,2024-03-01 04:34:58
4813,24,10803.41,0,Cusco,Pichincha,Plin,Compras Online,529.14,0,1,0.25,2024-03-27 04:34:58
4814,36,19806.67,4,Trujillo,BBVA,Plin,Retiro sin Tarjeta,646.06,1,1,0.2,2024-03-06 04:34:58
4815,19,18938.49,2,Cusco,Interbank,Tunki,Recarga de Celular,112.35,1,1,0.0,2024-02-16 04:34:58
4816,18,48712.96,12,Lima,Interbank,Yape,Pago de Tarjeta de Crédito,568.51,0,1,0.4,2024-01-11 04:34:58
4817,30,26903.14,3,Cusco,BCP,QR,Pago de Préstamos,61.8,1,0,0.35,2024-04-23 04:34:58
4818,33,23930.99,6,Trujillo,BBVA,Yape,Pago de Préstamos,60.84,0,1,0.0,2024-07-24 04:34:58
4819,30,33473.04,1,Arequipa,BCP,Banca Móvil Propia,Recarga de Celular,433.67,0,0,0.2,2023-12-18 04:34:58
4820,20,26482.75,7,Piura,BBVA,Tunki,Pago de Tarjeta de Crédito,31.57,0,0,0.0,2024-09-15 04:34:58
4821,30,17521.11,6,Piura,BBVA,Banca Móvil Propia,Pago de Tarjeta de Crédito,148.18,1,1,0.0,2023-12-27 04:34:58
4822,38,37636.81,11,Lima,BBVA,Plin,Compras Online,517.83,0,1,0.0,2024-07-26 04:34:58
4823,34,12646.36,0,Trujillo,BCP,Banca Móvil Propia,Pago de Préstamos,553.79,0,1,0.0,2024-03-04 04:34:58
4824,37,25890.3,2,Arequipa,BCP,Plin,Transferencia Mismo Banco,96.29,0,1,0.25,2024-09-19 04:34:58
4825,26,10160.01,5,Lima,Scotiabank,Yape,Recarga de Celular,407.17,1,0,0.15,2023-12-18 04:34:58
4826,49,24391.06,0,Arequipa,Interbank,Plin,Pago de Servicios,48.28,0,0,0.0,2024-08-26 04:34:58
4827,20,24257.83,2,Lima,BCP,Yape,Pago de Préstamos,76.14,0,0,0.0,2024-08-17 04:34:58
4828,40,50000.0,14,Lima,BCP,Yape,Pago de Servicios,186.87,0,1,0.15,2024-10-23 04:34:58
4829,49,10071.98,2,Lima,Scotiabank,Yape,Retiro sin Tarjeta,216.53,0,1,0.15,2024-05-30 04:34:58
4830,40,16310.37,21,Otros,Scotiabank,Plin,Transferencia Mismo Banco,52.05,0,0,0.0,2024-11-14 04:34:58
4831,32,33234.41,0,Cusco,Pichincha,Banca Móvil Propia,Pago de Tarjeta de Crédito,955.54,1,1,0.0,2024-03-11 04:34:58
4832,28,26047.02,6,Lima,BCP,Yape,Pago de Préstamos,22.7,0,1,0.15,2024-08-22 04:34:58
4833,47,24104.47,4,Lima,BBVA,Plin,Transferencia Interbancaria,156.68,1,1,0.1,2024-09-19 04:34:58
4834,18,13655.97,3,Lima,BCP,Yape,Pago de Tarjeta de Crédito,180.53,1,0,0.15,2024-07-14 04:34:58
4835,23,16392.69,17,Cusco,Interbank,Banca Móvil Propia,Transferencia Mismo Banco,25.87,1,1,0.25,2024-11-30 04:34:58
4836,30,41048.95,0,Lima,BCP,Yape,Transferencia Interbancaria,557.87,0,0,0.0,2024-04-04 04:34:58
4837,49,21466.43,11,Arequipa,BCP,Banca Móvil Propia,Pago de Tarjeta de Crédito,70.78,0,1,0.0,2024-08-27 04:34:58
4838,39,26573.77,5,Arequipa,BCP,Banca Móvil Propia,Transferencia Mismo Banco,163.77,0,1,0.15,2024-02-06 04:34:58
4839,23,20793.71,1,Arequipa,Interbank,Banca Móvil Propia,Recarga de Celular,206.03,0,0,0.0,2023-12-30 04:34:58
4840,31,12191.05,11,Piura,BBVA,Plin,Transferencia Mismo Banco,34.67,0,0,0.0,2024-11-27 04:34:58
4841,27,35133.32,2,Lima,Interbank,Banca Móvil Propia,Retiro sin Tarjeta,50.8,0,1,0.0,2024-05-18 04:34:58
4842,26,28328.29,8,Otros,Scotiabank,Plin,Transferencia Interbancaria,708.41,0,0,0.5,2024-11-26 04:34:58
4843,46,50000.0,2,Lima,Interbank,Web Banking,Pago de Préstamos,138.96,0,1,0.0,2024-03-06 04:34:58
4844,18,13256.05,9,Lima,BBVA,Lukita,Compras Online,10.0,1,1,0.0,2024-09-20 04:34:58
4845,54,33232.6,5,Lima,Pichincha,Tunki,Pago de Préstamos,109.74,0,0,0.0,2024-03-27 04:34:58
4846,44,11432.64,0,Arequipa,BBVA,Web Banking,Recarga de Celular,143.61,1,0,0.15,2024-02-01 04:34:58
4847,48,23829.35,5,Cusco,BCP,Plin,Recarga de Celular,184.82,0,0,0.0,2024-10-24 04:34:58
4848,29,35891.41,1,Lima,Pichincha,Plin,Pago de Préstamos,20.11,1,1,0.15,2024-09-16 04:34:58
4849,33,7816.03,2,Trujillo,BCP,Yape,Transferencia Mismo Banco,144.13,1,0,0.2,2024-09-08 04:34:58
4850,18,19881.28,0,Trujillo,BBVA,Banca Móvil Propia,Recarga de Celular,64.54,0,1,0.1,2024-02-02 04:34:58
4851,28,16620.55,0,Arequipa,BCP,QR,Pago de Préstamos,185.13,0,1,0.0,2024-06-23 04:34:58
4852,40,15506.61,1,Trujillo,BBVA,QR,Pago de Servicios,246.25,0,1,0.15,2024-01-06 04:34:58
4853,50,26705.01,3,Trujillo,BBVA,Banca Móvil Propia,Pago de Préstamos,221.41,0,0,0.35,2024-11-30 04:34:58
4854,21,38574.35,3,Lima,BCP,Yape,Pago de Servicios,604.24,1,1,0.1,2024-04-01 04:34:58
4855,30,20606.48,3,Piura,BBVA,Banca Móvil Propia,Pago de Servicios,1326.86,0,1,0.35,2024-08-19 04:34:58
4856,33,24409.88,1,Arequipa,Scotiabank,QR,Transferencia Mismo Banco,47.77,1,1,0.1,2024-05-17 04:34:58
4857,18,23322.05,5,Piura,BCP,Plin,Transferencia Interbancaria,101.29,1,1,0.1,2023-12-25 04:34:58
4858,42,22046.34,6,Lima,BBVA,Tunki,Transferencia Mismo Banco,312.02,0,1,0.1,2024-08-22 04:34:58
4859,26,12776.06,2,Lima,BCP,Banca Móvil Propia,Retiro sin Tarjeta,130.74,0,1,0.15,2024-01-19 04:34:58
4860,32,38338.98,10,Otros,Scotiabank,QR,Compras Online,9.75,0,1,0.2,2024-08-14 04:34:58
4861,29,25529.7,5,Lima,Interbank,QR,Recarga de Celular,122.42,0,1,0.15,2024-10-14 04:34:58
4862,25,26834.42,6,Cusco,Scotiabank,Yape,Pago de Servicios,509.87,0,1,0.2,2023-12-25 04:34:58
4863,34,14716.8,1,Lima,BCP,Yape,Transferencia Mismo Banco,36.79,0,0,0.0,2024-02-05 04:34:58
4864,32,17507.59,0,Otros,BCP,QR,Pago de Préstamos,185.03,0,1,0.0,2024-01-29 04:34:58
4865,30,20169.62,10,Trujillo,BCP,Lukita,Transferencia Mismo Banco,22.04,0,0,0.1,2024-06-22 04:34:58
4866,26,10228.55,8,Lima,BCP,Yape,Recarga de Celular,354.26,0,1,0.0,2024-11-27 04:34:58
4867,38,9470.93,0,Trujillo,BBVA,Banca Móvil Propia,Transferencia Mismo Banco,188.97,0,1,0.0,2023-12-22 04:34:58
4868,54,16311.51,2,Lima,Pichincha,Web Banking,Pago de Servicios,84.09,1,1,0.3,2023-12-30 04:34:58
4869,36,28602.81,5,Lima,BBVA,QR,Pago de Préstamos,97.71,1,0,0.0,2024-08-26 04:34:58
4870,46,15889.78,5,Lima,Pichincha,QR,Recarga de Celular,33.15,0,0,0.15,2024-06-16 04:34:58
4871,18,13234.7,9,Lima,BCP,Yape,Transferencia Interbancaria,406.52,1,1,0.15,2024-04-21 04:34:58
4872,36,14656.76,0,Otros,BanBif,Lukita,Compras Online,66.73,0,1,0.0,2024-06-18 04:34:58
4873,21,17541.57,2,Trujillo,BCP,Yape,Pago de Servicios,244.77,0,1,0.3,2024-09-20 04:34:58
4874,18,18454.63,0,Otros,BanBif,QR,Compras Online,56.72,0,1,0.5,2023-12-12 04:34:58
4875,26,50000.0,2,Lima,BCP,Yape,Retiro sin Tarjeta,1337.29,0,1,0.1,2024-09-22 04:34:58
4876,49,37320.96,0,Trujillo,BanBif,Banca Móvil Propia,Pago de Préstamos,706.03,1,1,0.35,2024-01-31 04:34:58
4877,46,36768.14,11,Arequipa,BCP,Banca Móvil Propia,Retiro sin Tarjeta,1180.56,0,1,0.4,2024-10-29 04:34:58
4878,37,39509.25,3,Otros,BCP,Banca Móvil Propia,Pago de Tarjeta de Crédito,1326.81,1,1,0.35,2024-02-15 04:34:58
4879,18,13367.61,9,Lima,BBVA,Banca Móvil Propia,Pago de Tarjeta de Crédito,78.69,0,1,0.15,2024-02-11 04:34:58
4880,32,11953.96,0,Arequipa,BBVA,Yape,Recarga de Celular,61.31,0,1,0.1,2024-11-06 04:34:58
4881,38,12664.59,1,Lima,Interbank,Lukita,Pago de Servicios,1125.67,0,1,0.0,2024-01-07 04:34:58
4882,37,42926.86,1,Piura,Pichincha,Plin,Pago de Tarjeta de Crédito,128.89,0,0,0.25,2024-04-02 04:34:58
4883,18,16754.2,2,Piura,Interbank,Plin,Pago de Servicios,341.46,0,1,0.0,2024-11-05 04:34:58
4884,24,11781.93,8,Lima,Interbank,Web Banking,Pago de Servicios,79.78,0,0,0.0,2024-05-08 04:34:58
4885,34,17756.41,2,Trujillo,BCP,Tunki,Pago de Préstamos,81.11,0,0,0.15,2024-02-24 04:34:58
4886,41,19549.35,1,Trujillo,Interbank,Lukita,Retiro sin Tarjeta,340.34,0,1,0.0,2024-05-30 04:34:58
4887,18,25190.11,0,Lima,BBVA,Banca Móvil Propia,Recarga de Celular,20.7,0,1,0.0,2024-05-24 04:34:58
4888,33,24971.13,0,Lima,Scotiabank,QR,Retiro sin Tarjeta,324.79,1,1,0.0,2024-10-31 04:34:58
4889,36,14558.2,7,Trujillo,BBVA,Lukita,Pago de Préstamos,250.75,0,1,0.15,2024-01-25 04:34:58
4890,45,31033.68,2,Cusco,Interbank,Banca Móvil Propia,Pago de Tarjeta de Crédito,87.34,0,1,0.15,2024-07-10 04:34:58
4891,43,16000.95,6,Otros,BCP,Web Banking,Transferencia Mismo Banco,152.05,0,1,0.3,2024-06-06 04:34:58
4892,41,20370.88,5,Cusco,BCP,Plin,Pago de Tarjeta de Crédito,177.83,0,1,0.35,2023-12-21 04:34:58
4893,25,31051.02,0,Arequipa,BBVA,Banca Móvil Propia,Compras Online,188.11,0,0,0.0,2024-03-17 04:34:58
4894,18,15979.94,0,Trujillo,BCP,Banca Móvil Propia,Transferencia Interbancaria,295.94,0,0,0.2,2024-05-02 04:34:58
4895,30,16569.59,7,Lima,BCP,Yape,Retiro sin Tarjeta,65.69,0,1,0.1,2024-08-06 04:34:58
4896,47,29609.01,6,Piura,BCP,Plin,Recarga de Celular,2203.33,0,1,0.2,2024-04-21 04:34:58
4897,51,14344.67,2,Lima,Scotiabank,Web Banking,Retiro sin Tarjeta,120.83,1,1,0.15,2024-08-09 04:34:58
4898,43,18171.4,0,Trujillo,BCP,Yape,Compras Online,130.23,1,1,0.0,2024-10-24 04:34:58
4899,40,29081.89,0,Trujillo,Scotiabank,Plin,Compras Online,1037.62,0,1,0.0,2024-04-03 04:34:58
4900,39,50000.0,1,Lima,BCP,Plin,Transferencia Mismo Banco,23.83,1,1,0.0,2024-09-17 04:34:58
4901,28,29813.07,0,Lima,BCP,Yape,Compras Online,1026.86,0,0,0.15,2024-05-11 04:34:58
4902,33,27898.27,1,Lima,BBVA,QR,Transferencia Mismo Banco,162.95,0,0,0.15,2023-12-07 04:34:58
4903,55,28721.49,2,Arequipa,BBVA,Plin,Transferencia Mismo Banco,87.34,0,1,0.3,2024-10-31 04:34:58
4904,23,12879.66,0,Arequipa,BBVA,Plin,Transferencia Mismo Banco,48.44,0,1,0.15,2024-04-22 04:34:58
4905,54,23337.07,0,Lima,BBVA,Lukita,Transferencia Interbancaria,41.72,0,1,0.0,2024-10-12 04:34:58
4906,31,21701.07,11,Lima,BCP,Yape,Compras Online,105.44,0,1,0.1,2024-10-29 04:34:58
4907,50,25868.78,4,Piura,Interbank,Banca Móvil Propia,Pago de Servicios,195.97,0,1,0.1,2024-11-09 04:34:58
4908,18,23347.71,13,Cusco,BBVA,Lukita,Pago de Tarjeta de Crédito,276.58,1,1,0.3,2024-03-01 04:34:58
4909,42,26631.5,2,Trujillo,BCP,Banca Móvil Propia,Transferencia Mismo Banco,193.64,0,1,0.2,2024-01-04 04:34:58
4910,26,18849.97,5,Lima,Scotiabank,QR,Transferencia Interbancaria,89.1,0,1,0.15,2023-12-25 04:34:58
4911,18,22681.49,1,Lima,Interbank,Yape,Retiro sin Tarjeta,566.52,0,0,0.25,2024-03-05 04:34:58
4912,37,11921.34,4,Trujillo,BBVA,Yape,Transferencia Mismo Banco,2151.25,0,1,0.0,2024-03-01 04:34:58
4913,47,18770.59,0,Trujillo,Scotiabank,Plin,Pago de Préstamos,661.58,0,0,0.2,2024-07-10 04:34:58
4914,24,44153.03,0,Piura,BanBif,Yape,Retiro sin Tarjeta,103.62,0,0,0.1,2024-05-04 04:34:58
4915,18,25832.9,13,Lima,BBVA,Banca Móvil Propia,Retiro sin Tarjeta,245.2,0,1,0.0,2024-08-21 04:34:58
4916,33,21797.26,4,Lima,BCP,Yape,Recarga de Celular,261.43,0,1,0.15,2024-01-28 04:34:58
4917,33,50000.0,13,Arequipa,BanBif,Banca Móvil Propia,Transferencia Interbancaria,737.8,0,0,0.25,2024-10-10 04:34:58
4918,41,11154.32,2,Cusco,BCP,Yape,Transferencia Interbancaria,105.83,0,1,0.2,2024-08-24 04:34:58
4919,46,12648.23,1,Arequipa,BCP,Plin,Compras Online,56.55,0,1,0.15,2024-04-06 04:34:58
4920,34,50000.0,2,Arequipa,BCP,Yape,Transferencia Mismo Banco,461.21,0,1,0.35,2024-11-11 04:34:58
4921,57,22538.51,6,Trujillo,Interbank,Yape,Compras Online,222.82,1,1,0.2,2024-11-15 04:34:58
4922,37,19510.51,4,Lima,BanBif,Banca Móvil Propia,Compras Online,48.97,0,0,0.2,2024-10-26 04:34:58
4923,30,12093.19,12,Piura,Interbank,Banca Móvil Propia,Transferencia Mismo Banco,300.54,0,1,0.0,2024-06-01 04:34:58
4924,18,27552.49,0,Trujillo,Pichincha,QR,Transferencia Mismo Banco,932.86,0,1,0.3,2024-01-13 04:34:58
4925,31,28918.3,6,Cusco,BCP,QR,Compras Online,74.16,1,0,0.15,2024-06-25 04:34:58
4926,30,12743.2,2,Cusco,BCP,Banca Móvil Propia,Pago de Préstamos,60.89,1,1,0.25,2024-11-06 04:34:58
4927,46,20534.51,0,Otros,Interbank,Banca Móvil Propia,Transferencia Interbancaria,152.94,0,1,0.15,2024-01-12 04:34:58
4928,40,18624.67,3,Arequipa,Pichincha,Yape,Retiro sin Tarjeta,293.04,1,1,0.2,2024-07-14 04:34:58
4929,20,25033.96,3,Lima,BBVA,Yape,Retiro sin Tarjeta,137.7,0,0,0.0,2024-05-27 04:34:58
4930,37,12586.43,0,Trujillo,BCP,Lukita,Transferencia Mismo Banco,461.47,0,1,0.35,2024-06-14 04:34:58
4931,43,41190.94,1,Lima,BCP,Yape,Retiro sin Tarjeta,192.62,1,1,0.5,2024-04-03 04:34:58
4932,53,34818.77,2,Otros,BCP,Yape,Transferencia Mismo Banco,408.16,0,1,0.25,2024-07-16 04:34:58
4933,45,18368.86,2,Arequipa,BCP,Yape,Pago de Tarjeta de Crédito,72.18,0,0,0.1,2024-04-16 04:34:58
4934,44,19767.42,1,Trujillo,BCP,Yape,Pago de Servicios,43.48,0,1,0.1,2024-04-23 04:34:58
4935,35,20574.11,0,Piura,BanBif,QR,Retiro sin Tarjeta,105.63,0,1,0.3,2024-05-30 04:34:58
4936,39,14925.79,0,Cusco,BBVA,Plin,Pago de Tarjeta de Crédito,38.61,1,0,0.0,2023-12-07 04:34:58
4937,49,17646.37,17,Trujillo,Interbank,Tunki,Transferencia Interbancaria,223.48,0,1,0.1,2024-11-08 04:34:58
4938,19,19242.27,14,Otros,BCP,Yape,Pago de Tarjeta de Crédito,19.75,0,1,0.0,2024-09-20 04:34:58
4939,30,49337.23,3,Lima,BCP,Banca Móvil Propia,Recarga de Celular,94.37,0,1,0.0,2024-04-26 04:34:58
4940,25,35359.03,26,Lima,BBVA,Banca Móvil Propia,Pago de Tarjeta de Crédito,111.5,0,0,0.25,2024-03-19 04:34:58
4941,39,35148.15,5,Lima,Scotiabank,Plin,Pago de Tarjeta de Crédito,52.11,0,0,0.2,2024-06-29 04:34:58
4942,49,26501.66,0,Lima,BBVA,Lukita,Pago de Tarjeta de Crédito,109.25,0,0,0.0,2024-05-07 04:34:58
4943,27,12598.54,0,Trujillo,Scotiabank,Plin,Compras Online,149.05,0,1,0.25,2024-11-22 04:34:58
4944,18,21574.22,12,Cusco,Scotiabank,Banca Móvil Propia,Pago de Préstamos,528.07,0,1,0.2,2024-11-30 04:34:58
4945,30,35783.57,4,Lima,BCP,Banca Móvil Propia,Transferencia Interbancaria,52.42,1,1,0.0,2024-04-28 04:34:58
4946,45,11741.3,9,Trujillo,BCP,Web Banking,Compras Online,212.16,0,1,0.0,2024-11-07 04:34:58
4947,41,30281.03,11,Trujillo,Interbank,Plin,Transferencia Interbancaria,258.72,0,1,0.0,2024-09-09 04:34:58
4948,40,50000.0,2,Piura,BBVA,Yape,Recarga de Celular,145.3,0,1,0.15,2024-09-04 04:34:58
4949,31,37455.48,0,Trujillo,BCP,Yape,Transferencia Mismo Banco,90.19,0,1,0.15,2024-10-16 04:34:58
4950,19,44668.09,1,Otros,BBVA,Yape,Compras Online,47.51,0,1,0.15,2024-11-03 04:34:58
4951,41,24567.25,0,Otros,BBVA,Plin,Retiro sin Tarjeta,990.85,0,1,0.2,2024-04-17 04:34:58
4952,24,35737.86,1,Trujillo,BanBif,Plin,Transferencia Interbancaria,159.6,0,1,0.1,2024-05-05 04:34:58
4953,61,15383.85,2,Lima,BCP,Plin,Retiro sin Tarjeta,108.25,0,1,0.0,2024-09-08 04:34:58
4954,41,32791.74,0,Cusco,BCP,QR,Pago de Préstamos,1238.37,0,1,0.0,2024-03-18 04:34:58
4955,28,30552.26,0,Lima,BBVA,Plin,Recarga de Celular,185.36,0,0,0.0,2024-11-14 04:34:58
4956,27,25462.34,2,Lima,Interbank,Web Banking,Pago de Tarjeta de Crédito,1888.42,0,0,0.1,2024-01-29 04:34:58
4957,33,42531.65,2,Arequipa,Interbank,QR,Recarga de Celular,36.01,0,1,0.2,2023-12-22 04:34:58
4958,32,16824.77,3,Lima,BanBif,QR,Pago de Préstamos,117.08,0,1,0.15,2024-06-02 04:34:58
4959,48,20059.76,2,Arequipa,Scotiabank,Web Banking,Retiro sin Tarjeta,37.71,1,1,0.15,2024-07-11 04:34:58
4960,37,23103.31,5,Cusco,BBVA,Lukita,Retiro sin Tarjeta,131.35,0,1,0.1,2024-03-13 04:34:58
4961,26,13163.39,13,Arequipa,BCP,Banca Móvil Propia,Pago de Préstamos,130.72,0,1,0.0,2024-02-03 04:34:58
4962,57,24673.03,0,Trujillo,BBVA,Plin,Recarga de Celular,93.88,0,1,0.15,2024-08-08 04:34:58
4963,35,9325.75,0,Piura,Interbank,Banca Móvil Propia,Transferencia Mismo Banco,156.63,0,1,0.2,2024-07-28 04:34:58
4964,44,37178.18,9,Lima,Scotiabank,Web Banking,Retiro sin Tarjeta,98.56,0,1,0.0,2024-10-19 04:34:58
4965,27,22546.13,3,Trujillo,Pichincha,Plin,Pago de Préstamos,132.9,0,1,0.15,2024-11-05 04:34:58
4966,39,16975.96,7,Lima,Interbank,Yape,Pago de Servicios,69.7,1,1,0.3,2024-07-14 04:34:58
4967,38,14513.19,1,Piura,BBVA,Lukita,Pago de Tarjeta de Crédito,628.18,0,0,0.1,2024-06-09 04:34:58
4968,18,19588.75,8,Arequipa,BCP,Tunki,Pago de Préstamos,48.97,0,1,0.0,2024-03-21 04:34:58
4969,59,31074.1,12,Lima,BCP,Lukita,Pago de Préstamos,183.53,0,1,0.15,2024-08-19 04:34:58
4970,50,28965.75,5,Lima,BCP,Yape,Pago de Servicios,45.03,0,0,0.0,2024-09-11 04:34:58
4971,30,15478.87,0,Lima,BCP,Banca Móvil Propia,Retiro sin Tarjeta,64.4,0,0,0.2,2024-11-11 04:34:58
4972,21,14428.78,11,Trujillo,BBVA,Plin,Transferencia Interbancaria,71.65,0,1,0.0,2023-12-14 04:34:58
4973,39,30590.64,7,Otros,BCP,QR,Recarga de Celular,130.09,1,1,0.0,2024-11-29 04:34:58
4974,36,15349.32,6,Otros,Interbank,Yape,Transferencia Mismo Banco,176.87,0,1,0.0,2024-09-02 04:34:58
4975,39,22696.25,0,Lima,BBVA,Lukita,Pago de Servicios,49.07,0,0,0.25,2024-10-06 04:34:58
4976,37,23432.46,8,Lima,BBVA,Yape,Pago de Servicios,98.15,0,1,0.25,2024-04-16 04:34:58
4977,41,25745.91,0,Lima,BBVA,Yape,Transferencia Interbancaria,55.08,0,1,0.15,2024-07-26 04:34:58
4978,52,33831.08,1,Arequipa,BCP,Yape,Retiro sin Tarjeta,52.7,0,1,0.25,2023-12-13 04:34:58
4979,41,11713.75,4,Trujillo,Pichincha,Plin,Transferencia Interbancaria,461.07,0,0,0.0,2024-07-10 04:34:58
4980,22,8471.14,1,Lima,BCP,Banca Móvil Propia,Transferencia Mismo Banco,36.89,1,0,0.0,2023-12-25 04:34:58
4981,51,16585.37,5,Lima,BanBif,Yape,Retiro sin Tarjeta,159.92,0,1,0.35,2024-05-14 04:34:58
4982,54,50000.0,4,Cusco,BCP,Plin,Pago de Servicios,810.84,1,0,0.1,2024-04-24 04:34:58
4983,72,50000.0,0,Arequipa,BBVA,Plin,Pago de Servicios,495.79,0,1,0.35,2024-09-21 04:34:58
4984,21,50000.0,5,Piura,BCP,QR,Pago de Préstamos,227.09,0,1,0.1,2024-03-24 04:34:58
4985,37,20000.44,12,Lima,BCP,Yape,Recarga de Celular,146.02,0,1,0.25,2024-06-16 04:34:58
4986,18,9035.73,0,Lima,BBVA,Plin,Transferencia Mismo Banco,310.02,0,0,0.2,2024-10-03 04:34:58
4987,41,6825.91,4,Cusco,Interbank,Banca Móvil Propia,Pago de Préstamos,214.73,0,0,0.0,2024-08-31 04:34:58
4988,28,16203.47,2,Otros,BCP,QR,Pago de Préstamos,615.62,0,1,0.45,2024-11-16 04:34:58
4989,58,19949.58,3,Lima,BBVA,QR,Pago de Servicios,129.84,1,1,0.2,2024-11-02 04:34:58
4990,25,42205.79,1,Lima,BCP,QR,Transferencia Interbancaria,403.87,1,1,0.0,2024-03-04 04:34:58
4991,18,33992.76,2,Lima,BBVA,Yape,Pago de Servicios,107.15,0,1,0.1,2024-04-14 04:34:58
4992,29,24678.87,0,Trujillo,BanBif,QR,Transferencia Interbancaria,985.84,0,1,0.2,2024-06-07 04:34:58
4993,18,14116.19,19,Trujillo,Scotiabank,QR,Transferencia Interbancaria,126.24,0,1,0.25,2024-11-19 04:34:58
4994,44,13624.3,4,Lima,BBVA,QR,Pago de Tarjeta de Crédito,29.4,0,1,0.1,2023-12-13 04:34:58
4995,18,25010.82,3,Lima,BCP,Yape,Pago de Tarjeta de Crédito,160.41,1,0,0.1,2024-07-05 04:34:58
4996,35,31210.99,2,Cusco,BCP,QR,Pago de Préstamos,318.81,1,1,0.35,2024-01-09 04:34:58
4997,18,26794.2,3,Lima,Pichincha,Tunki,Pago de Tarjeta de Crédito,756.48,0,1,0.0,2024-06-13 04:34:58
4998,31,13130.6,2,Lima,BCP,Banca Móvil Propia,Retiro sin Tarjeta,54.81,1,1,0.15,2024-11-19 04:34:58
4999,54,30495.48,2,Lima,Scotiabank,Tunki,Retiro sin Tarjeta,25.93,0,1,0.0,2024-02-01 04:34:58
5000,39,27254.0,3,Lima,BBVA,Plin,Pago de Préstamos,243.89,1,1,0.2,2023-12-18 04:34:58
5001,24,12895.93,1,Arequipa,Pichincha,Banca Móvil Propia,Pago de Servicios,236.46,0,1,0.25,2024-05-21 04:34:58
5002,34,14880.99,0,Arequipa,BBVA,Plin,Pago de Servicios,36.2,1,0,0.3,2024-06-25 04:34:58
5003,35,31077.77,4,Lima,BBVA,Lukita,Transferencia Interbancaria,106.74,0,0,0.0,2024-03-01 04:34:58
5004,40,19589.45,9,Lima,Interbank,Banca Móvil Propia,Retiro sin Tarjeta,111.64,1,0,0.1,2024-06-02 04:34:58
5005,18,48755.52,0,Trujillo,Pichincha,Banca Móvil Propia,Pago de Préstamos,338.03,0,1,0.0,2024-04-30 04:34:58
5006,42,28298.52,0,Trujillo,Pichincha,Plin,Pago de Servicios,98.13,0,0,0.15,2024-01-20 04:34:58
5007,18,17269.28,1,Otros,Interbank,Web Banking,Retiro sin Tarjeta,96.01,0,1,0.0,2024-05-23 04:34:58
5008,27,21914.36,19,Otros,Scotiabank,Banca Móvil Propia,Transferencia Mismo Banco,166.44,1,0,0.3,2024-03-22 04:34:58
5009,29,22735.7,8,Lima,BBVA,Plin,Transferencia Interbancaria,37.41,1,1,0.25,2024-02-06 04:34:58
5010,42,15303.01,4,Piura,Scotiabank,QR,Pago de Tarjeta de Crédito,993.05,1,1,0.5,2024-04-09 04:34:58
5011,35,13956.57,13,Piura,Scotiabank,Yape,Pago de Préstamos,377.69,1,1,0.1,2024-07-26 04:34:58
5012,18,31278.77,2,Lima,BBVA,Yape,Retiro sin Tarjeta,73.57,1,1,0.15,2024-02-15 04:34:58
5013,23,33611.94,20,Lima,Interbank,Banca Móvil Propia,Pago de Servicios,48.54,0,1,0.0,2024-08-20 04:34:58
5014,37,29788.89,1,Trujillo,BBVA,Banca Móvil Propia,Pago de Préstamos,52.45,1,1,0.3,2024-04-03 04:34:58
5015,34,46988.54,1,Arequipa,BBVA,Plin,Pago de Préstamos,266.86,0,1,0.5,2024-10-03 04:34:58
5016,28,16799.65,5,Piura,Scotiabank,Plin,Compras Online,54.03,0,0,0.0,2024-11-28 04:34:58
5017,29,50000.0,2,Trujillo,BBVA,QR,Compras Online,115.66,1,0,0.2,2024-11-06 04:34:58
5018,43,14038.23,4,Piura,BCP,Yape,Transferencia Interbancaria,27.36,0,1,0.0,2024-08-31 04:34:58
5019,28,13275.26,1,Arequipa,BBVA,Plin,Recarga de Celular,255.0,0,1,0.4,2024-04-13 04:34:58
5020,33,9136.39,4,Lima,BCP,Web Banking,Transferencia Interbancaria,264.74,1,1,0.35,2024-10-18 04:34:58
5021,61,17625.51,1,Piura,BBVA,Plin,Transferencia Mismo Banco,123.4,0,1,0.0,2024-05-27 04:34:58
5022,18,17122.33,0,Lima,BanBif,Banca Móvil Propia,Transferencia Interbancaria,180.11,0,1,0.1,2024-10-05 04:34:58
5023,18,28651.72,12,Cusco,Interbank,Plin,Compras Online,328.9,0,0,0.15,2024-01-30 04:34:58
5024,44,24883.13,10,Lima,Scotiabank,Banca Móvil Propia,Compras Online,175.33,1,1,0.1,2024-04-12 04:34:58
5025,26,12130.93,17,Arequipa,BCP,Yape,Pago de Tarjeta de Crédito,324.04,0,1,0.0,2024-10-24 04:34:58
5026,31,18099.45,6,Arequipa,BanBif,Web Banking,Pago de Tarjeta de Crédito,46.16,0,1,0.0,2024-09-29 04:34:58
5027,25,18292.91,5,Arequipa,Interbank,Tunki,Retiro sin Tarjeta,216.74,0,1,0.25,2024-07-11 04:34:58
5028,31,9063.48,4,Trujillo,BCP,Tunki,Retiro sin Tarjeta,180.09,0,1,0.25,2024-01-22 04:34:58
5029,54,13487.61,0,Cusco,Interbank,Web Banking,Pago de Servicios,493.73,0,1,0.1,2024-10-15 04:34:58
5030,44,14981.83,1,Lima,Pichincha,Web Banking,Pago de Servicios,152.99,0,0,0.0,2024-10-30 04:34:58
5031,45,45107.89,1,Piura,BCP,Yape,Transferencia Interbancaria,134.64,1,0,0.15,2024-02-29 04:34:58
5032,18,24239.17,11,Lima,BBVA,Lukita,Pago de Tarjeta de Crédito,85.02,0,1,0.15,2024-05-31 04:34:58
5033,21,30671.35,0,Arequipa,BanBif,Plin,Transferencia Interbancaria,659.33,1,1,0.1,2024-10-14 04:34:58
5034,18,10411.67,12,Lima,BCP,Tunki,Pago de Préstamos,14.07,1,1,0.25,2023-12-13 04:34:58
5035,25,40018.9,3,Otros,Interbank,Plin,Pago de Tarjeta de Crédito,247.44,0,1,0.0,2024-11-26 04:34:58
5036,46,42215.85,6,Cusco,BBVA,Plin,Pago de Préstamos,145.42,0,1,0.15,2024-09-05 04:34:58
5037,41,8109.79,0,Lima,BCP,Yape,Transferencia Interbancaria,123.52,0,0,0.15,2024-02-28 04:34:58
5038,32,15480.58,1,Lima,Interbank,Banca Móvil Propia,Retiro sin Tarjeta,106.77,0,0,0.35,2024-03-04 04:34:58
5039,34,28222.73,15,Cusco,BCP,Plin,Compras Online,140.35,1,1,0.3,2024-05-14 04:34:58
5040,26,30399.89,1,Lima,Scotiabank,Yape,Retiro sin Tarjeta,239.5,0,0,0.1,2024-11-23 04:34:58
5041,37,15689.59,1,Cusco,BCP,Plin,Recarga de Celular,67.02,0,1,0.1,2024-06-21 04:34:58
5042,44,18906.3,1,Piura,BCP,Web Banking,Compras Online,169.87,0,1,0.0,2024-03-17 04:34:58
5043,18,16338.99,0,Trujillo,BBVA,Banca Móvil Propia,Recarga de Celular,210.77,1,1,0.25,2024-01-09 04:34:58
5044,38,23276.72,1,Arequipa,BBVA,Tunki,Recarga de Celular,57.18,0,0,0.0,2024-06-23 04:34:58
5045,46,40078.26,5,Trujillo,BCP,QR,Pago de Servicios,245.64,0,1,0.0,2024-09-22 04:34:58
5046,30,14980.11,3,Arequipa,Scotiabank,Banca Móvil Propia,Retiro sin Tarjeta,212.5,0,1,0.6,2024-03-23 04:34:58
5047,43,36330.4,4,Lima,BanBif,Yape,Transferencia Interbancaria,66.76,1,0,0.1,2024-03-25 04:34:58
5048,68,14900.71,0,Trujillo,Scotiabank,Banca Móvil Propia,Transferencia Interbancaria,45.24,0,0,0.0,2024-07-01 04:34:58
5049,33,14417.33,8,Lima,BBVA,Plin,Recarga de Celular,65.88,0,1,0.1,2024-02-07 04:34:58
5050,39,33166.56,7,Lima,Scotiabank,QR,Pago de Servicios,169.93,0,1,0.0,2024-08-16 04:34:58
5051,26,34925.35,0,Lima,BanBif,Web Banking,Pago de Servicios,137.56,0,1,0.35,2024-04-16 04:34:58
5052,37,33715.23,2,Lima,BBVA,Plin,Recarga de Celular,598.2,0,1,0.0,2024-01-07 04:34:58
5053,40,11408.36,0,Lima,BCP,Plin,Compras Online,102.81,0,1,0.25,2024-03-31 04:34:58
5054,37,17448.77,7,Trujillo,BCP,Plin,Transferencia Interbancaria,61.0,0,1,0.1,2024-09-04 04:34:58
5055,22,33239.5,6,Lima,BBVA,Plin,Pago de Servicios,286.29,1,1,0.15,2024-10-27 04:34:58
5056,37,22488.76,11,Lima,BanBif,QR,Pago de Tarjeta de Crédito,55.7,0,0,0.2,2024-06-05 04:34:58
5057,52,12876.43,1,Lima,BBVA,Banca Móvil Propia,Pago de Tarjeta de Crédito,67.3,1,1,0.15,2023-12-28 04:34:58
5058,40,27699.2,3,Trujillo,Interbank,Yape,Transferencia Mismo Banco,68.19,0,1,0.2,2024-07-28 04:34:58
5059,46,15407.29,1,Arequipa,BCP,Lukita,Pago de Tarjeta de Crédito,7.41,0,1,0.0,2024-09-19 04:34:58
5060,32,50000.0,2,Cusco,BCP,Yape,Recarga de Celular,261.61,0,1,0.2,2024-08-07 04:34:58
5061,43,47687.32,3,Lima,BBVA,Web Banking,Transferencia Interbancaria,379.93,0,1,0.35,2024-01-03 04:34:58
5062,38,29793.59,0,Piura,Pichincha,Plin,Transferencia Mismo Banco,371.18,1,1,0.55,2023-12-31 04:34:58
5063,23,43499.44,6,Otros,BBVA,Banca Móvil Propia,Retiro sin Tarjeta,977.92,1,0,0.35,2024-07-08 04:34:58
5064,38,22751.71,3,Trujillo,Scotiabank,Yape,Transferencia Interbancaria,669.83,0,1,0.3,2024-10-23 04:34:58
5065,23,32296.65,8,Lima,BCP,Yape,Pago de Préstamos,106.28,1,1,0.0,2024-01-21 04:34:58
5066,27,46113.46,1,Arequipa,Interbank,QR,Transferencia Mismo Banco,450.0,1,1,0.0,2024-02-12 04:34:58
5067,37,24903.14,11,Piura,Interbank,Tunki,Retiro sin Tarjeta,134.61,0,0,0.0,2024-10-29 04:34:58
5068,38,19387.94,30,Trujillo,Scotiabank,Web Banking,Pago de Servicios,96.93,1,1,0.0,2024-09-11 04:34:58
5069,20,9392.71,12,Lima,BCP,Tunki,Compras Online,69.72,1,1,0.3,2024-01-20 04:34:58
5070,47,21129.66,7,Lima,BCP,QR,Transferencia Interbancaria,113.57,0,1,0.0,2024-03-16 04:34:58
5071,41,33246.73,8,Arequipa,BCP,Web Banking,Transferencia Interbancaria,206.23,0,1,0.0,2024-07-18 04:34:58
5072,26,35341.62,4,Arequipa,BanBif,Tunki,Pago de Servicios,721.36,1,1,0.1,2024-11-30 04:34:58
5073,18,28344.34,1,Cusco,BCP,Tunki,Transferencia Interbancaria,307.55,0,1,0.35,2024-10-23 04:34:58
5074,33,16803.63,5,Arequipa,BCP,Lukita,Compras Online,68.63,0,0,0.0,2024-03-27 04:34:58
5075,29,8197.54,6,Otros,BBVA,Plin,Recarga de Celular,52.24,0,0,0.1,2024-09-24 04:34:58
5076,36,17195.32,21,Piura,BBVA,QR,Pago de Préstamos,262.05,1,1,0.0,2024-10-30 04:34:58
5077,30,18917.21,3,Piura,Scotiabank,Banca Móvil Propia,Transferencia Mismo Banco,365.91,0,1,0.35,2024-07-23 04:34:58
5078,18,18836.19,1,Arequipa,BanBif,Lukita,Retiro sin Tarjeta,506.48,1,1,0.1,2024-07-26 04:34:58
5079,30,30009.77,5,Lima,BBVA,Yape,Retiro sin Tarjeta,113.44,1,1,0.2,2023-12-19 04:34:58
5080,31,50000.0,19,Piura,BanBif,QR,Transferencia Mismo Banco,237.34,1,1,0.0,2024-01-21 04:34:58
5081,42,23429.81,0,Arequipa,Interbank,Plin,Recarga de Celular,349.26,1,0,0.35,2024-03-03 04:34:58
5082,26,19764.33,1,Trujillo,BCP,Lukita,Transferencia Interbancaria,38.43,0,0,0.15,2024-01-07 04:34:58
5083,55,19348.87,3,Lima,BanBif,Banca Móvil Propia,Pago de Servicios,195.93,0,1,0.35,2024-01-17 04:34:58
5084,18,23439.84,0,Lima,Interbank,Plin,Pago de Servicios,366.63,0,0,0.3,2024-07-14 04:34:58
5085,50,14557.38,0,Lima,BBVA,Web Banking,Pago de Préstamos,247.25,0,1,0.35,2024-06-06 04:34:58
5086,32,23390.83,2,Lima,Interbank,QR,Transferencia Interbancaria,136.91,1,1,0.15,2024-09-13 04:34:58
5087,45,27595.45,10,Otros,BBVA,Web Banking,Pago de Tarjeta de Crédito,2018.17,1,0,0.2,2024-01-23 04:34:58
5088,35,24461.19,0,Lima,BCP,Yape,Retiro sin Tarjeta,1023.02,0,1,0.1,2023-12-31 04:34:58
5089,48,27688.46,2,Piura,Interbank,Banca Móvil Propia,Transferencia Mismo Banco,149.81,0,1,0.1,2024-07-26 04:34:58
5090,30,27361.0,7,Piura,Scotiabank,Banca Móvil Propia,Transferencia Mismo Banco,122.77,1,1,0.1,2024-02-11 04:34:58
5091,21,9082.02,15,Otros,Interbank,Banca Móvil Propia,Retiro sin Tarjeta,298.95,0,1,0.45,2024-07-10 04:34:58
5092,52,30285.83,21,Lima,BCP,Yape,Compras Online,140.12,1,1,0.15,2024-06-10 04:34:58
5093,33,15748.38,2,Otros,Pichincha,Plin,Transferencia Mismo Banco,529.29,0,1,0.0,2024-04-27 04:34:58
5094,37,12734.63,15,Cusco,BCP,QR,Retiro sin Tarjeta,41.79,0,1,0.0,2024-02-11 04:34:58
5095,49,12679.91,0,Lima,BCP,Plin,Compras Online,116.66,0,1,0.2,2024-10-26 04:34:58
5096,22,27358.18,6,Arequipa,BCP,Web Banking,Recarga de Celular,294.49,0,1,0.0,2024-10-06 04:34:58
5097,42,19706.67,5,Cusco,BCP,Yape,Transferencia Interbancaria,404.94,0,1,0.1,2024-11-22 04:34:58
5098,27,9499.7,1,Lima,BBVA,Web Banking,Retiro sin Tarjeta,33.75,0,1,0.15,2024-06-09 04:34:58
5099,33,27973.67,3,Lima,Interbank,Banca Móvil Propia,Recarga de Celular,57.16,0,1,0.0,2023-12-22 04:34:58
5100,35,10723.53,0,Piura,Scotiabank,QR,Retiro sin Tarjeta,27.76,0,1,0.35,2024-03-24 04:34:58
5101,18,23621.45,10,Lima,Pichincha,Plin,Recarga de Celular,61.98,0,1,0.0,2024-02-07 04:34:58
5102,25,24816.14,2,Arequipa,Scotiabank,Web Banking,Recarga de Celular,41.38,0,1,0.1,2024-05-05 04:34:58
5103,51,34296.16,4,Arequipa,BBVA,Banca Móvil Propia,Recarga de Celular,254.46,0,1,0.0,2024-01-26 04:34:58
5104,45,50000.0,0,Piura,Interbank,Banca Móvil Propia,Pago de Préstamos,186.61,0,1,0.35,2024-08-06 04:34:58
5105,34,11132.92,1,Lima,Scotiabank,Yape,Transferencia Interbancaria,127.25,0,0,0.0,2024-08-19 04:34:58
5106,37,21456.07,24,Arequipa,BBVA,Banca Móvil Propia,Pago de Préstamos,152.34,0,1,0.0,2024-10-10 04:34:58
5107,31,19184.01,6,Piura,Scotiabank,QR,Retiro sin Tarjeta,489.92,1,1,0.3,2023-12-18 04:34:58
5108,51,27361.03,16,Cusco,BBVA,Plin,Pago de Tarjeta de Crédito,52.34,0,0,0.0,2024-08-03 04:34:58
5109,32,24534.47,1,Arequipa,BBVA,Banca Móvil Propia,Pago de Préstamos,21.54,0,1,0.3,2024-04-11 04:34:58
5110,37,18466.75,0,Cusco,BBVA,Yape,Retiro sin Tarjeta,302.03,0,1,0.1,2024-06-24 04:34:58
5111,48,17668.68,3,Lima,Interbank,Web Banking,Retiro sin Tarjeta,100.39,0,1,0.2,2024-10-18 04:34:58
5112,25,12604.06,3,Lima,Interbank,Web Banking,Recarga de Celular,53.6,0,1,0.0,2024-10-31 04:34:58
5113,53,36095.76,0,Trujillo,BBVA,Plin,Transferencia Mismo Banco,258.27,0,0,0.2,2024-01-19 04:34:58
5114,18,27711.48,6,Arequipa,BBVA,Yape,Transferencia Mismo Banco,20.75,0,1,0.1,2024-07-14 04:34:58
5115,54,34852.64,2,Lima,BanBif,Banca Móvil Propia,Retiro sin Tarjeta,62.95,0,1,0.0,2024-12-04 04:34:58
5116,30,18860.06,1,Lima,Pichincha,Yape,Transferencia Mismo Banco,13.62,1,1,0.15,2024-11-15 04:34:58
5117,32,15860.42,2,Piura,BCP,Plin,Pago de Tarjeta de Crédito,192.31,0,1,0.0,2023-12-10 04:34:58
5118,18,12846.7,4,Lima,BCP,Yape,Pago de Préstamos,716.01,0,1,0.2,2024-08-07 04:34:58
5119,29,26356.2,6,Lima,Interbank,Tunki,Transferencia Mismo Banco,83.67,0,1,0.0,2024-02-11 04:34:58
5120,22,13096.54,3,Lima,BBVA,Yape,Transferencia Mismo Banco,67.25,0,0,0.25,2024-04-27 04:34:58
5121,27,50000.0,3,Lima,BCP,Yape,Recarga de Celular,884.09,0,1,0.0,2024-01-01 04:34:58
5122,33,11454.97,0,Arequipa,BCP,Yape,Compras Online,277.95,1,0,0.15,2024-11-15 04:34:58
5123,46,25256.28,12,Trujillo,Scotiabank,Banca Móvil Propia,Pago de Préstamos,1604.29,1,0,0.35,2024-01-11 04:34:58
5124,37,48215.09,13,Lima,Scotiabank,Banca Móvil Propia,Retiro sin Tarjeta,174.3,0,1,0.0,2024-07-31 04:34:58
5125,38,29719.09,5,Lima,BBVA,Plin,Compras Online,186.17,1,1,0.5,2024-11-25 04:34:58
5126,21,24048.72,0,Lima,BBVA,Banca Móvil Propia,Pago de Préstamos,629.44,0,1,0.5,2024-10-23 04:34:58
5127,24,13571.92,3,Lima,BBVA,QR,Pago de Tarjeta de Crédito,127.92,0,1,0.0,2023-12-10 04:34:58
5128,56,11038.18,4,Cusco,BCP,Yape,Pago de Préstamos,190.03,1,1,0.0,2024-11-23 04:34:58
5129,26,32371.22,26,Arequipa,BBVA,Lukita,Compras Online,13.18,0,0,0.25,2024-04-01 04:34:58
5130,54,46773.57,27,Cusco,BCP,Banca Móvil Propia,Pago de Tarjeta de Crédito,843.62,0,1,0.0,2024-02-06 04:34:58
5131,32,17686.82,9,Arequipa,BBVA,Yape,Pago de Préstamos,219.4,0,1,0.35,2024-09-07 04:34:58
5132,35,12462.37,0,Piura,BCP,Yape,Compras Online,133.3,1,1,0.15,2024-04-06 04:34:58
5133,47,6444.07,15,Lima,Interbank,Banca Móvil Propia,Pago de Préstamos,367.73,0,1,0.0,2024-08-12 04:34:58
5134,50,13488.83,4,Trujillo,Interbank,Lukita,Retiro sin Tarjeta,45.54,1,1,0.15,2024-08-06 04:34:58
5135,33,20809.64,8,Trujillo,BBVA,Plin,Pago de Tarjeta de Crédito,85.51,1,0,0.15,2024-07-21 04:34:58
5136,30,48999.32,2,Arequipa,BCP,Web Banking,Pago de Servicios,258.1,0,1,0.2,2024-07-24 04:34:58
5137,34,30839.97,1,Lima,BCP,Banca Móvil Propia,Pago de Servicios,155.09,1,1,0.45,2024-07-08 04:34:58
5138,39,25656.26,3,Lima,Interbank,Plin,Transferencia Mismo Banco,231.98,1,1,0.25,2024-04-13 04:34:58
5139,45,18032.67,0,Arequipa,BCP,Yape,Compras Online,190.43,0,1,0.35,2024-04-09 04:34:58
5140,35,16455.53,2,Lima,BCP,Yape,Pago de Préstamos,278.81,1,1,0.35,2024-11-03 04:34:58
5141,42,44481.28,9,Lima,Interbank,Tunki,Compras Online,39.61,0,0,0.2,2024-01-13 04:34:58
5142,54,24352.0,0,Lima,Scotiabank,Tunki,Retiro sin Tarjeta,532.8,1,1,0.1,2024-09-11 04:34:58
5143,39,7697.88,0,Trujillo,BCP,Banca Móvil Propia,Transferencia Mismo Banco,91.48,0,1,0.15,2024-08-08 04:34:58
5144,38,15728.51,0,Lima,BBVA,Banca Móvil Propia,Compras Online,157.23,0,1,0.0,2024-02-06 04:34:58
5145,18,14341.2,2,Lima,BanBif,Plin,Compras Online,81.39,1,0,0.0,2024-09-13 04:34:58
5146,18,16761.97,29,Lima,BanBif,Banca Móvil Propia,Recarga de Celular,111.34,0,0,0.0,2024-07-30 04:34:58
5147,39,29186.32,0,Trujillo,BCP,Yape,Retiro sin Tarjeta,186.62,1,1,0.0,2024-10-16 04:34:58
5148,33,20874.37,0,Arequipa,Scotiabank,Plin,Pago de Tarjeta de Crédito,309.57,0,1,0.0,2024-05-23 04:34:58
5149,28,21195.99,12,Lima,BBVA,Lukita,Recarga de Celular,365.49,0,1,0.3,2024-09-15 04:34:58
5150,37,42477.79,10,Cusco,Pichincha,Plin,Recarga de Celular,228.72,0,1,0.15,2024-06-20 04:34:58
5151,34,15549.28,0,Lima,BBVA,Lukita,Retiro sin Tarjeta,81.79,1,0,0.15,2024-05-27 04:34:58
5152,48,50000.0,6,Trujillo,Scotiabank,Web Banking,Transferencia Mismo Banco,214.74,0,1,0.0,2024-05-29 04:34:58
5153,36,15746.07,5,Piura,Scotiabank,Banca Móvil Propia,Pago de Servicios,188.72,0,1,0.15,2024-08-03 04:34:58
5154,26,23031.06,7,Trujillo,BBVA,Yape,Transferencia Mismo Banco,157.44,0,1,0.0,2024-05-27 04:34:58
5155,46,19137.37,3,Cusco,Scotiabank,Plin,Pago de Servicios,253.21,0,1,0.5,2024-06-20 04:34:58
5156,32,23428.52,23,Lima,BCP,Yape,Transferencia Interbancaria,41.44,0,1,0.2,2024-06-24 04:34:58
5157,41,27509.76,0,Arequipa,BCP,Banca Móvil Propia,Pago de Servicios,19.55,0,1,0.0,2024-07-02 04:34:58
5158,29,27362.2,1,Lima,BBVA,Lukita,Retiro sin Tarjeta,487.85,1,0,0.15,2024-12-04 04:34:58
5159,27,15114.98,2,Lima,BanBif,Banca Móvil Propia,Pago de Servicios,130.14,1,1,0.0,2024-06-16 04:34:58
5160,36,12563.39,2,Trujillo,BBVA,Lukita,Transferencia Interbancaria,224.96,0,1,0.5,2024-07-14 04:34:58
5161,35,50000.0,12,Lima,Interbank,QR,Pago de Tarjeta de Crédito,62.33,0,0,0.25,2024-08-01 04:34:58
5162,40,17292.15,4,Cusco,Interbank,QR,Pago de Tarjeta de Crédito,524.38,0,1,0.0,2024-04-12 04:34:58
5163,31,31244.74,0,Lima,BCP,Yape,Pago de Servicios,210.62,1,1,0.0,2024-09-02 04:34:58
5164,18,9859.39,2,Arequipa,BBVA,QR,Transferencia Mismo Banco,124.02,1,1,0.1,2024-08-06 04:34:58
5165,29,19152.6,2,Arequipa,Interbank,Banca Móvil Propia,Pago de Servicios,197.51,1,1,0.35,2023-12-22 04:34:58
5166,44,20669.21,16,Arequipa,Pichincha,Plin,Retiro sin Tarjeta,26.01,0,1,0.0,2024-08-13 04:34:58
5167,31,27900.71,4,Cusco,BCP,Web Banking,Compras Online,215.54,0,1,0.35,2024-11-01 04:34:58
5168,32,5646.4,5,Lima,BBVA,Web Banking,Retiro sin Tarjeta,656.44,0,1,0.1,2024-10-19 04:34:58
5169,46,23934.36,6,Arequipa,BCP,Tunki,Recarga de Celular,203.42,0,1,0.3,2024-03-25 04:34:58
5170,26,12396.0,7,Arequipa,BCP,Lukita,Transferencia Mismo Banco,178.78,0,1,0.2,2024-06-30 04:34:58
5171,18,25904.52,5,Lima,BBVA,Plin,Transferencia Mismo Banco,108.09,0,1,0.1,2024-05-17 04:34:58
5172,33,13119.24,1,Lima,BBVA,Plin,Pago de Servicios,438.24,0,0,0.3,2024-11-19 04:34:58
5173,29,14360.82,10,Cusco,BCP,Yape,Pago de Servicios,508.27,0,1,0.35,2024-07-13 04:34:58
5174,23,19210.0,6,Otros,BCP,Plin,Compras Online,96.36,1,1,0.15,2024-01-31 04:34:58
5175,32,13014.71,6,Lima,Scotiabank,Tunki,Retiro sin Tarjeta,212.44,0,1,0.25,2024-07-31 04:34:58
5176,40,17365.36,28,Arequipa,Pichincha,Plin,Compras Online,187.21,1,1,0.3,2024-05-24 04:34:58
5177,34,12128.49,8,Lima,BCP,Banca Móvil Propia,Recarga de Celular,221.8,0,1,0.3,2024-06-23 04:34:58
5178,38,8807.99,8,Trujillo,Interbank,Yape,Transferencia Interbancaria,68.53,1,1,0.1,2023-12-16 04:34:58
5179,56,36643.03,15,Cusco,BCP,Yape,Pago de Servicios,465.34,0,0,0.2,2024-11-26 04:34:58
5180,30,11521.56,0,Piura,BanBif,Plin,Transferencia Mismo Banco,261.18,0,1,0.2,2024-08-21 04:34:58
5181,38,20143.96,3,Lima,Interbank,Tunki,Pago de Tarjeta de Crédito,493.94,1,1,0.1,2024-09-15 04:34:58
5182,28,32094.68,4,Piura,Scotiabank,Plin,Pago de Servicios,48.65,0,1,0.0,2024-10-08 04:34:58
5183,24,16196.14,1,Lima,BCP,Yape,Compras Online,51.59,0,0,0.25,2024-04-30 04:34:58
5184,27,14580.16,9,Cusco,BBVA,Plin,Pago de Préstamos,1163.74,1,0,0.45,2024-07-22 04:34:58
5185,29,24664.47,7,Arequipa,BBVA,Plin,Recarga de Celular,467.37,1,0,0.35,2024-09-09 04:34:58
5186,39,38521.31,6,Otros,BCP,Plin,Transferencia Mismo Banco,65.69,1,1,0.1,2024-09-10 04:34:58
5187,63,12275.28,29,Lima,BCP,QR,Compras Online,353.6,0,0,0.0,2024-11-12 04:34:58
5188,26,20433.4,1,Lima,BBVA,Plin,Pago de Tarjeta de Crédito,93.15,0,1,0.0,2024-03-22 04:34:58
5189,30,9262.72,6,Trujillo,Interbank,Banca Móvil Propia,Pago de Tarjeta de Crédito,27.15,0,1,0.0,2024-05-13 04:34:58
5190,34,18095.15,4,Lima,BCP,Yape,Recarga de Celular,18.17,0,1,0.15,2024-04-30 04:34:58
5191,39,22406.41,1,Arequipa,BBVA,Plin,Transferencia Mismo Banco,145.19,0,1,0.15,2024-06-23 04:34:58
5192,38,14366.98,0,Lima,BCP,Yape,Pago de Servicios,706.84,0,1,0.15,2024-08-27 04:34:58
5193,50,17527.11,11,Cusco,BCP,QR,Recarga de Celular,679.52,0,0,0.15,2024-04-05 04:34:58
5194,18,10893.12,4,Lima,Interbank,Tunki,Retiro sin Tarjeta,523.29,1,0,0.0,2024-10-05 04:34:58
5195,18,22891.92,8,Lima,BCP,Banca Móvil Propia,Transferencia Mismo Banco,340.36,0,1,0.3,2024-04-13 04:34:58
5196,29,37341.0,3,Lima,BBVA,Banca Móvil Propia,Recarga de Celular,203.85,0,1,0.35,2024-02-23 04:34:58
5197,48,12726.33,1,Lima,BBVA,Yape,Recarga de Celular,469.64,0,1,0.1,2023-12-19 04:34:58
5198,18,16133.68,2,Lima,Interbank,Web Banking,Compras Online,19.87,0,1,0.15,2024-04-21 04:34:58
5199,18,28318.57,2,Lima,BBVA,Plin,Transferencia Interbancaria,399.33,0,1,0.1,2024-04-26 04:34:58
5200,41,40378.2,18,Lima,Pichincha,Yape,Transferencia Interbancaria,48.38,0,1,0.15,2024-04-24 04:34:58
5201,37,10440.05,0,Arequipa,BBVA,Plin,Pago de Tarjeta de Crédito,59.58,0,1,0.0,2024-09-12 04:34:58
5202,21,20243.88,21,Lima,Interbank,Plin,Pago de Servicios,297.63,0,1,0.0,2024-02-20 04:34:58
5203,23,25376.16,19,Lima,BCP,Yape,Retiro sin Tarjeta,375.68,0,0,0.15,2024-07-30 04:34:58
5204,23,20930.69,27,Lima,BBVA,Banca Móvil Propia,Retiro sin Tarjeta,80.66,0,1,0.0,2024-10-25 04:34:58
5205,36,6384.34,3,Trujillo,BBVA,Plin,Recarga de Celular,283.21,1,1,0.0,2024-08-22 04:34:58
5206,27,28297.96,16,Arequipa,BCP,Banca Móvil Propia,Recarga de Celular,260.59,0,1,0.2,2024-01-01 04:34:58
5207,40,47083.04,2,Lima,BBVA,Yape,Pago de Préstamos,108.78,1,1,0.1,2024-11-11 04:34:58
5208,18,23349.5,0,Lima,BCP,Web Banking,Pago de Tarjeta de Crédito,173.1,0,1,0.15,2024-11-10 04:34:58
5209,24,13153.55,1,Lima,BCP,Yape,Recarga de Celular,1189.02,0,1,0.2,2024-10-17 04:34:58
5210,21,17042.0,14,Lima,BCP,Banca Móvil Propia,Transferencia Mismo Banco,111.99,0,1,0.1,2024-07-11 04:34:58
5211,31,50000.0,0,Lima,Interbank,Lukita,Pago de Servicios,115.92,1,1,0.0,2024-10-16 04:34:58
5212,28,34716.88,3,Trujillo,Scotiabank,Yape,Pago de Servicios,172.43,0,1,0.1,2024-03-08 04:34:58
5213,44,30333.66,0,Lima,BCP,Yape,Transferencia Interbancaria,123.6,0,1,0.15,2024-05-18 04:34:58
5214,18,26323.21,1,Lima,BBVA,Plin,Pago de Tarjeta de Crédito,327.18,0,1,0.35,2024-08-04 04:34:58
5215,35,15826.35,0,Lima,BCP,Yape,Recarga de Celular,645.0,0,0,0.15,2024-07-05 04:34:58
5216,41,19924.68,9,Trujillo,BCP,Yape,Recarga de Celular,115.97,0,1,0.15,2023-12-21 04:34:58
5217,57,21184.79,4,Lima,Scotiabank,Banca Móvil Propia,Transferencia Mismo Banco,63.01,0,1,0.35,2024-05-26 04:34:58
5218,29,28992.35,11,Lima,Interbank,Tunki,Recarga de Celular,1069.46,0,0,0.15,2024-09-04 04:34:58
5219,38,46838.44,5,Cusco,BCP,Plin,Compras Online,167.3,1,1,0.0,2024-04-26 04:34:58
5220,18,38529.1,17,Otros,BCP,Yape,Recarga de Celular,26.99,0,0,0.15,2023-12-28 04:34:58
5221,18,10832.52,3,Lima,Scotiabank,QR,Compras Online,955.54,1,1,0.1,2024-04-21 04:34:58
5222,45,24636.82,5,Arequipa,BCP,Yape,Pago de Servicios,457.69,1,1,0.2,2024-04-09 04:34:58
5223,34,31836.91,4,Cusco,BCP,Yape,Pago de Préstamos,736.08,0,0,0.3,2024-02-17 04:34:58
5224,49,30014.33,3,Arequipa,Interbank,Yape,Recarga de Celular,622.81,0,1,0.15,2024-02-08 04:34:58
5225,18,16080.83,9,Cusco,BBVA,Yape,Pago de Tarjeta de Crédito,2090.14,0,1,0.35,2024-07-05 04:34:58
5226,41,50000.0,5,Trujillo,BBVA,Banca Móvil Propia,Compras Online,52.62,0,1,0.15,2024-04-17 04:34:58
5227,57,11631.33,8,Trujillo,Scotiabank,Banca Móvil Propia,Transferencia Mismo Banco,66.98,1,1,0.15,2024-06-12 04:34:58
5228,40,12815.44,7,Lima,BCP,Banca Móvil Propia,Transferencia Mismo Banco,90.72,1,1,0.2,2024-09-26 04:34:58
5229,38,24755.37,1,Lima,Interbank,Banca Móvil Propia,Retiro sin Tarjeta,88.16,1,0,0.15,2023-12-18 04:34:58
5230,35,50000.0,5,Lima,BCP,Web Banking,Retiro sin Tarjeta,167.83,0,1,0.15,2024-07-01 04:34:58
5231,18,14499.98,1,Cusco,Interbank,Banca Móvil Propia,Transferencia Interbancaria,90.93,0,0,0.0,2024-07-13 04:34:58
5232,51,19285.06,4,Trujillo,Scotiabank,Tunki,Transferencia Mismo Banco,45.17,1,0,0.1,2024-11-05 04:34:58
5233,27,37746.45,5,Lima,BBVA,Plin,Pago de Tarjeta de Crédito,61.9,0,1,0.2,2023-12-29 04:34:58
5234,41,21830.62,29,Lima,Interbank,Yape,Transferencia Mismo Banco,110.64,1,1,0.0,2024-09-09 04:34:58
5235,18,18633.16,0,Arequipa,Scotiabank,Banca Móvil Propia,Pago de Tarjeta de Crédito,466.05,0,0,0.2,2024-06-07 04:34:58
5236,20,29226.07,0,Lima,BCP,Yape,Pago de Tarjeta de Crédito,83.49,0,1,0.15,2024-06-12 04:34:58
5237,52,25241.86,0,Piura,Interbank,Banca Móvil Propia,Pago de Servicios,333.61,0,1,0.0,2024-05-01 04:34:58
5238,30,36872.43,2,Arequipa,BanBif,Plin,Compras Online,39.6,0,1,0.1,2024-02-15 04:34:58
5239,52,42013.0,8,Lima,BBVA,Lukita,Retiro sin Tarjeta,6.06,0,1,0.1,2024-05-28 04:34:58
5240,34,25680.87,9,Lima,BCP,Web Banking,Pago de Tarjeta de Crédito,129.91,1,0,0.0,2024-02-28 04:34:58
5241,18,25485.54,6,Cusco,BCP,Yape,Pago de Préstamos,80.64,0,1,0.2,2024-07-19 04:34:58
5242,45,24515.37,11,Piura,BCP,Lukita,Transferencia Interbancaria,61.45,0,0,0.0,2023-12-30 04:34:58
5243,27,28129.25,1,Lima,BCP,QR,Compras Online,54.66,0,1,0.2,2024-06-20 04:34:58
5244,43,22642.53,0,Arequipa,BBVA,Web Banking,Pago de Servicios,73.15,0,0,0.25,2023-12-14 04:34:58
5245,35,22019.77,0,Arequipa,BCP,Yape,Pago de Tarjeta de Crédito,55.29,1,0,0.1,2024-10-02 04:34:58
5246,18,40067.21,9,Arequipa,BCP,Banca Móvil Propia,Pago de Préstamos,60.54,0,0,0.0,2024-02-28 04:34:58
5247,36,47007.3,6,Cusco,BBVA,Plin,Pago de Préstamos,38.14,0,1,0.15,2024-11-16 04:34:58
5248,61,10365.35,5,Piura,BBVA,Banca Móvil Propia,Compras Online,17.65,0,1,0.2,2024-07-24 04:34:58
5249,40,22137.11,2,Lima,BBVA,Banca Móvil Propia,Pago de Servicios,16.29,0,1,0.1,2024-06-10 04:34:58
5250,34,15609.78,2,Lima,Interbank,Lukita,Retiro sin Tarjeta,1739.04,1,0,0.3,2024-07-12 04:34:58
5251,47,18854.64,15,Lima,BCP,Yape,Pago de Servicios,139.32,0,0,0.25,2024-11-07 04:34:58
5252,37,26937.05,0,Piura,BCP,Lukita,Retiro sin Tarjeta,681.67,0,1,0.25,2024-02-20 04:34:58
5253,37,30783.04,7,Lima,BCP,Plin,Transferencia Mismo Banco,124.26,0,1,0.0,2024-08-06 04:34:58
5254,21,20825.57,1,Otros,BBVA,Plin,Transferencia Mismo Banco,128.47,0,1,0.0,2024-09-05 04:34:58
5255,37,8461.91,0,Trujillo,BCP,Plin,Retiro sin Tarjeta,201.68,0,0,0.35,2024-09-04 04:34:58
5256,47,13595.27,6,Lima,Interbank,QR,Pago de Tarjeta de Crédito,281.48,0,1,0.35,2024-11-04 04:34:58
5257,24,34483.97,2,Arequipa,BCP,Web Banking,Compras Online,42.66,0,1,0.0,2024-05-05 04:34:58
5258,52,5595.89,6,Lima,BanBif,Lukita,Compras Online,101.52,0,1,0.1,2024-07-10 04:34:58
5259,33,39883.32,6,Lima,BBVA,Yape,Recarga de Celular,201.3,1,1,0.35,2024-03-12 04:34:58
5260,24,28584.36,3,Lima,BBVA,Yape,Recarga de Celular,21.47,0,1,0.15,2024-11-02 04:34:58
5261,46,42535.23,7,Trujillo,Scotiabank,Yape,Transferencia Interbancaria,543.12,0,0,0.2,2024-05-18 04:34:58
5262,31,19944.63,4,Otros,Interbank,Yape,Recarga de Celular,429.56,0,1,0.1,2024-06-22 04:34:58
5263,44,7858.08,1,Lima,Interbank,Plin,Transferencia Interbancaria,18.14,0,0,0.15,2024-11-30 04:34:58
5264,31,27314.73,6,Lima,BanBif,Plin,Pago de Préstamos,61.62,0,1,0.0,2024-11-11 04:34:58
5265,34,41661.24,4,Lima,BBVA,Yape,Retiro sin Tarjeta,164.82,0,1,0.1,2024-12-05 04:34:58
5266,40,34974.02,0,Cusco,Scotiabank,QR,Pago de Tarjeta de Crédito,344.41,0,0,0.15,2024-03-09 04:34:58
5267,38,15814.05,11,Lima,BBVA,Banca Móvil Propia,Compras Online,682.75,0,1,0.0,2024-05-09 04:34:58
5268,18,23003.01,3,Lima,Scotiabank,QR,Retiro sin Tarjeta,78.47,0,1,0.15,2024-05-30 04:34:58
5269,21,16874.89,10,Piura,BCP,Yape,Retiro sin Tarjeta,1537.9,0,1,0.4,2024-09-09 04:34:58
5270,46,14623.23,10,Lima,BCP,Plin,Transferencia Interbancaria,141.35,1,0,0.55,2024-08-09 04:34:58
5271,33,35514.43,2,Cusco,Interbank,Plin,Pago de Servicios,118.61,0,1,0.25,2024-09-25 04:34:58
5272,28,12103.31,3,Trujillo,BCP,Plin,Transferencia Interbancaria,260.27,1,0,0.15,2024-08-02 04:34:58
5273,18,14088.19,2,Lima,BCP,Banca Móvil Propia,Compras Online,202.51,0,1,0.15,2024-07-15 04:34:58
5274,22,12682.61,2,Trujillo,BCP,Plin,Pago de Tarjeta de Crédito,191.5,0,1,0.15,2024-05-14 04:34:58
5275,18,10455.42,11,Lima,Interbank,QR,Pago de Préstamos,1092.43,1,1,0.55,2024-11-23 04:34:58
5276,33,23699.45,7,Lima,Scotiabank,Web Banking,Pago de Tarjeta de Crédito,190.07,1,1,0.3,2024-09-27 04:34:58
5277,27,39369.69,0,Lima,Interbank,Tunki,Pago de Préstamos,55.46,0,1,0.0,2024-05-16 04:34:58
5278,23,20081.65,4,Trujillo,Scotiabank,Plin,Pago de Servicios,64.09,1,1,0.15,2023-12-26 04:34:58
5279,34,10374.71,27,Lima,BBVA,QR,Compras Online,647.18,0,1,0.1,2024-07-03 04:34:58
5280,39,33522.5,4,Lima,BCP,Banca Móvil Propia,Transferencia Mismo Banco,294.07,0,0,0.1,2024-05-21 04:34:58
5281,60,50000.0,7,Piura,BCP,Banca Móvil Propia,Transferencia Mismo Banco,31.3,0,1,0.1,2024-02-13 04:34:58
5282,18,15944.65,7,Lima,BBVA,Banca Móvil Propia,Pago de Servicios,29.8,1,1,0.0,2024-08-14 04:34:58
5283,48,17339.16,2,Lima,BCP,Yape,Compras Online,152.18,0,1,0.25,2024-02-13 04:34:58
5284,46,28504.87,2,Lima,BCP,Yape,Compras Online,274.92,0,1,0.0,2024-07-08 04:34:58
5285,25,49559.88,6,Piura,BBVA,Plin,Pago de Préstamos,75.34,0,1,0.25,2023-12-24 04:34:58
5286,37,16984.95,3,Piura,Interbank,Yape,Pago de Tarjeta de Crédito,27.66,1,1,0.2,2024-11-05 04:34:58
5287,29,11313.76,4,Cusco,BBVA,Plin,Pago de Préstamos,48.17,0,0,0.1,2024-05-03 04:34:58
5288,37,30203.39,6,Arequipa,Scotiabank,Yape,Pago de Servicios,769.51,0,1,0.15,2024-02-01 04:34:58
5289,53,32844.32,7,Lima,Interbank,QR,Pago de Préstamos,243.95,0,1,0.15,2024-03-25 04:34:58
5290,42,22094.1,1,Lima,Interbank,Banca Móvil Propia,Recarga de Celular,403.46,0,0,0.2,2024-05-16 04:34:58
5291,41,16662.79,0,Piura,Pichincha,Plin,Pago de Servicios,475.8,0,0,0.15,2024-10-17 04:34:58
5292,29,36213.58,1,Lima,BCP,Yape,Pago de Servicios,79.36,0,0,0.15,2024-01-03 04:34:58
5293,18,28681.8,3,Lima,Interbank,Banca Móvil Propia,Retiro sin Tarjeta,102.2,0,1,0.15,2024-02-14 04:34:58
5294,32,14999.65,2,Trujillo,Scotiabank,Yape,Compras Online,125.46,0,1,0.35,2024-01-10 04:34:58
5295,49,22573.85,4,Arequipa,BBVA,Banca Móvil Propia,Compras Online,225.13,1,1,0.2,2024-11-29 04:34:58
5296,18,11205.35,0,Lima,Scotiabank,QR,Transferencia Interbancaria,441.2,1,0,0.35,2024-09-27 04:34:58
5297,22,31037.31,3,Lima,BBVA,Banca Móvil Propia,Pago de Servicios,962.83,0,0,0.4,2024-10-29 04:34:58
5298,36,19319.75,2,Trujillo,BBVA,Yape,Compras Online,335.06,1,1,0.0,2024-10-17 04:34:58
5299,23,17714.6,3,Cusco,BCP,Banca Móvil Propia,Retiro sin Tarjeta,337.51,1,1,0.0,2024-09-18 04:34:58
5300,25,21667.37,2,Lima,Pichincha,Plin,Pago de Servicios,1019.05,0,0,0.1,2024-09-26 04:34:58
5301,29,22474.89,1,Cusco,Scotiabank,Plin,Compras Online,120.9,0,0,0.15,2024-09-14 04:34:58
5302,18,34456.92,11,Lima,Scotiabank,Tunki,Recarga de Celular,487.36,0,1,0.2,2024-09-06 04:34:58
5303,23,29600.46,1,Lima,Interbank,Web Banking,Pago de Servicios,264.62,0,1,0.0,2024-09-04 04:34:58
5304,43,20369.53,5,Otros,BCP,Yape,Pago de Servicios,274.5,0,1,0.2,2023-12-21 04:34:58
5305,19,32268.09,12,Cusco,BCP,QR,Retiro sin Tarjeta,119.76,0,1,0.1,2024-06-24 04:34:58
5306,18,26913.11,3,Lima,Scotiabank,Yape,Pago de Servicios,36.81,0,0,0.15,2024-08-18 04:34:58
5307,27,17795.49,10,Otros,BBVA,Yape,Retiro sin Tarjeta,209.52,0,1,0.35,2024-04-10 04:34:58
5308,43,20694.87,0,Lima,BCP,Banca Móvil Propia,Pago de Préstamos,210.42,0,1,0.3,2024-07-16 04:34:58
5309,32,20453.08,3,Lima,BBVA,Plin,Compras Online,83.48,0,1,0.1,2024-05-28 04:34:58
5310,29,28357.04,3,Lima,BBVA,Plin,Transferencia Interbancaria,134.73,0,0,0.3,2024-01-04 04:34:58
5311,35,18333.56,0,Arequipa,Interbank,Yape,Retiro sin Tarjeta,61.44,0,1,0.15,2024-05-26 04:34:58
5312,18,18120.43,2,Lima,BBVA,Plin,Pago de Tarjeta de Crédito,61.97,1,1,0.0,2024-01-16 04:34:58
5313,40,50000.0,2,Arequipa,Interbank,Plin,Compras Online,91.75,0,1,0.1,2024-01-31 04:34:58
5314,39,35237.56,5,Piura,Scotiabank,Lukita,Pago de Préstamos,39.31,0,1,0.25,2024-05-26 04:34:58
5315,30,15058.53,13,Trujillo,BCP,Banca Móvil Propia,Transferencia Interbancaria,82.81,0,1,0.0,2024-09-19 04:34:58
5316,47,29303.74,0,Piura,BCP,Web Banking,Pago de Tarjeta de Crédito,303.0,0,1,0.0,2024-03-31 04:34:58
5317,21,23369.22,1,Lima,BBVA,Banca Móvil Propia,Pago de Servicios,636.58,0,1,0.15,2024-07-07 04:34:58
5318,48,26789.78,2,Arequipa,Pichincha,Banca Móvil Propia,Compras Online,1182.56,1,1,0.2,2024-08-29 04:34:58
5319,36,23592.18,3,Lima,BBVA,Banca Móvil Propia,Transferencia Interbancaria,99.47,1,0,0.15,2023-12-27 04:34:58
5320,30,39927.53,7,Trujillo,BBVA,QR,Transferencia Mismo Banco,492.8,1,1,0.0,2024-02-01 04:34:58
5321,34,26181.55,2,Lima,Interbank,Plin,Pago de Tarjeta de Crédito,207.72,0,1,0.0,2024-04-03 04:34:58
5322,33,21353.17,0,Lima,BBVA,Plin,Transferencia Mismo Banco,117.06,0,1,0.0,2024-11-04 04:34:58
5323,49,37089.73,6,Lima,Pichincha,Lukita,Retiro sin Tarjeta,221.89,0,0,0.15,2023-12-09 04:34:58
5324,22,24751.53,10,Trujillo,Scotiabank,Plin,Recarga de Celular,446.81,1,1,0.2,2024-01-29 04:34:58
5325,25,23405.8,3,Lima,BBVA,QR,Pago de Servicios,90.17,1,1,0.1,2024-01-08 04:34:58
5326,47,25771.16,4,Lima,Interbank,Banca Móvil Propia,Pago de Préstamos,88.12,0,1,0.25,2024-09-10 04:34:58
5327,27,21019.28,0,Lima,BCP,Yape,Pago de Tarjeta de Crédito,98.52,0,1,0.2,2024-05-13 04:34:58
5328,45,22128.32,1,Lima,Interbank,QR,Pago de Préstamos,79.3,0,0,0.35,2024-05-01 04:34:58
5329,55,16426.53,1,Lima,Interbank,Plin,Compras Online,492.2,1,1,0.2,2024-03-12 04:34:58
5330,30,15129.72,2,Lima,BBVA,Web Banking,Transferencia Mismo Banco,69.14,0,1,0.0,2024-07-22 04:34:58
5331,43,13369.28,13,Lima,BCP,Web Banking,Compras Online,82.47,0,1,0.1,2024-08-15 04:34:58
5332,21,10981.95,3,Cusco,BanBif,Banca Móvil Propia,Recarga de Celular,202.59,0,1,0.0,2024-04-25 04:34:58
5333,44,14187.85,1,Trujillo,BBVA,Yape,Retiro sin Tarjeta,186.85,0,1,0.25,2024-09-08 04:34:58
5334,37,20188.46,1,Lima,Interbank,Plin,Transferencia Interbancaria,98.51,0,0,0.15,2024-08-19 04:34:58
5335,40,23191.91,2,Arequipa,BCP,Plin,Pago de Servicios,799.21,1,0,0.2,2024-06-18 04:34:58
5336,27,19232.4,4,Trujillo,BBVA,QR,Pago de Tarjeta de Crédito,78.99,0,0,0.15,2024-03-31 04:34:58
5337,18,6782.82,2,Arequipa,Scotiabank,Yape,Transferencia Interbancaria,125.08,0,1,0.0,2024-04-01 04:34:58
5338,41,48401.84,2,Lima,BBVA,Yape,Pago de Servicios,21.61,0,1,0.0,2024-01-05 04:34:58
5339,18,37920.23,4,Lima,Interbank,Yape,Transferencia Mismo Banco,109.4,0,1,0.15,2024-08-19 04:34:58
5340,31,27525.82,1,Lima,BCP,Plin,Compras Online,39.53,0,0,0.0,2024-02-27 04:34:58
5341,46,50000.0,0,Lima,BBVA,QR,Recarga de Celular,59.37,1,1,0.1,2024-10-10 04:34:58
5342,37,13511.79,0,Lima,BanBif,Yape,Retiro sin Tarjeta,20.99,0,0,0.0,2024-06-20 04:34:58
5343,58,50000.0,1,Cusco,BBVA,Plin,Compras Online,60.79,0,1,0.25,2024-03-22 04:34:58
5344,47,13594.12,0,Lima,BanBif,Banca Móvil Propia,Pago de Servicios,137.68,0,0,0.2,2024-08-19 04:34:58
5345,27,24819.1,2,Cusco,BanBif,QR,Transferencia Mismo Banco,116.26,1,1,0.1,2024-04-27 04:34:58
5346,35,11650.23,7,Lima,BanBif,QR,Pago de Tarjeta de Crédito,98.03,0,1,0.25,2024-02-07 04:34:58
5347,34,22188.89,6,Arequipa,Scotiabank,QR,Retiro sin Tarjeta,107.24,1,1,0.0,2024-07-27 04:34:58
5348,18,26717.75,4,Arequipa,BCP,Yape,Pago de Servicios,89.57,0,0,0.0,2024-02-17 04:34:58
5349,23,20387.04,9,Piura,BanBif,Plin,Pago de Préstamos,143.37,1,1,0.1,2024-09-12 04:34:58
5350,28,31474.68,1,Arequipa,BCP,Web Banking,Transferencia Mismo Banco,132.92,0,1,0.0,2024-07-22 04:34:58
5351,18,23144.38,10,Trujillo,BCP,Web Banking,Retiro sin Tarjeta,195.39,0,0,0.35,2024-08-25 04:34:58
5352,35,16963.05,2,Piura,BCP,Banca Móvil Propia,Transferencia Interbancaria,121.39,1,1,0.3,2024-04-27 04:34:58
5353,32,16590.63,2,Lima,BCP,Banca Móvil Propia,Compras Online,96.19,0,0,0.1,2024-08-22 04:34:58
5354,18,33039.43,2,Arequipa,Interbank,Web Banking,Pago de Préstamos,323.18,0,0,0.0,2024-09-16 04:34:58
5355,39,15884.98,0,Lima,BBVA,Plin,Recarga de Celular,271.2,0,1,0.25,2024-05-26 04:34:58
5356,43,34811.44,18,Cusco,BCP,Yape,Recarga de Celular,143.68,0,1,0.15,2024-02-24 04:34:58
5357,37,40593.2,0,Lima,BBVA,Banca Móvil Propia,Pago de Tarjeta de Crédito,490.34,0,0,0.25,2024-10-29 04:34:58
5358,31,9562.87,2,Arequipa,BBVA,Web Banking,Pago de Préstamos,161.2,1,1,0.0,2024-08-17 04:34:58
5359,42,38811.16,1,Arequipa,Scotiabank,Banca Móvil Propia,Pago de Préstamos,126.32,1,0,0.0,2024-01-06 04:34:58
5360,43,50000.0,0,Lima,BCP,Lukita,Pago de Tarjeta de Crédito,138.57,0,1,0.15,2024-01-29 04:34:58
5361,38,24984.27,0,Lima,BCP,Plin,Transferencia Interbancaria,175.06,1,1,0.3,2024-10-08 04:34:58
5362,25,29719.01,0,Lima,BCP,Yape,Compras Online,59.31,1,0,0.1,2024-01-20 04:34:58
5363,38,36993.69,1,Trujillo,BCP,Yape,Compras Online,22.79,0,1,0.25,2024-01-20 04:34:58
5364,49,19192.19,10,Trujillo,BBVA,Web Banking,Recarga de Celular,196.66,0,1,0.3,2024-04-07 04:34:58
5365,27,24128.29,2,Cusco,BBVA,Tunki,Recarga de Celular,341.74,0,0,0.3,2024-06-10 04:34:58
5366,60,11417.47,0,Lima,BCP,Yape,Pago de Servicios,54.55,0,1,0.1,2024-04-16 04:34:58
5367,28,23607.45,5,Arequipa,BBVA,Web Banking,Transferencia Mismo Banco,434.01,0,0,0.15,2024-07-01 04:34:58
5368,35,28255.86,28,Trujillo,BBVA,Tunki,Transferencia Interbancaria,28.6,1,1,0.15,2024-10-19 04:34:58
5369,26,28512.03,1,Lima,Pichincha,QR,Pago de Tarjeta de Crédito,84.88,0,1,0.15,2024-07-01 04:34:58
5370,37,37523.11,1,Cusco,BCP,Plin,Transferencia Mismo Banco,817.31,0,1,0.15,2024-10-26 04:34:58
5371,18,14951.98,17,Arequipa,Scotiabank,Yape,Compras Online,211.86,1,0,0.3,2024-07-27 04:34:58
5372,28,16876.82,0,Lima,Interbank,Banca Móvil Propia,Compras Online,109.68,0,1,0.1,2024-05-31 04:34:58
5373,21,50000.0,3,Lima,BCP,Web Banking,Recarga de Celular,191.0,0,1,0.1,2024-05-14 04:34:58
5374,36,20431.56,1,Cusco,Pichincha,Yape,Transferencia Mismo Banco,490.95,0,0,0.15,2024-09-12 04:34:58
5375,46,24343.42,13,Lima,Scotiabank,QR,Retiro sin Tarjeta,34.98,0,1,0.1,2023-12-08 04:34:58
5376,42,21300.69,19,Lima,Interbank,Plin,Transferencia Interbancaria,554.39,0,1,0.3,2024-02-29 04:34:58
5377,18,14605.59,8,Cusco,BBVA,Plin,Transferencia Interbancaria,90.92,0,1,0.1,2024-09-30 04:34:58
5378,59,49600.92,1,Arequipa,BBVA,Plin,Pago de Préstamos,301.38,1,1,0.0,2024-11-08 04:34:58
5379,38,16918.27,2,Trujillo,BCP,QR,Pago de Préstamos,80.3,1,1,0.15,2024-11-23 04:34:58
5380,25,12535.97,1,Piura,BCP,Plin,Compras Online,799.29,1,1,0.2,2024-10-25 04:34:58
5381,36,17581.98,11,Lima,Scotiabank,Tunki,Transferencia Interbancaria,143.86,0,1,0.2,2024-06-19 04:34:58
5382,37,8096.17,12,Arequipa,Scotiabank,QR,Pago de Servicios,39.3,1,1,0.0,2024-07-15 04:34:58
5383,26,15904.48,2,Lima,BCP,Yape,Transferencia Mismo Banco,237.48,0,1,0.15,2023-12-27 04:34:58
5384,37,13574.33,5,Arequipa,Scotiabank,Yape,Transferencia Mismo Banco,545.24,1,1,0.0,2024-09-02 04:34:58
5385,27,29992.85,0,Lima,Interbank,Yape,Compras Online,487.0,0,0,0.1,2024-01-28 04:34:58
5386,30,15729.49,2,Lima,BCP,Banca Móvil Propia,Pago de Tarjeta de Crédito,162.96,0,1,0.15,2024-06-09 04:34:58
5387,26,34334.36,4,Lima,BBVA,Banca Móvil Propia,Pago de Servicios,334.31,0,1,0.0,2024-06-09 04:34:58
5388,18,44322.25,2,Lima,BBVA,QR,Transferencia Interbancaria,97.36,0,1,0.0,2023-12-30 04:34:58
5389,36,32551.79,2,Lima,Scotiabank,Tunki,Pago de Servicios,268.01,0,0,0.35,2024-08-09 04:34:58
5390,42,19777.61,0,Piura,Scotiabank,Plin,Pago de Servicios,213.32,1,0,0.1,2024-11-01 04:34:58
5391,41,23636.73,8,Trujillo,BCP,Lukita,Recarga de Celular,8.2,0,1,0.15,2024-11-12 04:34:58
5392,44,10275.4,11,Piura,BBVA,Plin,Transferencia Interbancaria,54.57,0,1,0.0,2024-09-06 04:34:58
5393,38,20601.32,17,Cusco,Scotiabank,Web Banking,Pago de Tarjeta de Crédito,182.7,1,1,0.2,2024-02-23 04:34:58
5394,28,14325.28,6,Lima,Scotiabank,Plin,Retiro sin Tarjeta,175.04,0,1,0.0,2024-11-17 04:34:58
5395,45,31168.5,3,Lima,BCP,Yape,Pago de Tarjeta de Crédito,144.16,0,1,0.1,2024-04-22 04:34:58
5396,18,50000.0,1,Lima,BBVA,Tunki,Recarga de Celular,162.29,0,1,0.3,2024-01-09 04:34:58
5397,24,28280.02,30,Lima,Scotiabank,Yape,Transferencia Interbancaria,496.54,0,1,0.1,2024-04-21 04:34:58
5398,23,8139.06,4,Lima,BCP,Yape,Pago de Préstamos,211.48,0,0,0.35,2024-07-05 04:34:58
5399,47,18386.74,5,Trujillo,BBVA,Tunki,Transferencia Interbancaria,14.4,0,1,0.25,2024-11-30 04:34:58
5400,46,23417.65,5,Arequipa,Scotiabank,Plin,Compras Online,1040.76,0,1,0.1,2024-03-29 04:34:58
5401,40,23009.87,9,Arequipa,BCP,Yape,Transferencia Interbancaria,22.05,0,1,0.0,2024-11-14 04:34:58
5402,47,15284.48,0,Cusco,Scotiabank,Plin,Transferencia Mismo Banco,386.89,0,0,0.25,2024-11-04 04:34:58
5403,24,24900.57,1,Cusco,BCP,Plin,Transferencia Interbancaria,31.05,0,0,0.0,2024-09-03 04:34:58
5404,39,11834.21,5,Lima,BCP,Yape,Transferencia Interbancaria,616.12,1,1,0.0,2024-05-02 04:34:58
5405,33,13732.84,11,Lima,BCP,Yape,Compras Online,112.39,0,1,0.1,2024-01-28 04:34:58
5406,45,30421.32,5,Lima,BCP,Tunki,Retiro sin Tarjeta,217.95,1,1,0.0,2024-11-27 04:34:58
5407,33,13255.51,2,Lima,BCP,Banca Móvil Propia,Transferencia Interbancaria,20.37,0,1,0.15,2024-06-30 04:34:58
5408,30,28828.1,2,Otros,Interbank,Banca Móvil Propia,Pago de Servicios,307.83,1,1,0.1,2024-01-14 04:34:58
5409,41,11106.3,6,Trujillo,BCP,Yape,Transferencia Interbancaria,225.05,0,1,0.0,2024-03-18 04:34:58
5410,45,50000.0,6,Lima,BanBif,Yape,Transferencia Interbancaria,275.15,0,0,0.2,2024-02-28 04:34:58
5411,26,14955.96,4,Otros,BBVA,Tunki,Compras Online,383.61,0,0,0.3,2024-06-23 04:34:58
5412,34,19695.92,1,Lima,BBVA,QR,Pago de Tarjeta de Crédito,177.42,0,0,0.35,2024-01-01 04:34:58
5413,22,25985.83,12,Otros,BBVA,Tunki,Transferencia Interbancaria,120.22,0,1,0.0,2024-05-07 04:34:58
5414,18,16602.77,4,Lima,Interbank,Yape,Pago de Préstamos,65.96,0,1,0.0,2024-04-24 04:34:58
5415,37,23663.83,7,Lima,BBVA,Yape,Compras Online,95.29,0,1,0.15,2024-05-16 04:34:58
5416,42,29368.51,1,Otros,BCP,QR,Transferencia Mismo Banco,495.96,0,0,0.2,2024-06-14 04:34:58
5417,38,35607.32,2,Arequipa,Scotiabank,Lukita,Recarga de Celular,64.21,0,1,0.45,2024-07-18 04:34:58
5418,18,32720.23,10,Lima,BBVA,Plin,Transferencia Mismo Banco,23.5,1,0,0.15,2024-06-08 04:34:58
5419,30,20213.27,0,Piura,BCP,Yape,Retiro sin Tarjeta,55.28,0,1,0.0,2024-02-08 04:34:58
5420,18,20469.35,3,Piura,BBVA,QR,Pago de Tarjeta de Crédito,272.07,1,0,0.1,2024-08-08 04:34:58
5421,51,50000.0,3,Piura,Interbank,Yape,Pago de Tarjeta de Crédito,109.63,1,0,0.0,2024-08-07 04:34:58
5422,21,35416.91,6,Lima,BCP,Plin,Retiro sin Tarjeta,271.64,1,1,0.0,2024-05-02 04:34:58
5423,50,13892.27,1,Arequipa,Scotiabank,Lukita,Pago de Servicios,20.08,0,1,0.25,2024-06-05 04:34:58
5424,46,23155.65,1,Cusco,Interbank,Plin,Pago de Servicios,7.52,0,1,0.15,2024-04-29 04:34:58
5425,24,18628.14,13,Lima,Interbank,Yape,Retiro sin Tarjeta,193.27,0,1,0.3,2024-06-28 04:34:58
5426,21,20585.31,4,Arequipa,BBVA,Plin,Recarga de Celular,405.33,1,0,0.15,2024-02-15 04:34:58
5427,39,11911.41,0,Lima,Pichincha,Web Banking,Compras Online,26.82,1,0,0.25,2024-01-07 04:34:58
5428,24,17926.55,1,Lima,BCP,Plin,Pago de Tarjeta de Crédito,251.15,0,1,0.1,2024-01-28 04:34:58
5429,36,50000.0,30,Lima,BBVA,Lukita,Compras Online,487.97,0,1,0.2,2024-02-07 04:34:58
5430,29,29423.18,1,Piura,BCP,Tunki,Recarga de Celular,147.76,0,0,0.0,2024-06-10 04:34:58
5431,18,6338.64,4,Lima,Interbank,Web Banking,Retiro sin Tarjeta,365.44,1,0,0.0,2024-02-22 04:34:58
5432,18,40471.84,2,Arequipa,BCP,QR,Transferencia Interbancaria,179.54,0,1,0.1,2024-10-27 04:34:58
5433,37,37979.99,10,Lima,BCP,Plin,Transferencia Mismo Banco,114.1,0,0,0.1,2024-11-28 04:34:58
5434,28,18404.63,7,Trujillo,Scotiabank,Plin,Compras Online,337.31,1,1,0.2,2024-01-05 04:34:58
5435,28,31528.01,4,Cusco,BBVA,Banca Móvil Propia,Transferencia Mismo Banco,1005.06,0,1,0.15,2024-05-19 04:34:58
5436,43,14332.72,0,Cusco,BCP,Banca Móvil Propia,Transferencia Interbancaria,84.96,0,1,0.0,2024-11-25 04:34:58
5437,49,17411.26,10,Arequipa,Interbank,Tunki,Recarga de Celular,135.95,0,1,0.3,2024-01-29 04:34:58
5438,31,46596.15,2,Lima,Interbank,QR,Transferencia Mismo Banco,55.11,0,1,0.0,2024-07-24 04:34:58
5439,30,19228.23,13,Arequipa,BCP,Yape,Transferencia Mismo Banco,173.33,0,1,0.3,2024-02-10 04:34:58
5440,41,8648.44,3,Cusco,BCP,Yape,Pago de Servicios,126.93,0,0,0.0,2024-06-08 04:34:58
5441,18,21340.21,5,Trujillo,Pichincha,Banca Móvil Propia,Pago de Préstamos,472.7,1,0,0.1,2024-09-24 04:34:58
5442,37,21177.74,0,Lima,BBVA,Plin,Compras Online,613.85,0,1,0.35,2024-07-03 04:34:58
5443,41,40102.11,6,Arequipa,BBVA,Plin,Recarga de Celular,326.35,0,1,0.45,2024-05-29 04:34:58
5444,43,22184.92,2,Lima,Scotiabank,Web Banking,Retiro sin Tarjeta,422.74,1,0,0.0,2024-03-30 04:34:58
5445,18,17840.19,2,Trujillo,BBVA,Banca Móvil Propia,Retiro sin Tarjeta,73.34,1,1,0.25,2024-11-10 04:34:58
5446,25,37142.91,0,Lima,BCP,QR,Transferencia Interbancaria,57.12,0,1,0.1,2024-11-04 04:34:58
5447,24,23397.75,0,Lima,BCP,Banca Móvil Propia,Pago de Préstamos,229.71,1,1,0.0,2024-03-31 04:34:58
5448,36,15138.38,1,Piura,BBVA,Banca Móvil Propia,Transferencia Mismo Banco,151.41,0,1,0.15,2024-11-07 04:34:58
5449,40,39241.84,1,Lima,Scotiabank,Banca Móvil Propia,Retiro sin Tarjeta,1095.74,0,1,0.2,2024-11-19 04:34:58
5450,52,24265.99,11,Trujillo,BCP,Yape,Pago de Préstamos,21.72,0,1,0.15,2024-09-01 04:34:58
5451,29,22058.71,2,Cusco,BCP,Plin,Transferencia Interbancaria,275.77,1,1,0.2,2024-10-28 04:34:58
5452,29,24075.6,6,Arequipa,Scotiabank,Plin,Pago de Préstamos,271.25,0,1,0.2,2024-05-26 04:34:58
5453,48,12895.91,0,Arequipa,BCP,Web Banking,Pago de Servicios,69.27,0,1,0.0,2024-05-11 04:34:58
5454,38,16918.67,4,Otros,Interbank,Plin,Recarga de Celular,56.4,0,0,0.15,2024-03-11 04:34:58
5455,50,22065.96,3,Lima,BCP,Yape,Transferencia Mismo Banco,105.71,0,0,0.25,2024-11-03 04:34:58
5456,38,19983.62,19,Arequipa,Interbank,Banca Móvil Propia,Pago de Préstamos,28.75,0,1,0.2,2024-08-07 04:34:58
5457,21,41614.93,9,Lima,BBVA,Banca Móvil Propia,Transferencia Mismo Banco,637.36,0,1,0.2,2024-08-10 04:34:58
5458,19,24555.79,3,Lima,BCP,Yape,Transferencia Interbancaria,2209.96,0,0,0.45,2024-03-21 04:34:58
5459,18,33774.18,7,Lima,BBVA,Yape,Compras Online,105.5,0,1,0.0,2024-11-01 04:34:58
5460,42,22130.18,1,Arequipa,Interbank,QR,Compras Online,78.31,0,1,0.35,2024-12-05 04:34:58
5461,49,37352.09,4,Trujillo,Interbank,Tunki,Transferencia Mismo Banco,40.01,0,0,0.25,2023-12-30 04:34:58
5462,57,26869.95,0,Arequipa,Interbank,Yape,Recarga de Celular,49.59,1,0,0.0,2024-05-24 04:34:58
5463,45,22174.77,2,Lima,BBVA,Tunki,Compras Online,82.32,1,1,0.0,2024-10-19 04:34:58
5464,48,21880.66,1,Lima,BBVA,Plin,Retiro sin Tarjeta,497.09,0,0,0.0,2024-05-13 04:34:58
5465,28,13667.56,6,Lima,Interbank,Plin,Transferencia Interbancaria,3615.58,1,1,0.15,2023-12-10 04:34:58
5466,21,28380.51,3,Trujillo,Interbank,Web Banking,Recarga de Celular,72.04,0,0,0.2,2024-11-28 04:34:58
5467,45,21588.1,6,Trujillo,Interbank,Plin,Compras Online,60.22,0,1,0.1,2024-05-01 04:34:58
5468,40,17137.15,3,Trujillo,BBVA,Yape,Transferencia Mismo Banco,46.16,0,1,0.0,2024-04-28 04:34:58
5469,36,38300.98,0,Arequipa,BCP,Web Banking,Retiro sin Tarjeta,232.94,1,1,0.5,2024-02-02 04:34:58
5470,39,11788.64,6,Piura,BCP,Banca Móvil Propia,Recarga de Celular,209.39,0,1,0.15,2024-09-14 04:34:58
5471,38,17832.04,8,Lima,BCP,Yape,Compras Online,164.17,0,1,0.35,2024-10-09 04:34:58
5472,50,36822.32,11,Piura,BanBif,Tunki,Retiro sin Tarjeta,95.17,0,1,0.1,2024-05-27 04:34:58
5473,50,25790.5,4,Trujillo,Scotiabank,QR,Retiro sin Tarjeta,577.79,1,1,0.15,2024-06-05 04:34:58
5474,41,21505.64,7,Lima,BBVA,Plin,Transferencia Interbancaria,318.7,0,0,0.0,2024-05-13 04:34:58
5475,45,24971.78,6,Cusco,BCP,Tunki,Pago de Préstamos,305.17,0,0,0.0,2024-06-14 04:34:58
5476,41,24093.73,0,Trujillo,BCP,Plin,Pago de Préstamos,214.91,0,1,0.2,2024-09-27 04:34:58
5477,29,10318.24,0,Arequipa,Scotiabank,Tunki,Transferencia Mismo Banco,122.81,0,0,0.15,2024-03-11 04:34:58
5478,44,18497.1,0,Trujillo,Scotiabank,Banca Móvil Propia,Pago de Servicios,72.59,0,1,0.45,2024-01-31 04:34:58
5479,18,49427.43,1,Lima,BCP,Plin,Pago de Servicios,249.61,0,1,0.35,2024-09-03 04:34:58
5480,47,15840.7,3,Lima,Scotiabank,Yape,Pago de Servicios,226.59,1,1,0.0,2024-03-15 04:34:58
5481,20,18785.67,30,Lima,BBVA,Lukita,Pago de Préstamos,261.7,0,1,0.1,2024-01-23 04:34:58
5482,38,16800.93,2,Lima,BCP,Yape,Compras Online,31.05,0,1,0.0,2024-07-17 04:34:58
5483,24,21088.69,6,Lima,Interbank,Tunki,Compras Online,208.36,0,1,0.0,2024-10-16 04:34:58
5484,41,16455.89,5,Lima,Interbank,Banca Móvil Propia,Recarga de Celular,109.0,0,1,0.0,2024-07-31 04:34:58
5485,34,28095.67,1,Lima,Scotiabank,Lukita,Pago de Servicios,61.65,1,1,0.0,2024-05-17 04:34:58
5486,18,24310.33,0,Cusco,BCP,Plin,Pago de Préstamos,307.49,0,0,0.35,2024-03-04 04:34:58
5487,40,32427.88,3,Cusco,BCP,Banca Móvil Propia,Pago de Tarjeta de Crédito,177.2,0,1,0.0,2024-04-21 04:34:58
5488,28,13023.74,6,Lima,BCP,Yape,Pago de Tarjeta de Crédito,1562.63,0,1,0.25,2024-07-27 04:34:58
5489,45,18579.79,30,Trujillo,BCP,Banca Móvil Propia,Transferencia Mismo Banco,240.92,0,1,0.1,2024-09-19 04:34:58
5490,35,19675.68,2,Piura,BBVA,Lukita,Pago de Préstamos,110.25,1,1,0.15,2024-06-10 04:34:58
5491,39,27662.24,11,Lima,BCP,QR,Compras Online,133.18,1,1,0.0,2024-12-03 04:34:58
5492,23,14814.91,2,Trujillo,BBVA,Banca Móvil Propia,Pago de Servicios,45.98,0,1,0.1,2024-03-13 04:34:58
5493,27,34815.81,5,Otros,BBVA,Plin,Pago de Préstamos,508.19,1,1,0.0,2024-07-12 04:34:58
5494,29,39863.16,4,Trujillo,Interbank,Yape,Retiro sin Tarjeta,203.36,1,1,0.2,2024-06-01 04:34:58
5495,45,13434.27,0,Lima,Interbank,Plin,Pago de Préstamos,206.88,0,1,0.15,2023-12-10 04:34:58
5496,55,17232.69,0,Lima,Interbank,Banca Móvil Propia,Pago de Tarjeta de Crédito,51.2,0,1,0.15,2024-08-04 04:34:58
5497,25,16882.52,0,Lima,BCP,Yape,Retiro sin Tarjeta,323.44,1,1,0.0,2024-05-08 04:34:58
5498,47,50000.0,2,Trujillo,BCP,Web Banking,Retiro sin Tarjeta,58.24,0,1,0.25,2024-08-10 04:34:58
5499,18,17766.14,6,Piura,BCP,QR,Pago de Préstamos,85.29,0,1,0.0,2024-07-28 04:34:58
5500,20,50000.0,0,Trujillo,BCP,Yape,Pago de Servicios,168.25,0,0,0.2,2024-09-11 04:34:58
5501,23,11692.28,4,Arequipa,BCP,Tunki,Transferencia Mismo Banco,83.02,1,1,0.0,2024-09-08 04:34:58
5502,18,13429.04,1,Lima,BCP,Banca Móvil Propia,Transferencia Mismo Banco,67.2,0,1,0.25,2024-02-29 04:34:58
5503,18,15626.1,7,Lima,Interbank,Plin,Pago de Servicios,141.16,0,0,0.2,2024-04-14 04:34:58
5504,39,14431.31,8,Lima,Pichincha,Banca Móvil Propia,Transferencia Mismo Banco,407.49,0,0,0.2,2024-07-23 04:34:58
5505,32,19265.1,7,Lima,BCP,Plin,Pago de Tarjeta de Crédito,363.24,0,1,0.25,2024-03-11 04:34:58
5506,39,15453.81,3,Lima,Scotiabank,Yape,Pago de Servicios,301.09,0,1,0.0,2024-02-09 04:34:58
5507,43,14622.68,1,Trujillo,BCP,Banca Móvil Propia,Transferencia Mismo Banco,241.35,0,1,0.0,2024-07-31 04:34:58
5508,38,39310.07,8,Arequipa,Interbank,Web Banking,Transferencia Interbancaria,92.24,0,1,0.4,2024-04-08 04:34:58
5509,42,40615.17,1,Lima,Interbank,Plin,Transferencia Interbancaria,455.26,0,1,0.0,2024-10-02 04:34:58
5510,34,35406.41,1,Cusco,BanBif,Banca Móvil Propia,Transferencia Mismo Banco,26.16,0,1,0.15,2024-02-09 04:34:58
5511,20,28623.96,1,Cusco,BCP,Yape,Retiro sin Tarjeta,229.02,1,1,0.25,2024-09-06 04:34:58
5512,47,23071.92,5,Lima,BCP,QR,Compras Online,344.22,0,1,0.0,2024-01-27 04:34:58
5513,27,17179.72,5,Lima,BCP,QR,Pago de Tarjeta de Crédito,135.6,0,1,0.1,2024-08-23 04:34:58
5514,23,13676.32,5,Trujillo,BBVA,Plin,Transferencia Interbancaria,72.08,0,0,0.0,2024-11-17 04:34:58
5515,32,26410.0,2,Arequipa,BanBif,QR,Compras Online,143.01,0,1,0.25,2024-10-21 04:34:58
5516,24,12248.82,0,Cusco,Scotiabank,Yape,Compras Online,69.57,0,1,0.2,2024-10-29 04:34:58
5517,29,13400.4,12,Lima,Interbank,Yape,Pago de Tarjeta de Crédito,248.21,0,1,0.35,2024-06-19 04:34:58
5518,39,39200.96,3,Arequipa,BBVA,Banca Móvil Propia,Pago de Préstamos,382.12,1,1,0.2,2024-02-21 04:34:58
5519,39,50000.0,2,Lima,Scotiabank,Plin,Recarga de Celular,231.99,1,1,0.0,2024-08-17 04:34:58
5520,24,26813.15,4,Trujillo,BBVA,Banca Móvil Propia,Pago de Tarjeta de Crédito,218.58,1,0,0.0,2024-07-11 04:34:58
5521,29,38300.9,1,Trujillo,BCP,Banca Móvil Propia,Pago de Servicios,317.45,0,0,0.0,2024-03-22 04:34:58
5522,47,19478.68,0,Piura,Scotiabank,Yape,Compras Online,356.34,0,1,0.15,2024-05-04 04:34:58
5523,40,11284.25,2,Cusco,BCP,Yape,Recarga de Celular,68.15,0,1,0.0,2024-08-23 04:34:58
5524,59,29914.12,1,Lima,BCP,Plin,Compras Online,31.88,0,1,0.0,2024-03-14 04:34:58
5525,49,29279.55,1,Arequipa,BCP,Yape,Transferencia Mismo Banco,195.96,0,0,0.3,2024-07-09 04:34:58
5526,48,22830.08,11,Otros,Interbank,Yape,Transferencia Mismo Banco,374.05,0,1,0.15,2024-02-16 04:34:58
5527,18,19512.53,3,Lima,Interbank,Yape,Pago de Préstamos,30.54,0,0,0.0,2024-11-04 04:34:58
5528,44,35635.77,3,Lima,BCP,Lukita,Compras Online,158.99,0,1,0.0,2024-07-02 04:34:58
5529,34,13455.37,5,Lima,Interbank,Web Banking,Retiro sin Tarjeta,458.67,1,1,0.45,2024-06-25 04:34:58
5530,28,14959.62,15,Piura,Scotiabank,Yape,Pago de Préstamos,132.1,0,0,0.0,2023-12-19 04:34:58
5531,37,13305.69,0,Lima,BanBif,Plin,Transferencia Interbancaria,679.35,0,1,0.0,2024-11-11 04:34:58
5532,46,22982.46,8,Trujillo,BBVA,Banca Móvil Propia,Compras Online,563.31,1,0,0.15,2024-08-01 04:34:58
5533,41,12785.33,4,Lima,Scotiabank,Web Banking,Pago de Tarjeta de Crédito,123.63,0,1,0.0,2024-08-02 04:34:58
5534,24,15644.57,0,Trujillo,Scotiabank,Plin,Transferencia Interbancaria,102.75,0,1,0.0,2024-04-14 04:34:58
5535,43,15477.18,1,Lima,BCP,QR,Pago de Tarjeta de Crédito,104.65,0,1,0.1,2024-02-18 04:34:58
5536,27,19335.46,3,Arequipa,BCP,Plin,Recarga de Celular,169.84,1,0,0.2,2023-12-25 04:34:58
5537,37,10470.46,5,Lima,BBVA,Web Banking,Pago de Préstamos,45.9,0,1,0.1,2023-12-09 04:34:58
5538,31,23008.12,1,Trujillo,BCP,Yape,Transferencia Interbancaria,38.15,0,0,0.15,2024-06-01 04:34:58
5539,32,41095.41,3,Arequipa,BCP,Web Banking,Transferencia Mismo Banco,15.31,1,0,0.2,2024-08-19 04:34:58
5540,44,23570.37,5,Lima,BBVA,Plin,Retiro sin Tarjeta,145.31,0,1,0.0,2024-04-04 04:34:58
5541,22,47603.45,2,Arequipa,BCP,Web Banking,Compras Online,1140.12,0,1,0.0,2024-10-08 04:34:58
5542,58,42915.96,9,Lima,BCP,Plin,Pago de Servicios,20.28,0,1,0.25,2024-07-21 04:34:58
5543,18,32495.85,10,Lima,BBVA,Banca Móvil Propia,Recarga de Celular,123.45,1,0,0.2,2024-09-14 04:34:58
5544,27,22864.55,3,Lima,Interbank,QR,Pago de Tarjeta de Crédito,119.8,1,1,0.25,2024-01-20 04:34:58
5545,39,22275.67,18,Cusco,Scotiabank,Lukita,Recarga de Celular,127.48,1,1,0.0,2024-06-18 04:34:58
5546,42,32270.21,0,Piura,BBVA,Banca Móvil Propia,Pago de Servicios,521.55,1,0,0.3,2024-05-21 04:34:58
5547,33,18109.01,0,Trujillo,BBVA,Plin,Compras Online,61.04,1,1,0.0,2024-10-15 04:34:58
5548,34,8593.31,2,Trujillo,BBVA,Lukita,Transferencia Mismo Banco,21.19,0,0,0.2,2024-02-12 04:34:58
5549,39,28169.69,4,Lima,BCP,QR,Recarga de Celular,86.98,0,1,0.0,2024-03-11 04:34:58
5550,32,12512.28,4,Piura,BCP,Yape,Transferencia Interbancaria,76.11,0,1,0.15,2024-12-04 04:34:58
5551,51,13615.03,3,Piura,Scotiabank,Banca Móvil Propia,Transferencia Interbancaria,15.94,0,0,0.1,2024-10-15 04:34:58
5552,45,22028.93,0,Trujillo,BBVA,QR,Transferencia Interbancaria,189.71,1,1,0.6,2024-01-10 04:34:58
5553,45,21003.36,0,Lima,Scotiabank,Banca Móvil Propia,Retiro sin Tarjeta,45.33,1,1,0.3,2024-03-22 04:34:58
5554,23,10872.18,9,Trujillo,Interbank,QR,Pago de Servicios,136.58,0,1,0.5,2024-07-07 04:34:58
5555,34,23926.59,10,Arequipa,BCP,QR,Transferencia Mismo Banco,103.25,0,1,0.1,2024-03-22 04:34:58
5556,31,35705.85,5,Lima,BBVA,Lukita,Transferencia Interbancaria,50.7,0,1,0.25,2024-06-16 04:34:58
5557,22,12529.35,5,Lima,BBVA,Banca Móvil Propia,Transferencia Interbancaria,361.63,0,1,0.0,2024-03-14 04:34:58
5558,39,41616.07,4,Lima,BBVA,Web Banking,Retiro sin Tarjeta,112.0,1,1,0.45,2024-11-03 04:34:58
5559,28,10096.2,1,Trujillo,BBVA,QR,Transferencia Interbancaria,156.69,0,1,0.0,2024-07-29 04:34:58
5560,42,50000.0,2,Trujillo,Pichincha,QR,Pago de Tarjeta de Crédito,266.78,1,0,0.35,2024-01-02 04:34:58
5561,22,17932.5,5,Lima,Scotiabank,Yape,Compras Online,198.05,0,1,0.0,2024-03-13 04:34:58
5562,55,23690.0,3,Cusco,BanBif,Plin,Retiro sin Tarjeta,171.57,0,0,0.15,2024-05-04 04:34:58
5563,24,8552.54,0,Otros,BCP,Tunki,Compras Online,65.09,1,1,0.1,2024-03-18 04:34:58
5564,37,21352.67,15,Lima,BCP,Banca Móvil Propia,Pago de Tarjeta de Crédito,48.8,1,0,0.0,2024-04-07 04:34:58
5565,44,24692.16,9,Lima,BCP,Yape,Compras Online,173.79,0,1,0.0,2024-07-14 04:34:58
5566,28,21097.69,1,Trujillo,BCP,Yape,Compras Online,56.72,0,1,0.0,2024-06-15 04:34:58
5567,45,16621.62,4,Trujillo,BBVA,Plin,Pago de Servicios,328.47,0,1,0.1,2024-01-23 04:34:58
5568,20,13721.48,12,Lima,Interbank,QR,Compras Online,130.38,0,1,0.1,2024-11-20 04:34:58
5569,52,38764.62,0,Cusco,BBVA,QR,Compras Online,283.9,1,0,0.1,2024-04-25 04:34:58
5570,35,22368.38,3,Lima,BanBif,Web Banking,Recarga de Celular,55.38,0,0,0.1,2024-12-04 04:34:58
5571,27,47589.92,3,Arequipa,BanBif,Plin,Transferencia Interbancaria,47.41,0,1,0.3,2024-05-24 04:34:58
5572,31,16928.58,2,Arequipa,BCP,Yape,Transferencia Interbancaria,795.42,1,1,0.3,2024-03-05 04:34:58
5573,44,17722.72,9,Trujillo,Scotiabank,Tunki,Pago de Préstamos,127.81,0,0,0.25,2024-08-27 04:34:58
5574,27,33116.84,2,Piura,BBVA,Plin,Pago de Servicios,369.89,0,1,0.0,2024-09-29 04:34:58
5575,26,9784.09,0,Piura,BBVA,Banca Móvil Propia,Recarga de Celular,36.16,0,1,0.0,2024-06-29 04:34:58
5576,32,12007.28,0,Trujillo,Scotiabank,Plin,Retiro sin Tarjeta,111.83,1,1,0.0,2024-11-27 04:34:58
5577,20,38129.46,0,Piura,BCP,Yape,Recarga de Celular,545.86,0,1,0.35,2024-05-15 04:34:58
5578,56,12259.21,2,Cusco,Scotiabank,Tunki,Transferencia Interbancaria,31.04,1,0,0.0,2023-12-24 04:34:58
5579,28,8870.39,6,Piura,Interbank,Plin,Pago de Servicios,1444.21,0,1,0.15,2024-04-08 04:34:58
5580,44,50000.0,1,Lima,Scotiabank,Yape,Pago de Tarjeta de Crédito,181.73,0,1,0.1,2024-07-14 04:34:58
5581,37,10971.88,5,Lima,Pichincha,Tunki,Transferencia Mismo Banco,65.44,0,1,0.15,2024-05-27 04:34:58
5582,23,24150.48,5,Trujillo,BBVA,Plin,Compras Online,211.02,1,1,0.0,2024-09-03 04:34:58
5583,34,22800.61,1,Arequipa,BCP,Plin,Pago de Servicios,449.95,1,1,0.2,2024-11-08 04:34:58
5584,44,5402.87,4,Cusco,BCP,Yape,Retiro sin Tarjeta,65.0,1,0,0.15,2024-03-03 04:34:58
5585,32,19270.71,5,Arequipa,BCP,Banca Móvil Propia,Compras Online,75.04,0,0,0.15,2024-07-25 04:34:58
5586,49,27562.37,3,Otros,BCP,Web Banking,Compras Online,190.4,1,1,0.2,2024-08-26 04:34:58
5587,47,26295.54,2,Lima,Scotiabank,Banca Móvil Propia,Retiro sin Tarjeta,235.81,0,1,0.15,2023-12-19 04:34:58
5588,46,34605.24,4,Arequipa,BCP,Banca Móvil Propia,Compras Online,121.7,1,1,0.0,2024-03-21 04:34:58
5589,29,18146.89,19,Arequipa,Pichincha,Web Banking,Transferencia Interbancaria,221.93,1,1,0.1,2024-08-29 04:34:58
5590,22,31453.08,2,Lima,Interbank,Plin,Pago de Préstamos,348.47,1,1,0.35,2024-03-14 04:34:58
5591,27,15604.83,2,Cusco,BCP,Yape,Pago de Servicios,176.5,0,0,0.25,2024-01-08 04:34:58
5592,37,10880.92,3,Trujillo,BBVA,Plin,Transferencia Mismo Banco,74.33,0,1,0.25,2024-02-19 04:34:58
5593,41,11511.89,0,Lima,BBVA,Plin,Pago de Servicios,145.34,1,1,0.2,2023-12-30 04:34:58
5594,18,10603.56,4,Lima,BBVA,Banca Móvil Propia,Retiro sin Tarjeta,859.4,1,1,0.2,2024-05-14 04:34:58
5595,34,36489.98,1,Arequipa,BBVA,Yape,Pago de Préstamos,207.07,0,0,0.15,2024-01-10 04:34:58
5596,36,10329.03,0,Lima,BCP,QR,Pago de Servicios,512.98,0,1,0.45,2024-01-06 04:34:58
5597,31,25261.06,3,Lima,Interbank,Yape,Transferencia Interbancaria,88.74,0,1,0.1,2024-11-04 04:34:58
5598,50,19284.13,0,Lima,BBVA,QR,Retiro sin Tarjeta,192.99,0,0,0.35,2024-04-15 04:34:58
5599,40,20924.49,2,Lima,Scotiabank,Web Banking,Pago de Servicios,328.43,0,0,0.35,2024-09-18 04:34:58
5600,50,43556.04,0,Trujillo,Scotiabank,Web Banking,Compras Online,663.65,0,1,0.15,2024-12-03 04:34:58
5601,32,17690.56,0,Lima,BCP,Lukita,Pago de Servicios,506.53,0,1,0.45,2024-01-09 04:34:58
5602,46,29905.59,8,Lima,BCP,Yape,Transferencia Interbancaria,48.46,0,1,0.0,2024-08-20 04:34:58
5603,54,22444.07,12,Lima,Interbank,Lukita,Transferencia Interbancaria,469.59,0,1,0.3,2024-06-21 04:34:58
5604,50,20414.29,1,Otros,Pichincha,Plin,Compras Online,801.11,0,1,0.0,2024-09-23 04:34:58
5605,21,50000.0,3,Lima,BBVA,QR,Compras Online,83.52,0,0,0.15,2024-03-09 04:34:58
5606,31,10714.24,1,Trujillo,BCP,Yape,Pago de Servicios,60.68,0,1,0.1,2024-03-27 04:34:58
5607,30,41963.94,3,Lima,BCP,Yape,Pago de Préstamos,144.83,0,1,0.1,2024-02-08 04:34:58
5608,40,30583.11,2,Trujillo,BCP,QR,Transferencia Mismo Banco,177.59,0,1,0.2,2024-02-27 04:34:58
5609,43,17330.75,1,Arequipa,BCP,Yape,Retiro sin Tarjeta,104.58,0,1,0.0,2024-02-16 04:34:58
5610,24,49744.7,6,Trujillo,BBVA,Plin,Pago de Servicios,45.3,0,1,0.0,2023-12-13 04:34:58
5611,35,8742.44,0,Arequipa,Interbank,Tunki,Transferencia Interbancaria,647.04,1,1,0.0,2024-07-22 04:34:58
5612,18,16968.55,0,Lima,BCP,Banca Móvil Propia,Retiro sin Tarjeta,62.81,0,1,0.15,2024-03-25 04:34:58
5613,52,12037.22,7,Piura,BCP,Banca Móvil Propia,Transferencia Interbancaria,89.4,1,1,0.35,2024-08-26 04:34:58
5614,28,27066.22,5,Lima,BBVA,Banca Móvil Propia,Compras Online,165.53,0,1,0.0,2024-10-03 04:34:58
5615,35,12625.43,3,Piura,Scotiabank,QR,Retiro sin Tarjeta,34.04,0,1,0.15,2024-11-30 04:34:58
5616,31,27351.65,3,Piura,BBVA,Yape,Pago de Servicios,31.54,1,1,0.0,2024-04-30 04:34:58
5617,48,20065.99,3,Cusco,Pichincha,Banca Móvil Propia,Pago de Tarjeta de Crédito,96.38,0,1,0.25,2024-01-06 04:34:58
5618,18,17332.23,2,Cusco,BBVA,Banca Móvil Propia,Compras Online,338.87,0,1,0.1,2023-12-20 04:34:58
5619,34,26750.91,2,Piura,BCP,Banca Móvil Propia,Pago de Tarjeta de Crédito,179.11,0,0,0.45,2024-05-28 04:34:58
5620,33,19258.14,3,Piura,BCP,Plin,Pago de Préstamos,18.93,0,1,0.1,2024-09-17 04:34:58
5621,29,12780.59,3,Lima,Interbank,Yape,Recarga de Celular,595.55,1,0,0.15,2023-12-09 04:34:58
5622,55,50000.0,5,Trujillo,BBVA,Yape,Pago de Tarjeta de Crédito,329.44,0,1,0.0,2024-04-20 04:34:58
5623,24,17264.65,6,Piura,Interbank,Yape,Recarga de Celular,179.65,0,1,0.1,2023-12-30 04:34:58
5624,44,7267.7,2,Lima,Scotiabank,Plin,Retiro sin Tarjeta,174.9,0,1,0.0,2024-02-16 04:34:58
5625,39,14457.24,2,Cusco,Interbank,Yape,Pago de Préstamos,291.03,0,1,0.35,2024-09-09 04:34:58
5626,50,11688.51,2,Lima,BCP,Plin,Pago de Préstamos,1519.78,0,1,0.35,2024-07-30 04:34:58
5627,26,33292.01,3,Lima,Scotiabank,Yape,Pago de Préstamos,358.0,1,1,0.3,2024-08-10 04:34:58
5628,26,25869.67,3,Lima,BBVA,Lukita,Transferencia Interbancaria,199.57,0,1,0.55,2024-04-16 04:34:58
5629,48,26885.88,11,Lima,BBVA,QR,Transferencia Interbancaria,43.51,0,1,0.45,2024-02-03 04:34:58
5630,40,18306.08,5,Lima,BBVA,Plin,Transferencia Interbancaria,174.95,0,1,0.2,2024-10-24 04:34:58
5631,18,19155.11,11,Trujillo,Interbank,Banca Móvil Propia,Pago de Servicios,321.6,0,1,0.4,2024-02-10 04:34:58
5632,28,18297.77,6,Trujillo,BCP,Web Banking,Retiro sin Tarjeta,132.27,0,1,0.15,2024-01-26 04:34:58
5633,39,21150.17,17,Trujillo,BBVA,Banca Móvil Propia,Pago de Servicios,87.99,0,0,0.0,2024-05-12 04:34:58
5634,45,33445.31,5,Lima,BCP,Web Banking,Recarga de Celular,258.18,0,0,0.2,2023-12-11 04:34:58
5635,26,26056.9,16,Lima,BBVA,Yape,Recarga de Celular,55.25,0,1,0.45,2024-05-07 04:34:58
5636,18,28284.14,0,Otros,BCP,QR,Transferencia Interbancaria,353.53,1,1,0.15,2024-07-03 04:34:58
5637,41,28276.31,0,Otros,BCP,Plin,Transferencia Interbancaria,96.01,1,1,0.0,2024-04-17 04:34:58
5638,20,34276.7,4,Trujillo,BCP,Yape,Retiro sin Tarjeta,17.77,0,1,0.15,2024-08-28 04:34:58
5639,18,25439.92,20,Lima,BBVA,Web Banking,Recarga de Celular,94.18,0,1,0.1,2024-04-13 04:34:58
5640,18,26355.28,2,Arequipa,Scotiabank,Web Banking,Retiro sin Tarjeta,140.17,0,1,0.0,2024-02-01 04:34:58
5641,44,39910.84,1,Lima,BCP,Yape,Recarga de Celular,257.88,0,1,0.35,2023-12-23 04:34:58
5642,36,15795.45,3,Cusco,BBVA,Web Banking,Transferencia Mismo Banco,229.76,0,1,0.1,2024-10-26 04:34:58
5643,32,14358.95,5,Trujillo,BCP,Yape,Retiro sin Tarjeta,40.84,0,1,0.15,2024-07-12 04:34:58
5644,51,12173.77,1,Arequipa,Scotiabank,Banca Móvil Propia,Transferencia Mismo Banco,167.69,1,1,0.0,2024-07-12 04:34:58
5645,42,24135.94,6,Lima,BCP,Yape,Pago de Servicios,87.01,0,0,0.0,2023-12-20 04:34:58
5646,54,8717.9,18,Cusco,BCP,Yape,Pago de Préstamos,103.52,0,1,0.4,2024-02-17 04:34:58
5647,18,27752.38,11,Piura,BCP,Banca Móvil Propia,Compras Online,54.69,1,1,0.0,2024-03-11 04:34:58
5648,34,20856.14,1,Lima,Pichincha,Plin,Compras Online,141.05,0,1,0.0,2024-04-27 04:34:58
5649,18,38844.43,1,Otros,BBVA,Yape,Recarga de Celular,3403.07,0,1,0.15,2024-03-23 04:34:58
5650,32,15741.27,2,Lima,BCP,Plin,Transferencia Mismo Banco,949.98,0,1,0.0,2024-04-10 04:34:58
5651,32,19897.33,2,Arequipa,BCP,Yape,Pago de Servicios,54.67,0,1,0.0,2024-10-11 04:34:58
5652,42,38603.63,0,Trujillo,BCP,Banca Móvil Propia,Compras Online,158.53,1,1,0.1,2024-10-30 04:34:58
5653,35,43983.41,7,Lima,BCP,Yape,Compras Online,108.42,1,0,0.15,2024-01-15 04:34:58
5654,42,15676.59,2,Trujillo,Scotiabank,QR,Retiro sin Tarjeta,171.06,0,1,0.2,2024-06-28 04:34:58
5655,43,24122.27,10,Lima,BBVA,Plin,Transferencia Mismo Banco,371.04,1,1,0.2,2024-01-27 04:34:58
5656,60,25519.79,13,Otros,Interbank,Plin,Transferencia Mismo Banco,130.41,1,0,0.0,2024-06-08 04:34:58
5657,31,26551.11,0,Cusco,BCP,Yape,Pago de Servicios,72.8,0,0,0.0,2024-05-15 04:34:58
5658,23,19316.45,22,Cusco,BBVA,Banca Móvil Propia,Pago de Préstamos,471.77,1,0,0.2,2023-12-24 04:34:58
5659,37,41801.68,6,Trujillo,BCP,Yape,Compras Online,43.21,0,0,0.15,2024-08-22 04:34:58
5660,25,8562.51,3,Otros,BCP,Plin,Transferencia Mismo Banco,179.34,1,0,0.45,2024-01-20 04:34:58
5661,52,17844.22,2,Trujillo,Interbank,Plin,Pago de Servicios,33.58,0,1,0.0,2024-10-11 04:34:58
5662,31,27555.72,3,Lima,BCP,QR,Pago de Tarjeta de Crédito,53.19,0,1,0.0,2024-11-29 04:34:58
5663,28,27684.07,1,Lima,Interbank,Yape,Compras Online,312.56,1,1,0.2,2024-01-09 04:34:58
5664,29,43320.43,4,Piura,Scotiabank,QR,Recarga de Celular,75.23,0,1,0.25,2024-05-11 04:34:58
5665,43,40099.24,0,Lima,BCP,Yape,Recarga de Celular,22.72,0,0,0.0,2024-09-07 04:34:58
5666,33,19095.9,4,Otros,Scotiabank,Yape,Recarga de Celular,72.05,1,1,0.1,2024-10-13 04:34:58
5667,27,42189.88,1,Trujillo,BCP,Yape,Transferencia Mismo Banco,64.73,0,0,0.15,2024-09-12 04:34:58
5668,54,15413.19,0,Lima,BCP,Yape,Compras Online,42.0,0,1,0.1,2023-12-11 04:34:58
5669,24,35082.01,4,Lima,Interbank,Banca Móvil Propia,Transferencia Mismo Banco,257.26,0,1,0.15,2024-05-07 04:34:58
5670,35,50000.0,4,Lima,BBVA,Web Banking,Transferencia Interbancaria,31.6,0,0,0.0,2024-07-25 04:34:58
5671,42,40435.85,2,Trujillo,BCP,Yape,Compras Online,82.44,0,0,0.0,2024-07-13 04:34:58
5672,18,23222.69,0,Lima,Scotiabank,Tunki,Transferencia Interbancaria,169.59,0,1,0.25,2024-07-04 04:34:58
5673,40,18659.5,11,Arequipa,Pichincha,Plin,Pago de Servicios,105.34,0,0,0.1,2024-02-16 04:34:58
5674,22,10256.88,4,Cusco,BCP,Yape,Compras Online,99.07,0,0,0.1,2024-07-25 04:34:58
5675,44,25726.32,0,Lima,Scotiabank,Plin,Transferencia Mismo Banco,72.05,0,0,0.0,2024-10-06 04:34:58
5676,23,12611.84,3,Lima,BBVA,QR,Pago de Servicios,43.87,0,0,0.0,2023-12-30 04:34:58
5677,43,14815.55,3,Lima,BanBif,Yape,Compras Online,78.51,0,0,0.1,2024-10-21 04:34:58
5678,48,12144.44,0,Arequipa,BCP,Banca Móvil Propia,Retiro sin Tarjeta,286.45,0,1,0.1,2024-11-26 04:34:58
5679,45,17497.33,4,Trujillo,Scotiabank,Plin,Pago de Préstamos,96.15,0,1,0.15,2024-08-29 04:34:58
5680,38,21720.58,8,Lima,BCP,Yape,Transferencia Mismo Banco,175.37,0,1,0.2,2024-08-23 04:34:58
5681,32,25255.7,6,Trujillo,Scotiabank,Tunki,Pago de Tarjeta de Crédito,453.56,1,0,0.2,2024-06-01 04:34:58
5682,28,16313.47,1,Lima,Interbank,Plin,Retiro sin Tarjeta,270.37,0,1,0.1,2024-06-27 04:34:58
5683,52,37595.58,9,Lima,BBVA,Yape,Transferencia Mismo Banco,41.42,0,1,0.0,2024-10-22 04:34:58
5684,26,19848.77,2,Piura,BCP,Yape,Recarga de Celular,232.28,1,0,0.25,2024-08-07 04:34:58
5685,22,14855.7,14,Lima,Scotiabank,Plin,Pago de Servicios,423.13,0,1,0.15,2024-04-19 04:34:58
5686,42,24665.14,0,Lima,Interbank,QR,Compras Online,82.91,0,1,0.25,2024-08-29 04:34:58
5687,25,50000.0,3,Lima,BBVA,Yape,Pago de Tarjeta de Crédito,30.4,1,1,0.0,2024-03-15 04:34:58
5688,23,26044.98,4,Arequipa,BBVA,Banca Móvil Propia,Transferencia Interbancaria,95.52,1,0,0.0,2024-03-02 04:34:58
5689,18,18371.8,1,Piura,Scotiabank,Plin,Recarga de Celular,179.12,0,1,0.0,2024-05-12 04:34:58
5690,29,10262.68,7,Lima,BCP,QR,Pago de Tarjeta de Crédito,268.38,0,0,0.3,2024-07-26 04:34:58
5691,34,19737.86,4,Lima,BCP,Plin,Transferencia Interbancaria,88.17,1,1,0.2,2024-07-29 04:34:58
5692,37,24771.87,0,Cusco,BanBif,Yape,Compras Online,19.39,1,0,0.15,2024-09-08 04:34:58
5693,46,18146.07,4,Lima,BBVA,Web Banking,Transferencia Mismo Banco,41.41,0,1,0.1,2023-12-29 04:34:58
5694,41,9578.8,3,Lima,BCP,Yape,Retiro sin Tarjeta,212.71,0,1,0.2,2024-06-26 04:34:58
5695,32,14396.17,1,Arequipa,BCP,Tunki,Retiro sin Tarjeta,1086.45,0,1,0.35,2024-08-09 04:34:58
5696,32,45582.05,27,Trujillo,Scotiabank,Banca Móvil Propia,Compras Online,145.19,0,1,0.15,2024-04-04 04:34:58
5697,41,45116.37,11,Trujillo,BCP,Yape,Compras Online,551.63,0,1,0.2,2024-01-01 04:34:58
5698,50,14138.83,1,Arequipa,Interbank,Web Banking,Pago de Tarjeta de Crédito,51.58,1,1,0.0,2024-08-27 04:34:58
5699,36,30834.16,3,Lima,Scotiabank,QR,Pago de Préstamos,77.66,1,1,0.15,2023-12-25 04:34:58
5700,29,12218.59,1,Lima,BCP,Lukita,Compras Online,14.29,1,0,0.15,2024-10-08 04:34:58
5701,23,44451.68,7,Lima,Scotiabank,Web Banking,Recarga de Celular,214.79,0,0,0.15,2023-12-21 04:34:58
5702,18,24899.87,13,Arequipa,BBVA,Tunki,Transferencia Interbancaria,60.73,1,1,0.0,2024-11-21 04:34:58
5703,42,35412.52,2,Arequipa,Interbank,Yape,Pago de Tarjeta de Crédito,270.18,0,1,0.25,2024-07-01 04:34:58
5704,41,9343.66,8,Piura,BBVA,Lukita,Pago de Servicios,89.81,0,1,0.45,2023-12-22 04:34:58
5705,41,30909.49,3,Lima,Interbank,Plin,Pago de Servicios,1120.82,0,1,0.3,2024-08-29 04:34:58
5706,33,21942.11,2,Lima,BCP,Yape,Compras Online,891.76,0,1,0.2,2024-09-01 04:34:58
5707,51,33723.98,13,Lima,BCP,Plin,Pago de Préstamos,14.83,0,0,0.15,2024-11-29 04:34:58
5708,29,34802.13,3,Cusco,BanBif,Web Banking,Pago de Servicios,268.06,0,1,0.0,2024-11-06 04:34:58
5709,46,22763.01,3,Trujillo,BCP,Yape,Transferencia Interbancaria,70.58,0,1,0.0,2024-05-02 04:34:58
5710,34,16310.84,5,Trujillo,Scotiabank,QR,Retiro sin Tarjeta,283.41,0,1,0.2,2024-01-07 04:34:58
5711,27,32527.73,1,Trujillo,BCP,Plin,Retiro sin Tarjeta,38.72,0,0,0.15,2024-01-08 04:34:58
5712,42,21373.83,1,Lima,BBVA,Yape,Recarga de Celular,627.18,0,0,0.15,2024-06-12 04:34:58
5713,39,14237.11,13,Otros,Scotiabank,QR,Pago de Préstamos,416.0,1,1,0.1,2024-11-27 04:34:58
5714,39,13903.89,5,Lima,BCP,Web Banking,Transferencia Interbancaria,36.1,1,1,0.35,2024-04-09 04:34:58
5715,35,10524.04,8,Lima,Scotiabank,Plin,Transferencia Mismo Banco,123.8,0,1,0.15,2024-11-12 04:34:58
5716,34,17066.19,1,Lima,BBVA,Plin,Pago de Préstamos,174.58,0,1,0.15,2024-12-05 04:34:58
5717,63,38228.86,3,Lima,BBVA,Plin,Transferencia Mismo Banco,304.7,0,0,0.2,2024-11-11 04:34:58
5718,49,24074.65,17,Lima,Interbank,QR,Pago de Servicios,146.65,1,1,0.15,2024-06-11 04:34:58
5719,43,16900.8,1,Arequipa,BCP,Yape,Pago de Tarjeta de Crédito,325.83,1,1,0.3,2024-06-17 04:34:58
5720,36,32939.5,0,Lima,BCP,Yape,Pago de Tarjeta de Crédito,138.27,1,0,0.2,2024-09-19 04:34:58
5721,47,14526.96,3,Lima,Interbank,Lukita,Compras Online,273.63,1,1,0.2,2024-09-29 04:34:58
5722,41,23102.02,2,Trujillo,BCP,Plin,Pago de Tarjeta de Crédito,37.79,0,1,0.25,2024-03-06 04:34:58
5723,35,20134.39,0,Lima,BCP,Yape,Retiro sin Tarjeta,144.61,0,1,0.0,2024-03-25 04:34:58
5724,31,32518.53,10,Piura,Scotiabank,QR,Retiro sin Tarjeta,468.77,0,1,0.0,2024-02-29 04:34:58
5725,34,10010.46,23,Arequipa,Scotiabank,Web Banking,Pago de Préstamos,608.56,1,1,0.15,2024-11-21 04:34:58
5726,18,14398.81,4,Lima,BBVA,QR,Transferencia Interbancaria,176.45,0,0,0.2,2024-10-27 04:34:58
5727,37,9709.67,7,Arequipa,BBVA,Plin,Compras Online,134.41,0,0,0.15,2024-02-17 04:34:58
5728,29,19345.24,9,Trujillo,Interbank,Web Banking,Transferencia Interbancaria,582.91,0,1,0.15,2024-02-09 04:34:58
5729,54,40364.81,6,Cusco,BBVA,Banca Móvil Propia,Recarga de Celular,134.17,0,0,0.0,2024-03-21 04:34:58
5730,35,17107.57,0,Lima,BBVA,Plin,Transferencia Interbancaria,466.16,0,0,0.0,2024-05-14 04:34:58
5731,20,17062.84,0,Lima,Pichincha,Banca Móvil Propia,Recarga de Celular,133.4,0,0,0.0,2024-08-16 04:34:58
5732,34,34059.43,0,Lima,BCP,Yape,Pago de Servicios,154.47,0,1,0.1,2024-07-22 04:34:58
5733,22,37581.79,0,Arequipa,BBVA,Banca Móvil Propia,Pago de Servicios,49.17,0,1,0.0,2024-05-11 04:34:58
5734,40,21072.3,1,Cusco,Scotiabank,Lukita,Retiro sin Tarjeta,42.55,1,1,0.0,2024-05-20 04:34:58
5735,38,31019.07,2,Piura,Interbank,QR,Pago de Préstamos,394.7,0,1,0.35,2024-09-04 04:34:58
5736,46,12855.44,1,Arequipa,Scotiabank,Yape,Pago de Préstamos,831.16,0,1,0.2,2024-03-02 04:34:58
5737,25,43870.05,0,Lima,BCP,Banca Móvil Propia,Pago de Préstamos,164.96,1,0,0.35,2024-06-29 04:34:58
5738,35,50000.0,3,Piura,BCP,Yape,Retiro sin Tarjeta,125.69,0,1,0.0,2024-09-12 04:34:58
5739,18,28584.16,1,Lima,Scotiabank,Web Banking,Compras Online,412.67,1,1,0.2,2024-05-22 04:34:58
5740,43,7768.51,7,Lima,BBVA,Banca Móvil Propia,Retiro sin Tarjeta,207.96,0,1,0.35,2024-06-21 04:34:58
5741,41,16661.98,0,Lima,Interbank,Yape,Transferencia Mismo Banco,13.49,0,1,0.1,2024-07-25 04:34:58
5742,40,29923.9,9,Otros,BCP,Yape,Recarga de Celular,400.88,0,1,0.3,2024-07-29 04:34:58
5743,35,17841.07,15,Lima,Scotiabank,Banca Móvil Propia,Pago de Tarjeta de Crédito,38.98,0,1,0.3,2024-03-22 04:34:58
5744,39,41610.14,6,Lima,BBVA,Tunki,Pago de Tarjeta de Crédito,146.68,1,1,0.0,2024-01-07 04:34:58
5745,54,29557.08,6,Lima,BCP,Banca Móvil Propia,Pago de Servicios,95.44,0,1,0.0,2024-08-31 04:34:58
5746,31,15471.61,13,Lima,BBVA,Plin,Recarga de Celular,78.21,0,1,0.2,2024-08-09 04:34:58
5747,36,22384.69,1,Trujillo,Interbank,Banca Móvil Propia,Compras Online,155.55,1,0,0.0,2024-05-23 04:34:58
5748,21,14088.07,26,Lima,BCP,Yape,Transferencia Mismo Banco,362.72,1,1,0.35,2024-11-20 04:34:58
5749,24,20104.67,7,Lima,Interbank,Banca Móvil Propia,Transferencia Mismo Banco,153.14,1,1,0.45,2024-07-15 04:34:58
5750,36,16692.31,6,Lima,BBVA,Web Banking,Pago de Servicios,607.83,0,1,0.2,2024-08-24 04:34:58
5751,48,39631.55,2,Lima,BCP,Banca Móvil Propia,Pago de Servicios,688.15,0,1,0.0,2024-04-18 04:34:58
5752,31,50000.0,3,Lima,Scotiabank,Yape,Retiro sin Tarjeta,681.89,0,1,0.0,2024-01-23 04:34:58
5753,32,10768.77,5,Arequipa,BCP,Web Banking,Compras Online,140.35,0,1,0.1,2024-08-21 04:34:58
5754,30,8420.23,4,Arequipa,BCP,Yape,Transferencia Mismo Banco,92.0,1,1,0.0,2024-06-05 04:34:58
5755,28,19485.26,6,Lima,BBVA,Banca Móvil Propia,Retiro sin Tarjeta,143.5,1,1,0.0,2024-08-02 04:34:58
5756,38,10309.2,0,Lima,Interbank,Banca Móvil Propia,Pago de Servicios,457.29,1,1,0.2,2024-06-13 04:34:58
5757,18,22541.33,2,Lima,BanBif,Plin,Pago de Tarjeta de Crédito,430.68,1,1,0.1,2024-05-05 04:34:58
5758,50,32031.28,2,Arequipa,BCP,Yape,Compras Online,11.08,0,0,0.2,2024-11-22 04:34:58
5759,27,46493.65,1,Lima,BBVA,Plin,Transferencia Mismo Banco,201.51,1,1,0.55,2024-03-13 04:34:58
5760,43,24359.99,0,Arequipa,BCP,QR,Transferencia Mismo Banco,13.9,0,0,0.1,2024-09-12 04:34:58
5761,19,19998.7,0,Otros,Scotiabank,QR,Transferencia Interbancaria,145.61,1,0,0.4,2024-09-27 04:34:58
5762,43,8191.13,2,Lima,BBVA,Tunki,Transferencia Mismo Banco,87.44,1,1,0.15,2024-03-12 04:34:58
5763,43,22316.75,3,Cusco,Interbank,Yape,Retiro sin Tarjeta,64.27,1,0,0.0,2024-12-04 04:34:58
5764,39,22825.73,0,Trujillo,BCP,QR,Transferencia Interbancaria,346.98,1,0,0.2,2024-02-24 04:34:58
5765,23,30317.44,14,Trujillo,Scotiabank,Tunki,Pago de Préstamos,77.69,1,0,0.0,2024-11-28 04:34:58
5766,37,15456.05,7,Lima,BBVA,Plin,Transferencia Mismo Banco,147.01,0,1,0.15,2023-12-24 04:34:58
5767,20,17720.43,6,Lima,BanBif,Tunki,Transferencia Interbancaria,58.42,0,1,0.15,2024-03-27 04:34:58
5768,31,10519.64,0,Lima,BCP,Yape,Transferencia Mismo Banco,159.77,1,0,0.0,2024-10-07 04:34:58
5769,47,7004.82,4,Lima,BBVA,Banca Móvil Propia,Recarga de Celular,387.51,0,1,0.2,2024-04-02 04:34:58
5770,44,12654.29,3,Lima,Scotiabank,Banca Móvil Propia,Pago de Tarjeta de Crédito,61.69,1,0,0.25,2024-01-28 04:34:58
5771,35,10045.07,20,Trujillo,Interbank,Tunki,Pago de Préstamos,281.44,0,1,0.2,2024-05-24 04:34:58
5772,23,26065.19,6,Otros,BCP,QR,Retiro sin Tarjeta,157.04,0,1,0.35,2024-09-06 04:34:58
5773,42,16999.39,4,Lima,Pichincha,Plin,Retiro sin Tarjeta,155.6,0,0,0.0,2024-05-10 04:34:58
5774,35,16829.38,9,Otros,BCP,Tunki,Compras Online,104.54,0,1,0.0,2024-03-02 04:34:58
5775,18,13464.25,0,Piura,BCP,Yape,Pago de Préstamos,321.63,0,1,0.2,2024-03-26 04:34:58
5776,44,4375.24,0,Lima,BBVA,Lukita,Transferencia Interbancaria,290.3,0,1,0.15,2024-03-16 04:34:58
5777,34,46824.2,5,Lima,BBVA,Yape,Recarga de Celular,129.87,0,1,0.0,2024-09-27 04:34:58
5778,49,13357.92,0,Otros,Scotiabank,Yape,Transferencia Interbancaria,181.76,0,0,0.1,2024-03-05 04:34:58
5779,21,17922.1,0,Trujillo,BBVA,Lukita,Transferencia Interbancaria,311.99,0,0,0.1,2024-03-03 04:34:58
5780,18,10641.9,6,Arequipa,BBVA,Plin,Pago de Servicios,255.07,0,1,0.2,2024-03-31 04:34:58
5781,38,35809.38,1,Lima,BBVA,Banca Móvil Propia,Compras Online,109.22,0,1,0.15,2024-01-15 04:34:58
5782,38,23664.1,4,Arequipa,BBVA,Web Banking,Transferencia Interbancaria,476.14,0,1,0.35,2024-03-24 04:34:58
5783,18,14571.42,12,Arequipa,BanBif,Banca Móvil Propia,Transferencia Mismo Banco,352.18,0,0,0.1,2024-07-17 04:34:58
5784,23,18103.95,1,Trujillo,Scotiabank,Yape,Compras Online,1225.67,1,0,0.25,2024-06-02 04:34:58
5785,68,50000.0,1,Trujillo,BBVA,Plin,Pago de Servicios,30.89,0,1,0.0,2023-12-31 04:34:58
5786,31,21237.32,0,Piura,BCP,Lukita,Pago de Servicios,299.46,1,0,0.2,2024-07-18 04:34:58
5787,43,20113.23,0,Trujillo,BanBif,Plin,Pago de Préstamos,469.7,0,1,0.1,2024-03-14 04:34:58
5788,27,13757.09,0,Cusco,BCP,Banca Móvil Propia,Transferencia Interbancaria,405.52,0,1,0.15,2024-02-08 04:34:58
5789,18,8541.65,0,Trujillo,BCP,Banca Móvil Propia,Pago de Servicios,115.27,0,1,0.0,2024-03-08 04:34:58
5790,32,20332.6,2,Lima,BCP,Plin,Compras Online,37.97,0,0,0.1,2024-04-12 04:34:58
5791,31,25919.28,1,Piura,BCP,Banca Móvil Propia,Retiro sin Tarjeta,692.05,1,0,0.0,2024-01-08 04:34:58
5792,30,38169.51,6,Otros,Scotiabank,Plin,Pago de Tarjeta de Crédito,91.68,0,0,0.0,2024-07-29 04:34:58
5793,33,7156.32,10,Lima,BBVA,Banca Móvil Propia,Pago de Servicios,110.45,0,1,0.2,2024-03-10 04:34:58
5794,38,12549.7,7,Piura,Pichincha,Banca Móvil Propia,Pago de Servicios,1172.1,1,0,0.45,2024-04-13 04:34:58
5795,33,16475.5,3,Piura,BCP,Yape,Pago de Préstamos,41.55,0,1,0.0,2024-05-02 04:34:58
5796,19,21988.16,0,Trujillo,BBVA,Plin,Transferencia Mismo Banco,336.6,1,1,0.0,2024-04-07 04:34:58
5797,40,20485.72,6,Lima,Pichincha,Banca Móvil Propia,Retiro sin Tarjeta,69.84,0,0,0.0,2024-11-14 04:34:58
5798,18,20726.24,2,Trujillo,Scotiabank,Banca Móvil Propia,Pago de Servicios,68.32,1,1,0.15,2024-07-25 04:34:58
5799,18,27012.31,0,Trujillo,Interbank,Tunki,Transferencia Mismo Banco,175.5,0,0,0.0,2024-02-07 04:34:58
5800,43,14021.59,9,Trujillo,BCP,Banca Móvil Propia,Retiro sin Tarjeta,291.89,1,1,0.0,2024-02-09 04:34:58
5801,41,35139.13,2,Lima,Scotiabank,Tunki,Compras Online,383.83,0,1,0.35,2024-11-24 04:34:58
5802,34,27356.96,1,Piura,BCP,QR,Pago de Servicios,437.67,0,1,0.5,2024-09-27 04:34:58
5803,18,18771.29,10,Trujillo,BBVA,Banca Móvil Propia,Transferencia Interbancaria,73.22,1,1,0.2,2024-01-06 04:34:58
5804,26,49043.06,11,Arequipa,Interbank,Plin,Pago de Servicios,47.3,0,1,0.0,2024-01-12 04:34:58
5805,31,47964.1,2,Lima,Interbank,Plin,Pago de Tarjeta de Crédito,105.36,0,1,0.1,2024-01-24 04:34:58
5806,18,35117.25,2,Lima,Interbank,Banca Móvil Propia,Retiro sin Tarjeta,210.08,1,1,0.1,2023-12-09 04:34:58
5807,26,4869.38,4,Piura,Interbank,QR,Pago de Tarjeta de Crédito,120.83,1,1,0.2,2024-08-07 04:34:58
5808,42,48507.44,6,Lima,BCP,Yape,Pago de Servicios,3.93,1,0,0.4,2024-04-25 04:34:58
5809,52,32773.62,0,Piura,BBVA,Banca Móvil Propia,Compras Online,23.87,0,1,0.0,2024-01-09 04:34:58
5810,29,50000.0,4,Lima,Interbank,Yape,Pago de Tarjeta de Crédito,116.69,0,1,0.0,2024-11-16 04:34:58
5811,44,40893.74,15,Lima,BCP,Yape,Retiro sin Tarjeta,349.04,1,1,0.2,2024-08-03 04:34:58
5812,18,48492.84,1,Lima,BCP,Banca Móvil Propia,Transferencia Interbancaria,60.06,1,1,0.0,2024-04-02 04:34:58
5813,42,34177.66,11,Lima,BCP,Yape,Pago de Servicios,308.92,0,1,0.1,2024-08-20 04:34:58
5814,25,43232.45,14,Otros,BBVA,Banca Móvil Propia,Retiro sin Tarjeta,33.24,0,1,0.1,2024-02-25 04:34:58
5815,38,50000.0,1,Cusco,Pichincha,Web Banking,Pago de Préstamos,191.63,0,1,0.35,2023-12-17 04:34:58
5816,32,24545.34,7,Lima,BCP,Web Banking,Pago de Tarjeta de Crédito,193.03,0,0,0.4,2024-10-24 04:34:58
5817,50,10035.51,1,Trujillo,BBVA,Plin,Compras Online,237.16,0,1,0.0,2024-03-25 04:34:58
5818,24,18887.76,6,Cusco,Interbank,Lukita,Transferencia Mismo Banco,54.15,0,1,0.5,2024-09-21 04:34:58
5819,42,26768.28,7,Lima,BCP,QR,Pago de Tarjeta de Crédito,31.58,0,0,0.15,2024-05-03 04:34:58
5820,31,22866.86,1,Cusco,BanBif,Yape,Pago de Servicios,306.76,0,0,0.3,2024-03-23 04:34:58
5821,33,11810.2,6,Lima,BBVA,Plin,Compras Online,32.26,0,1,0.25,2024-06-29 04:34:58
5822,32,9744.58,8,Otros,Scotiabank,Web Banking,Pago de Tarjeta de Crédito,68.65,0,1,0.15,2024-03-19 04:34:58
5823,24,15205.59,2,Arequipa,BCP,Yape,Pago de Préstamos,596.86,1,1,0.35,2024-10-19 04:34:58
5824,34,32987.03,0,Lima,BCP,QR,Pago de Tarjeta de Crédito,175.9,0,0,0.0,2023-12-25 04:34:58
5825,34,48541.28,0,Trujillo,BCP,Plin,Pago de Tarjeta de Crédito,214.6,0,1,0.2,2024-10-10 04:34:58
5826,37,34831.72,4,Piura,BCP,Yape,Transferencia Interbancaria,277.2,1,1,0.35,2024-03-27 04:34:58
5827,36,37373.37,19,Piura,Scotiabank,Tunki,Transferencia Mismo Banco,267.5,1,1,0.2,2024-10-08 04:34:58
5828,44,21154.17,8,Lima,BCP,Yape,Compras Online,145.29,1,0,0.15,2024-06-21 04:34:58
5829,46,9218.42,2,Lima,Interbank,Plin,Pago de Tarjeta de Crédito,60.25,1,0,0.0,2024-08-15 04:34:58
5830,22,17542.64,3,Lima,BCP,Plin,Pago de Servicios,2173.42,1,1,0.3,2024-02-17 04:34:58
5831,45,19353.29,1,Arequipa,Scotiabank,Tunki,Retiro sin Tarjeta,110.76,0,0,0.0,2024-07-30 04:34:58
5832,20,17179.53,0,Lima,Scotiabank,Tunki,Pago de Préstamos,206.65,1,1,0.2,2024-10-22 04:34:58
5833,42,22637.15,3,Otros,BBVA,Yape,Recarga de Celular,230.47,0,0,0.3,2024-01-19 04:34:58
5834,42,27466.16,3,Lima,BCP,Lukita,Pago de Tarjeta de Crédito,87.1,1,1,0.1,2024-04-07 04:34:58
5835,18,33742.3,3,Trujillo,Interbank,Tunki,Transferencia Mismo Banco,96.96,0,0,0.25,2024-10-04 04:34:58
5836,36,19166.9,15,Trujillo,BCP,Lukita,Retiro sin Tarjeta,657.36,1,0,0.1,2024-07-25 04:34:58
5837,29,8502.54,4,Trujillo,BCP,Lukita,Transferencia Mismo Banco,70.88,1,1,0.15,2024-02-15 04:34:58
5838,25,17301.72,4,Lima,Interbank,Plin,Pago de Préstamos,224.18,1,1,0.2,2024-03-07 04:34:58
5839,51,22513.16,0,Lima,Pichincha,Yape,Pago de Servicios,363.53,0,1,0.35,2024-06-21 04:34:58
5840,27,40595.15,28,Cusco,Scotiabank,Web Banking,Transferencia Interbancaria,119.8,0,1,0.3,2024-12-01 04:34:58
5841,25,16582.38,7,Lima,BBVA,Lukita,Pago de Tarjeta de Crédito,135.11,0,1,0.15,2024-02-03 04:34:58
5842,35,28460.48,10,Trujillo,BBVA,Yape,Transferencia Interbancaria,386.41,0,0,0.3,2024-04-14 04:34:58
5843,43,25464.59,2,Otros,Pichincha,Lukita,Compras Online,129.37,0,0,0.15,2024-01-31 04:34:58
5844,33,22515.3,3,Lima,BBVA,Yape,Pago de Tarjeta de Crédito,18.59,0,0,0.0,2023-12-31 04:34:58
5845,48,35075.8,3,Lima,BBVA,Yape,Pago de Tarjeta de Crédito,667.73,0,1,0.15,2024-03-06 04:34:58
5846,41,15828.69,1,Otros,BanBif,Banca Móvil Propia,Transferencia Mismo Banco,55.95,0,1,0.15,2024-02-22 04:34:58
5847,18,16521.32,5,Lima,BCP,Yape,Compras Online,184.1,0,1,0.35,2024-04-16 04:34:58
5848,28,21895.79,11,Lima,BCP,Web Banking,Recarga de Celular,39.73,0,0,0.0,2024-05-28 04:34:58
5849,28,15993.33,0,Arequipa,Interbank,QR,Compras Online,89.04,0,1,0.2,2024-03-16 04:34:58
5850,40,28396.07,0,Lima,BCP,Banca Móvil Propia,Pago de Servicios,95.92,0,1,0.3,2024-11-27 04:34:58
5851,18,15419.74,6,Cusco,BBVA,Yape,Retiro sin Tarjeta,176.65,1,1,0.35,2024-06-01 04:34:58
5852,65,24665.29,1,Arequipa,BBVA,Plin,Pago de Servicios,61.74,1,1,0.0,2024-04-19 04:34:58
5853,41,20950.41,4,Lima,BBVA,Plin,Recarga de Celular,1077.97,0,1,0.25,2024-11-26 04:34:58
5854,36,24525.36,5,Arequipa,Pichincha,Tunki,Pago de Préstamos,152.1,0,1,0.0,2024-03-28 04:34:58
5855,49,17503.03,1,Lima,BCP,Yape,Pago de Préstamos,358.18,0,0,0.0,2024-02-02 04:34:58
5856,63,18591.43,8,Lima,BBVA,Banca Móvil Propia,Retiro sin Tarjeta,147.1,1,1,0.0,2024-07-08 04:34:58
5857,45,23109.63,3,Lima,BCP,Plin,Recarga de Celular,402.33,1,1,0.3,2024-11-21 04:34:58
5858,46,24368.27,10,Lima,Interbank,Web Banking,Pago de Servicios,18.16,0,1,0.3,2024-08-27 04:34:58
5859,36,21980.24,7,Lima,Interbank,Web Banking,Pago de Servicios,73.35,0,1,0.0,2024-03-12 04:34:58
5860,33,50000.0,10,Arequipa,BBVA,Banca Móvil Propia,Transferencia Mismo Banco,88.08,1,1,0.15,2024-12-03 04:34:58
5861,29,13421.75,0,Lima,BCP,Banca Móvil Propia,Pago de Tarjeta de Crédito,87.37,0,1,0.0,2024-03-30 04:34:58
5862,25,21330.6,1,Lima,Interbank,Yape,Compras Online,249.31,1,1,0.2,2024-05-14 04:34:58
5863,26,10028.49,0,Piura,BBVA,Plin,Pago de Préstamos,266.98,0,1,0.15,2024-08-29 04:34:58
5864,18,26530.25,2,Trujillo,BCP,QR,Recarga de Celular,137.82,0,1,0.0,2024-06-04 04:34:58
5865,34,12611.66,11,Lima,BBVA,Banca Móvil Propia,Transferencia Interbancaria,141.27,1,0,0.25,2024-11-08 04:34:58
5866,18,19165.07,3,Lima,BBVA,Plin,Recarga de Celular,1703.62,1,1,0.15,2024-10-01 04:34:58
5867,37,18287.4,9,Trujillo,Pichincha,Banca Móvil Propia,Recarga de Celular,205.32,0,1,0.15,2024-04-09 04:34:58
5868,34,25347.76,1,Trujillo,Scotiabank,Web Banking,Pago de Préstamos,16.04,1,1,0.1,2024-05-13 04:34:58
5869,36,16707.36,2,Cusco,Interbank,Plin,Retiro sin Tarjeta,320.57,0,0,0.6,2024-08-31 04:34:58
5870,28,16355.95,11,Trujillo,Scotiabank,Yape,Compras Online,259.68,0,0,0.3,2024-06-21 04:34:58
5871,71,45158.25,2,Lima,Interbank,Web Banking,Pago de Tarjeta de Crédito,473.12,0,1,0.45,2024-11-01 04:34:58
5872,51,25394.39,7,Otros,BanBif,Tunki,Retiro sin Tarjeta,269.99,0,1,0.1,2024-06-06 04:34:58
5873,20,16638.5,1,Cusco,BCP,Plin,Pago de Préstamos,60.05,1,1,0.0,2024-10-27 04:34:58
5874,37,19430.19,14,Arequipa,BBVA,Plin,Transferencia Mismo Banco,361.41,0,0,0.45,2024-02-12 04:34:58
5875,27,50000.0,4,Arequipa,Interbank,QR,Transferencia Interbancaria,163.91,0,1,0.1,2024-02-14 04:34:58
5876,22,19583.01,7,Lima,BBVA,Lukita,Pago de Préstamos,422.49,0,1,0.25,2024-06-09 04:34:58
5877,18,15605.23,0,Cusco,BCP,Plin,Pago de Servicios,697.78,0,1,0.0,2024-06-26 04:34:58
5878,40,15638.67,3,Lima,BCP,Yape,Transferencia Interbancaria,131.39,1,1,0.1,2024-06-19 04:34:58
5879,26,16738.0,11,Lima,BCP,Plin,Transferencia Interbancaria,356.31,0,1,0.35,2024-02-09 04:34:58
5880,46,16362.56,10,Lima,BCP,Yape,Transferencia Interbancaria,417.24,0,0,0.0,2024-01-20 04:34:58
5881,46,11616.43,0,Lima,BCP,Yape,Pago de Préstamos,173.95,0,1,0.3,2024-01-29 04:34:58
5882,51,12555.32,1,Lima,BBVA,Plin,Transferencia Mismo Banco,1051.62,0,0,0.1,2024-06-15 04:34:58
5883,24,14549.91,2,Arequipa,Scotiabank,Yape,Transferencia Mismo Banco,422.23,0,0,0.2,2024-06-20 04:34:58
5884,40,29607.57,0,Lima,Interbank,Web Banking,Pago de Préstamos,82.65,0,1,0.15,2024-03-02 04:34:58
5885,42,18203.72,6,Piura,Scotiabank,Yape,Transferencia Interbancaria,192.5,1,0,0.35,2024-04-08 04:34:58
5886,29,19859.13,1,Piura,Scotiabank,Tunki,Pago de Servicios,350.78,1,1,0.0,2024-03-12 04:34:58
5887,25,41566.26,2,Piura,BBVA,Plin,Pago de Servicios,1012.41,0,1,0.15,2024-09-27 04:34:58
5888,54,42087.4,5,Lima,BCP,Banca Móvil Propia,Pago de Préstamos,276.13,1,1,0.0,2024-11-04 04:34:58
5889,37,19128.56,3,Lima,BCP,Yape,Pago de Servicios,198.24,0,1,0.55,2024-05-28 04:34:58
5890,42,16067.73,6,Cusco,BanBif,Banca Móvil Propia,Transferencia Mismo Banco,525.22,1,1,0.2,2024-07-24 04:34:58
5891,25,14296.71,16,Arequipa,BCP,Banca Móvil Propia,Retiro sin Tarjeta,119.17,1,1,0.15,2023-12-23 04:34:58
5892,20,31144.34,0,Lima,Interbank,Web Banking,Pago de Préstamos,55.15,0,1,0.1,2024-08-14 04:34:58
5893,28,19883.52,6,Cusco,BBVA,Banca Móvil Propia,Pago de Servicios,299.99,0,1,0.0,2024-05-21 04:34:58
5894,33,18155.93,1,Cusco,BanBif,Yape,Retiro sin Tarjeta,101.68,1,1,0.25,2024-03-20 04:34:58
5895,22,14664.25,2,Arequipa,BBVA,Yape,Transferencia Interbancaria,2243.45,0,1,0.2,2024-09-24 04:34:58
5896,34,14990.42,0,Cusco,Scotiabank,Lukita,Pago de Préstamos,191.13,0,1,0.0,2024-04-26 04:34:58
5897,18,25849.05,0,Arequipa,BCP,Yape,Pago de Servicios,301.83,0,1,0.15,2024-04-04 04:34:58
5898,21,11410.4,1,Lima,BCP,Plin,Transferencia Interbancaria,79.18,0,1,0.1,2024-10-21 04:34:58
5899,43,36222.45,2,Lima,BBVA,Web Banking,Transferencia Interbancaria,525.63,0,0,0.0,2024-08-23 04:34:58
5900,42,16866.38,11,Arequipa,Pichincha,QR,Pago de Tarjeta de Crédito,144.47,0,1,0.25,2024-08-19 04:34:58
5901,30,20438.63,6,Lima,BBVA,Lukita,Pago de Préstamos,131.03,0,1,0.0,2024-03-06 04:34:58
5902,22,11288.18,17,Trujillo,BanBif,QR,Recarga de Celular,134.22,1,1,0.15,2024-07-27 04:34:58
5903,22,21890.7,4,Lima,Scotiabank,Banca Móvil Propia,Transferencia Interbancaria,40.8,0,1,0.15,2024-08-03 04:34:58
5904,30,18691.79,1,Trujillo,Scotiabank,Lukita,Transferencia Interbancaria,115.52,0,0,0.0,2024-01-30 04:34:58
5905,42,21481.76,1,Arequipa,BBVA,Plin,Pago de Tarjeta de Crédito,256.25,1,1,0.15,2024-05-21 04:34:58
5906,46,45975.06,1,Trujillo,BBVA,Web Banking,Transferencia Mismo Banco,31.65,1,0,0.2,2024-01-22 04:34:58
5907,29,24073.07,1,Otros,BCP,Yape,Compras Online,412.27,0,1,0.35,2024-01-17 04:34:58
5908,21,14804.26,5,Arequipa,Pichincha,Banca Móvil Propia,Transferencia Interbancaria,113.48,0,1,0.0,2023-12-13 04:34:58
5909,38,15434.18,3,Lima,Pichincha,Plin,Pago de Servicios,189.56,0,1,0.35,2024-06-01 04:34:58
5910,25,29660.33,2,Trujillo,Interbank,Yape,Pago de Préstamos,15.89,0,1,0.15,2024-11-05 04:34:58
5911,28,42165.04,0,Trujillo,BCP,Tunki,Pago de Préstamos,185.86,0,1,0.4,2024-03-03 04:34:58
5912,50,25360.78,0,Lima,BCP,Yape,Transferencia Mismo Banco,52.29,0,1,0.0,2024-07-07 04:34:58
5913,44,31081.14,1,Otros,Pichincha,Banca Móvil Propia,Recarga de Celular,104.43,0,0,0.15,2024-04-03 04:34:58
5914,36,29877.74,0,Piura,BCP,Tunki,Compras Online,30.95,0,0,0.15,2024-04-02 04:34:58
5915,19,44780.69,7,Lima,Scotiabank,Banca Móvil Propia,Recarga de Celular,61.44,1,0,0.15,2024-04-20 04:34:58
5916,37,8309.92,0,Trujillo,BBVA,Yape,Transferencia Interbancaria,126.02,0,0,0.25,2024-07-03 04:34:58
5917,47,30748.9,6,Lima,BBVA,Plin,Retiro sin Tarjeta,113.1,0,1,0.2,2024-03-22 04:34:58
5918,30,36021.38,2,Arequipa,Scotiabank,QR,Recarga de Celular,359.43,0,1,0.35,2024-11-01 04:34:58
5919,51,11278.33,0,Piura,BCP,Yape,Compras Online,22.92,1,1,0.15,2024-01-23 04:34:58
5920,50,14145.7,8,Trujillo,BBVA,Plin,Recarga de Celular,140.98,1,1,0.25,2024-11-25 04:34:58
5921,54,14394.6,4,Trujillo,Pichincha,Tunki,Pago de Tarjeta de Crédito,134.41,1,1,0.15,2024-04-20 04:34:58
5922,38,15299.95,1,Lima,Interbank,QR,Recarga de Celular,93.9,0,1,0.0,2024-01-07 04:34:58
5923,42,17311.76,11,Arequipa,Scotiabank,Banca Móvil Propia,Pago de Servicios,59.55,1,1,0.1,2024-10-26 04:34:58
5924,51,24867.11,0,Lima,Scotiabank,Yape,Retiro sin Tarjeta,446.83,0,1,0.15,2024-09-05 04:34:58
5925,40,33956.56,1,Cusco,BCP,QR,Pago de Préstamos,1150.23,1,0,0.4,2024-02-05 04:34:58
5926,28,37822.46,6,Otros,BCP,Lukita,Transferencia Interbancaria,26.73,0,1,0.15,2024-02-12 04:34:58
5927,29,14488.18,6,Cusco,BBVA,Lukita,Pago de Tarjeta de Crédito,58.9,1,1,0.35,2024-03-24 04:34:58
5928,37,14438.43,1,Lima,BBVA,Tunki,Pago de Tarjeta de Crédito,54.36,0,0,0.15,2024-05-29 04:34:58
5929,19,42527.7,0,Lima,BBVA,Lukita,Pago de Préstamos,112.0,0,1,0.0,2023-12-20 04:34:58
5930,33,30435.71,9,Otros,Scotiabank,Tunki,Pago de Tarjeta de Crédito,521.05,0,1,0.15,2024-04-02 04:34:58
5931,48,22958.25,1,Lima,BCP,Banca Móvil Propia,Transferencia Interbancaria,251.56,0,1,0.0,2024-09-02 04:34:58
5932,18,27907.99,1,Lima,Interbank,QR,Transferencia Mismo Banco,127.25,0,1,0.1,2024-08-04 04:34:58
5933,53,21700.66,3,Arequipa,BCP,QR,Pago de Servicios,150.86,0,1,0.0,2024-11-11 04:34:58
5934,48,28632.35,12,Lima,BCP,Plin,Pago de Tarjeta de Crédito,107.88,0,1,0.0,2024-06-20 04:34:58
5935,29,18619.54,0,Lima,BBVA,QR,Compras Online,310.64,0,1,0.3,2024-01-10 04:34:58
5936,41,25195.04,7,Arequipa,Scotiabank,Yape,Retiro sin Tarjeta,350.84,0,1,0.3,2024-02-18 04:34:58
5937,35,10349.85,4,Lima,BCP,Yape,Transferencia Mismo Banco,268.08,0,1,0.0,2024-10-04 04:34:58
5938,49,15616.88,2,Arequipa,BBVA,Banca Móvil Propia,Retiro sin Tarjeta,16.5,1,0,0.0,2024-03-26 04:34:58
5939,46,15701.23,6,Arequipa,Interbank,Banca Móvil Propia,Pago de Préstamos,150.38,0,1,0.0,2024-01-16 04:34:58
5940,18,18266.15,16,Trujillo,BCP,Yape,Recarga de Celular,123.16,0,1,0.0,2024-02-19 04:34:58
5941,42,13859.74,1,Lima,BBVA,Tunki,Retiro sin Tarjeta,399.94,0,1,0.35,2024-04-07 04:34:58
5942,32,16868.92,0,Trujillo,BanBif,Yape,Compras Online,188.5,0,1,0.35,2024-12-03 04:34:58
5943,35,10329.85,12,Arequipa,BBVA,Banca Móvil Propia,Compras Online,258.98,0,1,0.5,2024-08-07 04:34:58
5944,26,28979.68,5,Piura,BCP,QR,Compras Online,90.44,0,1,0.0,2024-03-10 04:34:58
5945,55,21136.22,2,Cusco,Interbank,Lukita,Pago de Tarjeta de Crédito,379.71,0,1,0.15,2024-01-26 04:34:58
5946,47,9389.96,4,Lima,BBVA,Plin,Transferencia Mismo Banco,509.7,1,0,0.2,2024-11-15 04:34:58
5947,26,14509.88,6,Trujillo,BCP,Web Banking,Pago de Servicios,29.17,0,1,0.0,2024-02-09 04:34:58
5948,18,26063.75,7,Piura,BCP,Banca Móvil Propia,Pago de Tarjeta de Crédito,40.6,0,1,0.3,2024-02-26 04:34:58
5949,30,16789.17,12,Lima,BCP,Lukita,Pago de Préstamos,318.13,0,1,0.2,2024-10-22 04:34:58
5950,40,15545.54,2,Lima,BCP,Banca Móvil Propia,Pago de Servicios,124.91,0,1,0.15,2024-03-06 04:34:58
5951,37,21220.09,1,Trujillo,BCP,Web Banking,Recarga de Celular,415.18,0,0,0.1,2024-11-06 04:34:58
5952,50,26155.08,5,Piura,BBVA,Lukita,Transferencia Interbancaria,189.01,1,1,0.2,2024-06-03 04:34:58
5953,44,10741.0,2,Lima,BBVA,Banca Móvil Propia,Transferencia Mismo Banco,296.74,0,1,0.35,2024-04-03 04:34:58
5954,46,29000.38,4,Arequipa,Scotiabank,Plin,Transferencia Interbancaria,70.3,0,1,0.1,2024-08-01 04:34:58
5955,38,14762.62,2,Lima,Interbank,Banca Móvil Propia,Pago de Préstamos,208.47,0,0,0.25,2024-07-25 04:34:58
5956,18,21829.9,0,Lima,Scotiabank,Banca Móvil Propia,Pago de Préstamos,209.06,0,1,0.35,2024-12-05 04:34:58
5957,32,21639.81,3,Lima,BBVA,Banca Móvil Propia,Pago de Préstamos,74.52,1,1,0.3,2024-03-24 04:34:58
5958,47,16923.64,5,Trujillo,BCP,Yape,Recarga de Celular,404.11,1,0,0.15,2024-04-07 04:34:58
5959,34,13202.61,8,Lima,BBVA,Plin,Retiro sin Tarjeta,22.3,0,0,0.0,2024-02-02 04:34:58
5960,41,19094.52,3,Lima,Scotiabank,Banca Móvil Propia,Compras Online,182.67,1,0,0.0,2024-07-08 04:34:58
5961,31,49645.61,0,Arequipa,BCP,Lukita,Retiro sin Tarjeta,40.69,0,1,0.3,2024-05-10 04:34:58
5962,22,11149.64,2,Trujillo,BCP,Banca Móvil Propia,Recarga de Celular,53.39,0,1,0.0,2024-09-21 04:34:58
5963,33,50000.0,7,Lima,BCP,Yape,Pago de Servicios,397.81,0,0,0.0,2023-12-16 04:34:58
5964,38,19344.04,2,Lima,BBVA,Plin,Transferencia Mismo Banco,49.41,1,1,0.0,2024-10-11 04:34:58
5965,27,22419.48,5,Trujillo,BCP,Yape,Recarga de Celular,47.36,1,1,0.0,2023-12-07 04:34:58
5966,32,12792.89,3,Lima,BCP,Yape,Recarga de Celular,265.16,0,1,0.25,2024-02-07 04:34:58
5967,23,14978.41,1,Lima,BCP,Yape,Transferencia Mismo Banco,48.87,1,1,0.25,2024-05-01 04:34:58
5968,48,17129.29,7,Lima,Interbank,QR,Pago de Tarjeta de Crédito,410.84,0,1,0.1,2024-10-15 04:34:58
5969,31,13057.95,0,Lima,BBVA,QR,Compras Online,282.76,0,1,0.0,2024-01-21 04:34:58
5970,52,19841.7,3,Trujillo,Interbank,Plin,Pago de Servicios,68.19,0,1,0.0,2024-02-04 04:34:58
5971,53,17970.59,1,Lima,BBVA,Banca Móvil Propia,Pago de Servicios,395.59,0,1,0.0,2024-06-02 04:34:58
5972,34,50000.0,0,Lima,BBVA,Banca Móvil Propia,Transferencia Mismo Banco,21.36,0,0,0.0,2024-11-06 04:34:58
5973,22,12295.8,3,Lima,BCP,Web Banking,Compras Online,238.05,0,0,0.3,2024-01-17 04:34:58
5974,18,23186.96,3,Piura,BBVA,QR,Transferencia Interbancaria,42.68,1,0,0.15,2024-02-27 04:34:58
5975,18,24932.39,6,Lima,BCP,Yape,Pago de Tarjeta de Crédito,87.94,0,1,0.15,2024-05-08 04:34:58
5976,18,12898.16,6,Trujillo,BBVA,Plin,Retiro sin Tarjeta,93.81,0,0,0.0,2024-01-17 04:34:58
5977,51,31051.85,6,Trujillo,BBVA,Yape,Transferencia Mismo Banco,534.54,0,1,0.3,2023-12-11 04:34:58
5978,36,18048.84,2,Piura,BCP,Banca Móvil Propia,Compras Online,89.9,0,1,0.15,2024-07-29 04:34:58
5979,39,6334.75,4,Lima,BCP,Banca Móvil Propia,Pago de Servicios,137.19,1,1,0.15,2024-06-13 04:34:58
5980,18,30635.81,4,Arequipa,BCP,Yape,Pago de Tarjeta de Crédito,95.76,1,1,0.35,2024-02-13 04:34:58
5981,20,12600.98,2,Arequipa,BCP,QR,Transferencia Interbancaria,55.55,0,0,0.4,2024-02-13 04:34:58
5982,45,13044.38,4,Lima,BCP,Plin,Recarga de Celular,52.97,0,1,0.0,2024-11-20 04:34:58
5983,38,31068.54,14,Lima,Pichincha,Web Banking,Recarga de Celular,202.09,0,1,0.3,2024-11-20 04:34:58
5984,33,18516.53,1,Piura,BBVA,Yape,Recarga de Celular,144.55,0,1,0.1,2024-01-11 04:34:58
5985,41,34852.71,11,Lima,BBVA,Yape,Retiro sin Tarjeta,318.15,0,1,0.2,2024-11-12 04:34:58
5986,54,40339.36,0,Lima,Interbank,Plin,Pago de Tarjeta de Crédito,116.51,0,1,0.25,2024-11-24 04:34:58
5987,32,15955.13,1,Trujillo,Interbank,Yape,Pago de Préstamos,120.34,0,1,0.1,2024-04-06 04:34:58
5988,35,32749.12,1,Trujillo,BanBif,QR,Pago de Servicios,319.18,0,1,0.15,2024-09-30 04:34:58
5989,37,15097.28,4,Arequipa,Scotiabank,Yape,Transferencia Interbancaria,102.3,0,1,0.1,2024-06-12 04:34:58
5990,63,50000.0,0,Arequipa,Scotiabank,Lukita,Pago de Servicios,35.18,0,1,0.1,2024-07-02 04:34:58
5991,18,15576.54,10,Lima,Pichincha,Yape,Pago de Tarjeta de Crédito,346.38,1,1,0.25,2023-12-18 04:34:58
5992,43,36792.29,8,Arequipa,BCP,Yape,Retiro sin Tarjeta,75.4,0,1,0.0,2024-08-08 04:34:58
5993,33,33587.02,5,Lima,Interbank,QR,Retiro sin Tarjeta,158.68,0,0,0.35,2024-08-09 04:34:58
5994,41,25797.78,3,Lima,Scotiabank,Web Banking,Pago de Tarjeta de Crédito,79.32,1,0,0.25,2024-06-22 04:34:58
5995,27,15752.09,13,Lima,Interbank,Tunki,Compras Online,56.12,0,1,0.15,2023-12-20 04:34:58
5996,34,20420.64,8,Trujillo,Pichincha,Web Banking,Transferencia Mismo Banco,22.23,0,1,0.0,2024-10-27 04:34:58
5997,43,7504.11,3,Lima,BCP,Banca Móvil Propia,Pago de Tarjeta de Crédito,208.34,1,1,0.2,2024-06-11 04:34:58
5998,72,24642.06,6,Arequipa,BBVA,Plin,Pago de Préstamos,4.98,0,1,0.2,2023-12-30 04:34:58
5999,44,26233.9,4,Piura,Pichincha,QR,Pago de Servicios,543.67,0,0,0.2,2024-02-08 04:34:58
6000,24,23546.91,4,Trujillo,BBVA,Plin,Pago de Préstamos,416.55,0,0,0.6,2023-12-12 04:34:58
6001,29,4980.81,2,Trujillo,Interbank,Plin,Recarga de Celular,59.77,0,0,0.0,2024-11-23 04:34:58
6002,29,11698.1,3,Trujillo,BCP,Banca Móvil Propia,Transferencia Mismo Banco,726.51,0,0,0.1,2024-04-02 04:34:58
6003,18,15153.01,0,Lima,Interbank,Plin,Pago de Préstamos,1165.38,0,0,0.2,2024-03-29 04:34:58
6004,31,25484.6,2,Lima,BanBif,Yape,Compras Online,112.92,0,1,0.3,2024-01-06 04:34:58
6005,43,25455.05,5,Lima,BBVA,Yape,Pago de Servicios,223.85,0,0,0.2,2024-04-28 04:34:58
6006,19,20229.32,15,Lima,BCP,Banca Móvil Propia,Transferencia Mismo Banco,170.08,0,0,0.2,2024-02-25 04:34:58
6007,47,30261.23,16,Trujillo,BCP,Banca Móvil Propia,Transferencia Mismo Banco,674.26,1,1,0.0,2024-03-30 04:34:58
6008,40,13185.58,4,Lima,Scotiabank,Tunki,Pago de Tarjeta de Crédito,36.87,0,1,0.1,2024-07-10 04:34:58
6009,26,29885.17,4,Arequipa,Interbank,QR,Transferencia Interbancaria,118.23,1,1,0.2,2024-10-13 04:34:58
6010,33,27927.61,1,Trujillo,BCP,Plin,Transferencia Mismo Banco,372.19,0,1,0.0,2024-08-10 04:34:58
6011,54,26602.95,5,Lima,BCP,Banca Móvil Propia,Pago de Tarjeta de Crédito,334.8,1,1,0.2,2024-11-11 04:34:58
6012,43,20110.15,0,Trujillo,Scotiabank,Web Banking,Pago de Préstamos,142.19,0,1,0.0,2024-04-29 04:34:58
6013,35,50000.0,1,Lima,Scotiabank,QR,Retiro sin Tarjeta,597.24,1,0,0.35,2024-05-15 04:34:58
6014,32,28186.48,5,Lima,BCP,Plin,Pago de Préstamos,187.44,1,0,0.0,2024-05-29 04:34:58
6015,35,13572.92,1,Lima,BCP,Banca Móvil Propia,Compras Online,166.28,0,0,0.2,2024-01-19 04:34:58
6016,28,24938.12,0,Lima,Scotiabank,Tunki,Recarga de Celular,297.98,0,1,0.0,2024-01-08 04:34:58
6017,18,32088.14,8,Lima,BBVA,Banca Móvil Propia,Transferencia Interbancaria,139.65,0,0,0.0,2023-12-22 04:34:58
6018,59,16414.92,1,Lima,Pichincha,Plin,Transferencia Mismo Banco,156.06,1,1,0.0,2024-11-30 04:34:58
6019,36,37973.21,0,Arequipa,BBVA,Plin,Transferencia Interbancaria,67.54,1,1,0.0,2024-04-13 04:34:58
6020,39,26662.59,0,Lima,Interbank,Plin,Pago de Tarjeta de Crédito,2788.9,0,1,0.5,2024-11-05 04:34:58
6021,34,6827.82,1,Piura,BBVA,Yape,Recarga de Celular,92.44,0,0,0.4,2023-12-15 04:34:58
6022,26,25586.91,0,Lima,BanBif,Banca Móvil Propia,Recarga de Celular,307.74,0,0,0.35,2024-10-08 04:34:58
6023,32,17979.46,7,Lima,BBVA,QR,Transferencia Interbancaria,1000.97,1,1,0.15,2023-12-16 04:34:58
6024,18,28813.23,1,Lima,BCP,Yape,Pago de Servicios,38.75,0,1,0.0,2023-12-28 04:34:58
6025,62,35316.57,8,Otros,BCP,Yape,Recarga de Celular,273.47,1,0,0.3,2024-06-10 04:34:58
6026,20,24284.2,0,Otros,Scotiabank,Tunki,Retiro sin Tarjeta,151.89,1,1,0.15,2024-01-09 04:34:58
6027,22,50000.0,3,Trujillo,BBVA,Banca Móvil Propia,Retiro sin Tarjeta,893.13,1,1,0.15,2024-09-04 04:34:58
6028,29,20143.69,5,Lima,BBVA,Plin,Compras Online,59.79,0,1,0.0,2024-09-11 04:34:58
6029,50,30103.87,5,Lima,BBVA,Yape,Transferencia Mismo Banco,69.95,0,1,0.45,2024-01-21 04:34:58
6030,35,32940.93,4,Cusco,BCP,Plin,Pago de Servicios,141.19,1,1,0.1,2024-06-08 04:34:58
6031,20,20980.04,12,Arequipa,BCP,Lukita,Pago de Servicios,90.6,0,1,0.1,2024-08-30 04:34:58
6032,50,32512.74,1,Arequipa,BCP,Yape,Pago de Tarjeta de Crédito,93.76,1,0,0.0,2024-11-03 04:34:58
6033,43,16361.13,3,Otros,Interbank,Plin,Compras Online,1128.26,0,0,0.2,2024-02-17 04:34:58
6034,41,17831.39,10,Lima,Interbank,Banca Móvil Propia,Compras Online,168.52,1,1,0.45,2024-02-02 04:34:58
6035,43,11427.24,0,Piura,Scotiabank,Yape,Transferencia Mismo Banco,67.72,0,1,0.35,2024-10-01 04:34:58
6036,63,24852.27,0,Piura,BanBif,Plin,Recarga de Celular,100.48,0,1,0.0,2024-10-31 04:34:58
6037,61,25916.26,1,Lima,BBVA,Banca Móvil Propia,Pago de Préstamos,222.49,0,0,0.0,2023-12-28 04:34:58
6038,26,39720.85,5,Lima,Interbank,Web Banking,Transferencia Interbancaria,207.96,0,1,0.3,2023-12-08 04:34:58
6039,54,32714.38,1,Lima,BCP,Yape,Pago de Servicios,83.32,0,1,0.0,2023-12-22 04:34:58
6040,39,19103.03,1,Lima,BCP,Plin,Pago de Servicios,29.14,1,0,0.1,2024-07-02 04:34:58
6041,40,12220.99,3,Lima,BCP,Yape,Pago de Préstamos,141.1,0,1,0.1,2024-06-07 04:34:58
6042,18,27348.73,4,Lima,BBVA,QR,Compras Online,137.33,0,1,0.0,2024-05-04 04:34:58
6043,32,38383.26,1,Arequipa,BCP,Yape,Pago de Tarjeta de Crédito,77.78,1,1,0.0,2024-11-21 04:34:58
6044,25,32131.51,1,Piura,BCP,Tunki,Recarga de Celular,533.67,0,1,0.45,2024-12-03 04:34:58
6045,44,37882.28,4,Lima,Interbank,QR,Pago de Tarjeta de Crédito,263.64,0,1,0.2,2024-09-24 04:34:58
6046,47,19812.24,14,Arequipa,BBVA,Web Banking,Transferencia Interbancaria,169.83,1,0,0.0,2024-11-05 04:34:58
6047,18,17442.94,5,Arequipa,BBVA,Banca Móvil Propia,Retiro sin Tarjeta,103.47,0,1,0.1,2024-02-28 04:34:58
6048,34,15238.03,7,Trujillo,BBVA,Plin,Pago de Servicios,839.69,0,1,0.15,2024-07-10 04:34:58
6049,48,21419.39,2,Piura,BCP,Plin,Pago de Tarjeta de Crédito,46.78,0,1,0.0,2024-01-23 04:34:58
6050,32,21177.71,1,Lima,BCP,Yape,Pago de Préstamos,90.32,0,0,0.0,2024-11-18 04:34:58
6051,43,24424.42,3,Lima,BCP,Banca Móvil Propia,Recarga de Celular,94.41,0,1,0.0,2024-03-29 04:34:58
6052,39,20647.54,8,Lima,BCP,Banca Móvil Propia,Pago de Tarjeta de Crédito,200.13,0,1,0.0,2024-01-23 04:34:58
6053,39,20602.88,3,Lima,Interbank,QR,Pago de Servicios,287.4,0,0,0.15,2024-08-19 04:34:58
6054,31,14937.84,9,Lima,Scotiabank,Tunki,Compras Online,38.99,0,0,0.2,2024-06-25 04:34:58
6055,20,35270.76,22,Lima,BCP,Banca Móvil Propia,Retiro sin Tarjeta,74.84,0,0,0.0,2024-11-05 04:34:58
6056,21,22885.51,0,Lima,BBVA,QR,Pago de Préstamos,232.21,0,1,0.15,2024-06-05 04:34:58
6057,43,20186.68,0,Cusco,Scotiabank,Web Banking,Transferencia Mismo Banco,76.31,1,1,0.0,2024-10-06 04:34:58
6058,35,15158.02,0,Trujillo,BCP,Banca Móvil Propia,Pago de Tarjeta de Crédito,99.31,1,0,0.0,2024-04-13 04:34:58
6059,33,11316.8,2,Arequipa,BCP,Banca Móvil Propia,Recarga de Celular,176.38,0,0,0.3,2024-04-22 04:34:58
6060,29,42360.94,0,Cusco,BBVA,Banca Móvil Propia,Pago de Préstamos,55.71,0,1,0.15,2024-10-27 04:34:58
6061,31,29065.85,10,Lima,Interbank,Yape,Transferencia Interbancaria,195.9,0,1,0.0,2024-07-13 04:34:58
6062,47,9779.47,0,Cusco,BBVA,Yape,Pago de Préstamos,273.84,0,0,0.15,2024-06-17 04:34:58
6063,30,32259.61,1,Lima,Interbank,Tunki,Pago de Préstamos,154.22,1,1,0.2,2024-03-29 04:34:58
6064,18,34934.86,1,Cusco,BCP,Yape,Transferencia Mismo Banco,617.32,0,1,0.35,2024-08-09 04:34:58
6065,43,23439.74,13,Trujillo,BBVA,Banca Móvil Propia,Compras Online,306.56,0,1,0.2,2024-07-15 04:34:58
6066,32,48974.52,5,Otros,BCP,Banca Móvil Propia,Pago de Tarjeta de Crédito,142.46,1,1,0.15,2024-01-03 04:34:58
6067,35,24547.37,12,Arequipa,Scotiabank,Banca Móvil Propia,Transferencia Interbancaria,107.62,1,1,0.1,2024-01-07 04:34:58
6068,54,10846.4,17,Lima,Scotiabank,Yape,Pago de Préstamos,858.1,0,0,0.25,2024-05-28 04:34:58
6069,34,26438.71,3,Lima,BCP,Yape,Retiro sin Tarjeta,76.6,0,1,0.0,2024-01-09 04:34:58
6070,38,24895.66,1,Lima,BCP,Yape,Compras Online,113.05,1,0,0.0,2024-05-20 04:34:58
6071,20,16290.73,1,Lima,BCP,Yape,Compras Online,98.51,1,1,0.15,2024-01-15 04:34:58
6072,32,29342.12,1,Trujillo,BCP,Web Banking,Pago de Préstamos,220.92,1,0,0.2,2024-09-09 04:34:58
6073,42,9567.88,6,Arequipa,BCP,Yape,Compras Online,1415.38,0,1,0.3,2024-03-23 04:34:58
6074,18,36144.62,0,Cusco,BBVA,Plin,Transferencia Interbancaria,189.93,1,1,0.4,2024-02-05 04:34:58
6075,37,14199.18,0,Lima,Pichincha,Yape,Pago de Servicios,107.55,0,1,0.0,2024-09-14 04:34:58
6076,36,13460.66,4,Trujillo,BBVA,Banca Móvil Propia,Compras Online,179.23,0,1,0.15,2024-09-19 04:34:58
6077,35,20807.89,5,Arequipa,BCP,Banca Móvil Propia,Retiro sin Tarjeta,39.93,0,0,0.0,2024-01-19 04:34:58
6078,47,27350.4,5,Trujillo,BCP,Yape,Pago de Préstamos,123.0,0,1,0.0,2024-06-21 04:34:58
6079,39,23907.85,2,Piura,BCP,QR,Compras Online,815.73,0,1,0.2,2024-06-06 04:34:58
6080,52,15194.22,8,Trujillo,BCP,Lukita,Transferencia Mismo Banco,287.72,0,0,0.2,2024-07-07 04:34:58
6081,23,17102.08,3,Lima,Scotiabank,Plin,Pago de Préstamos,508.25,0,0,0.35,2024-06-22 04:34:58
6082,36,12499.94,0,Lima,BCP,Plin,Pago de Servicios,408.85,1,1,0.2,2024-03-17 04:34:58
6083,36,19685.94,7,Piura,Pichincha,Tunki,Pago de Tarjeta de Crédito,73.05,1,0,0.0,2024-06-27 04:34:58
6084,22,37703.59,15,Lima,BBVA,Plin,Compras Online,1004.24,1,1,0.25,2024-02-02 04:34:58
6085,46,21979.57,0,Lima,BBVA,Lukita,Pago de Servicios,25.13,0,1,0.25,2024-05-29 04:34:58
6086,62,33850.43,2,Trujillo,BBVA,Yape,Retiro sin Tarjeta,206.95,1,1,0.75,2024-02-24 04:34:58
6087,34,45601.72,3,Lima,Interbank,Tunki,Compras Online,18.92,0,1,0.15,2023-12-16 04:34:58
6088,41,16415.66,0,Trujillo,BBVA,Plin,Pago de Préstamos,26.75,0,1,0.0,2024-06-04 04:34:58
6089,36,20064.62,10,Trujillo,BCP,Plin,Transferencia Interbancaria,378.25,1,1,0.0,2024-07-18 04:34:58
6090,26,50000.0,1,Trujillo,BCP,QR,Pago de Tarjeta de Crédito,74.34,0,0,0.25,2024-08-05 04:34:58
6091,18,45350.28,7,Cusco,BanBif,Plin,Transferencia Interbancaria,515.37,0,0,0.5,2024-05-04 04:34:58
6092,26,9545.24,5,Cusco,BCP,Yape,Compras Online,16.87,0,0,0.1,2024-01-09 04:34:58
6093,18,26730.86,4,Piura,BBVA,Banca Móvil Propia,Transferencia Mismo Banco,135.84,0,1,0.15,2024-11-17 04:34:58
6094,55,22032.63,1,Lima,BBVA,Plin,Retiro sin Tarjeta,43.99,1,0,0.0,2024-07-30 04:34:58
6095,33,33297.13,1,Trujillo,BCP,Yape,Compras Online,106.86,0,1,0.15,2024-01-01 04:34:58
6096,30,15176.61,0,Trujillo,BCP,Plin,Transferencia Mismo Banco,698.09,1,1,0.0,2024-05-28 04:34:58
6097,45,14475.25,1,Lima,BCP,Yape,Compras Online,890.52,1,1,0.2,2023-12-25 04:34:58
6098,21,15708.62,2,Arequipa,Interbank,Plin,Pago de Préstamos,247.88,0,1,0.2,2024-11-14 04:34:58
6099,25,16548.25,8,Otros,BBVA,Plin,Recarga de Celular,30.13,1,0,0.0,2024-06-19 04:34:58
6100,35,33112.37,2,Arequipa,Scotiabank,Yape,Retiro sin Tarjeta,44.4,0,0,0.2,2024-07-27 04:34:58
6101,47,12202.54,7,Lima,Interbank,Banca Móvil Propia,Recarga de Celular,174.17,1,1,0.25,2024-09-21 04:34:58
6102,41,16134.14,2,Lima,BCP,Yape,Compras Online,66.29,1,1,0.6,2024-06-16 04:34:58
6103,37,9004.63,7,Piura,BBVA,Web Banking,Transferencia Mismo Banco,286.57,0,1,0.0,2024-02-03 04:34:58
6104,35,36444.98,18,Lima,Interbank,Plin,Recarga de Celular,793.08,0,1,0.2,2023-12-21 04:34:58
6105,39,41585.84,1,Trujillo,Interbank,Banca Móvil Propia,Recarga de Celular,55.55,0,1,0.2,2024-05-16 04:34:58
6106,37,18703.45,9,Lima,Interbank,QR,Pago de Servicios,60.64,1,1,0.0,2024-04-17 04:34:58
6107,22,18977.8,4,Cusco,Interbank,Plin,Pago de Servicios,45.58,1,1,0.1,2024-02-26 04:34:58
6108,35,27628.72,8,Cusco,BCP,Banca Móvil Propia,Transferencia Mismo Banco,115.09,0,0,0.0,2024-03-12 04:34:58
6109,22,46038.86,5,Arequipa,Interbank,QR,Transferencia Mismo Banco,156.37,0,1,0.35,2024-03-24 04:34:58
6110,35,27019.26,2,Lima,BCP,Yape,Transferencia Interbancaria,151.65,0,0,0.3,2024-09-09 04:34:58
6111,29,15540.88,1,Lima,BBVA,Web Banking,Pago de Tarjeta de Crédito,364.19,0,1,0.2,2024-07-15 04:34:58
6112,65,9804.42,0,Lima,BCP,Yape,Recarga de Celular,219.86,0,1,0.25,2024-04-21 04:34:58
6113,34,12612.41,3,Trujillo,Scotiabank,Plin,Pago de Préstamos,139.95,0,0,0.0,2024-02-10 04:34:58
6114,18,22847.79,23,Piura,BBVA,Lukita,Pago de Tarjeta de Crédito,154.61,0,1,0.2,2024-08-05 04:34:58
6115,33,15872.39,6,Piura,Interbank,Yape,Transferencia Interbancaria,161.66,1,1,0.15,2024-07-06 04:34:58
6116,41,24281.84,1,Lima,Scotiabank,Banca Móvil Propia,Compras Online,140.08,0,1,0.4,2024-11-04 04:34:58
6117,55,16706.25,8,Lima,Scotiabank,QR,Transferencia Interbancaria,75.41,1,1,0.3,2024-08-10 04:34:58
6118,27,12976.91,7,Piura,Interbank,Web Banking,Retiro sin Tarjeta,44.56,0,1,0.0,2024-08-08 04:34:58
6119,18,12228.01,1,Arequipa,BCP,Plin,Transferencia Interbancaria,171.1,1,1,0.2,2024-09-19 04:34:58
6120,44,48106.72,0,Lima,Scotiabank,Web Banking,Transferencia Interbancaria,90.08,0,0,0.15,2024-03-19 04:34:58
6121,18,34354.69,0,Arequipa,Interbank,Tunki,Recarga de Celular,250.91,0,0,0.0,2024-04-16 04:34:58
6122,29,50000.0,10,Trujillo,Interbank,Plin,Compras Online,159.49,0,0,0.2,2024-05-13 04:34:58
6123,31,28853.18,9,Cusco,BanBif,Banca Móvil Propia,Transferencia Interbancaria,150.64,0,1,0.15,2023-12-16 04:34:58
6124,34,17765.33,1,Lima,BCP,Banca Móvil Propia,Recarga de Celular,397.21,1,0,0.2,2024-01-04 04:34:58
6125,43,42687.89,1,Otros,BCP,Plin,Pago de Tarjeta de Crédito,36.43,0,1,0.1,2024-04-06 04:34:58
6126,26,21665.27,7,Cusco,BBVA,Banca Móvil Propia,Compras Online,870.66,0,1,0.1,2024-10-18 04:34:58
6127,31,24598.01,13,Lima,Scotiabank,Tunki,Recarga de Celular,16.69,0,1,0.3,2024-02-15 04:34:58
6128,34,21559.84,7,Otros,BBVA,Banca Móvil Propia,Transferencia Interbancaria,633.21,0,1,0.0,2024-04-12 04:34:58
6129,36,5046.99,4,Piura,Interbank,Web Banking,Recarga de Celular,181.42,0,1,0.35,2024-08-17 04:34:58
6130,36,49137.0,1,Trujillo,BBVA,Tunki,Transferencia Mismo Banco,87.88,0,1,0.15,2024-09-12 04:34:58
6131,40,28155.61,3,Arequipa,Interbank,Plin,Compras Online,34.07,0,1,0.45,2024-11-05 04:34:58
6132,45,25975.56,1,Piura,Scotiabank,QR,Transferencia Mismo Banco,81.49,1,0,0.15,2024-10-19 04:34:58
6133,39,21356.51,8,Lima,BCP,Yape,Recarga de Celular,126.01,1,0,0.15,2024-11-21 04:34:58
6134,40,23901.92,2,Lima,Interbank,QR,Pago de Préstamos,180.35,0,1,0.25,2024-09-07 04:34:58
6135,18,16339.82,8,Lima,Scotiabank,Yape,Compras Online,629.92,0,0,0.15,2024-11-02 04:34:58
6136,35,29980.12,2,Cusco,BBVA,Plin,Pago de Tarjeta de Crédito,159.72,1,1,0.1,2024-08-19 04:34:58
6137,40,11458.08,8,Lima,BCP,Yape,Pago de Tarjeta de Crédito,204.31,1,0,0.2,2024-06-12 04:34:58
6138,43,24174.03,2,Lima,BCP,Yape,Transferencia Mismo Banco,210.63,0,1,0.3,2024-01-16 04:34:58
6139,26,29166.81,2,Lima,Scotiabank,Banca Móvil Propia,Retiro sin Tarjeta,106.96,1,1,0.0,2024-08-26 04:34:58
6140,27,19943.64,4,Piura,BCP,Yape,Pago de Tarjeta de Crédito,122.46,0,1,0.0,2024-08-12 04:34:58
6141,28,26514.15,0,Arequipa,BBVA,QR,Compras Online,133.36,0,1,0.15,2024-02-12 04:34:58
6142,41,13417.74,14,Lima,BCP,Plin,Pago de Servicios,277.68,1,1,0.15,2024-03-26 04:34:58
6143,47,13589.96,4,Lima,BBVA,Plin,Transferencia Mismo Banco,59.57,1,1,0.45,2024-01-22 04:34:58
6144,30,24794.04,3,Trujillo,Interbank,Lukita,Transferencia Interbancaria,89.43,0,1,0.15,2024-01-28 04:34:58
6145,45,30923.6,9,Arequipa,Scotiabank,Banca Móvil Propia,Compras Online,211.95,1,1,0.0,2024-10-20 04:34:58
6146,36,8626.27,10,Cusco,BBVA,Lukita,Transferencia Mismo Banco,50.58,0,1,0.25,2024-04-27 04:34:58
6147,33,28595.66,3,Lima,Interbank,Banca Móvil Propia,Retiro sin Tarjeta,166.28,1,1,0.5,2024-08-26 04:34:58
6148,32,16787.66,13,Trujillo,Interbank,Yape,Retiro sin Tarjeta,86.0,1,1,0.0,2024-03-11 04:34:58
6149,43,20002.19,0,Lima,BCP,Banca Móvil Propia,Retiro sin Tarjeta,245.99,0,1,0.35,2023-12-28 04:34:58
6150,38,11273.85,0,Trujillo,BCP,Yape,Pago de Tarjeta de Crédito,586.29,0,0,0.25,2024-05-13 04:34:58
6151,62,14388.6,4,Lima,Scotiabank,Tunki,Pago de Tarjeta de Crédito,86.09,1,1,0.1,2024-09-20 04:34:58
6152,24,35705.59,2,Cusco,Interbank,Web Banking,Transferencia Mismo Banco,316.62,0,1,0.35,2023-12-09 04:34:58
6153,41,22391.39,3,Trujillo,Interbank,Plin,Pago de Préstamos,181.38,0,1,0.0,2024-11-28 04:34:58
6154,28,18189.7,1,Lima,BCP,Banca Móvil Propia,Pago de Servicios,101.11,0,0,0.25,2024-05-19 04:34:58
6155,24,20780.2,2,Lima,Scotiabank,Plin,Compras Online,149.4,0,1,0.15,2023-12-21 04:34:58
6156,34,28130.39,8,Lima,BBVA,Yape,Compras Online,543.46,0,1,0.35,2024-07-28 04:34:58
6157,36,27453.45,4,Lima,Scotiabank,Tunki,Transferencia Interbancaria,124.98,0,1,0.15,2024-04-17 04:34:58
6158,70,21215.48,29,Lima,Pichincha,Banca Móvil Propia,Pago de Servicios,549.55,0,1,0.2,2024-12-04 04:34:58
6159,32,38043.27,7,Lima,Pichincha,Tunki,Pago de Tarjeta de Crédito,131.64,1,1,0.15,2024-02-02 04:34:58
6160,21,35783.11,1,Lima,Scotiabank,Plin,Compras Online,36.15,0,1,0.0,2024-03-06 04:34:58
6161,38,27083.66,1,Piura,BCP,Lukita,Pago de Tarjeta de Crédito,128.16,0,1,0.0,2024-01-25 04:34:58
6162,18,22636.2,2,Lima,Scotiabank,Yape,Transferencia Mismo Banco,33.44,0,1,0.6,2024-05-05 04:34:58
6163,33,30597.1,9,Lima,BCP,Yape,Pago de Servicios,108.02,0,1,0.0,2024-01-06 04:34:58
6164,35,25774.31,0,Arequipa,Scotiabank,QR,Recarga de Celular,103.95,0,1,0.1,2024-02-15 04:34:58
6165,44,37436.45,1,Trujillo,BCP,QR,Transferencia Interbancaria,913.11,0,1,0.3,2024-10-24 04:34:58
6166,46,34536.8,11,Lima,Interbank,Tunki,Recarga de Celular,742.01,0,1,0.3,2024-03-25 04:34:58
6167,28,13238.35,5,Cusco,BCP,QR,Recarga de Celular,161.64,1,1,0.15,2024-01-03 04:34:58
6168,33,12797.67,1,Lima,Scotiabank,Yape,Compras Online,498.38,0,0,0.0,2024-05-23 04:34:58
6169,25,15512.09,1,Piura,BCP,Yape,Pago de Servicios,99.71,0,1,0.15,2024-03-10 04:34:58
6170,21,35884.81,9,Arequipa,BBVA,Lukita,Recarga de Celular,35.61,0,0,0.2,2024-07-27 04:34:58
6171,38,10015.06,11,Lima,Scotiabank,Web Banking,Transferencia Interbancaria,251.6,0,1,0.2,2024-04-04 04:34:58
6172,19,26832.76,1,Arequipa,Interbank,Plin,Recarga de Celular,213.02,0,1,0.2,2024-11-12 04:34:58
6173,30,26404.02,2,Piura,BCP,Yape,Transferencia Mismo Banco,58.12,0,1,0.0,2024-09-30 04:34:58
6174,23,39392.24,8,Cusco,BBVA,Yape,Transferencia Interbancaria,60.75,0,1,0.25,2024-03-05 04:34:58
6175,41,24104.87,7,Arequipa,BCP,Yape,Compras Online,379.77,0,0,0.35,2024-07-08 04:34:58
6176,56,11253.06,8,Lima,Interbank,QR,Pago de Préstamos,27.56,0,1,0.2,2024-03-23 04:34:58
6177,19,13634.01,3,Piura,Pichincha,Banca Móvil Propia,Pago de Préstamos,259.35,0,0,0.35,2024-10-03 04:34:58
6178,18,12197.69,12,Piura,Interbank,Tunki,Pago de Préstamos,108.37,0,1,0.15,2024-11-24 04:34:58
6179,33,16831.85,1,Lima,BCP,Tunki,Transferencia Mismo Banco,259.71,0,0,0.0,2024-12-01 04:34:58
6180,35,20101.49,0,Lima,BBVA,QR,Transferencia Mismo Banco,398.74,0,1,0.1,2024-10-31 04:34:58
6181,37,12299.07,6,Arequipa,Pichincha,Yape,Pago de Préstamos,61.91,1,1,0.25,2024-08-10 04:34:58
6182,29,45951.0,3,Arequipa,BCP,Banca Móvil Propia,Pago de Tarjeta de Crédito,47.46,1,1,0.3,2024-10-03 04:34:58
6183,32,11354.39,9,Arequipa,BBVA,QR,Compras Online,643.09,0,0,0.35,2024-05-25 04:34:58
6184,39,43176.5,0,Trujillo,BBVA,Plin,Compras Online,140.16,0,1,0.25,2024-03-11 04:34:58
6185,47,39838.2,9,Trujillo,Scotiabank,QR,Pago de Préstamos,205.97,0,0,0.35,2024-08-30 04:34:58
6186,18,34515.07,1,Piura,Scotiabank,Banca Móvil Propia,Retiro sin Tarjeta,368.99,1,1,0.2,2024-02-29 04:34:58
6187,30,15570.24,5,Lima,BCP,Yape,Compras Online,56.75,0,0,0.15,2023-12-18 04:34:58
6188,37,26140.09,0,Lima,Interbank,Plin,Retiro sin Tarjeta,365.75,1,0,0.0,2024-02-03 04:34:58
6189,23,11629.66,4,Arequipa,BBVA,Banca Móvil Propia,Transferencia Mismo Banco,281.51,0,1,0.1,2024-11-09 04:34:58
6190,55,34733.28,6,Arequipa,BCP,Plin,Pago de Tarjeta de Crédito,645.5,1,1,0.0,2024-02-11 04:34:58
6191,27,21226.54,2,Lima,BCP,Plin,Compras Online,634.34,1,1,0.2,2024-08-21 04:34:58
6192,34,17949.9,1,Arequipa,BBVA,Plin,Recarga de Celular,158.13,0,1,0.35,2024-06-07 04:34:58
6193,41,11945.71,3,Piura,BCP,Banca Móvil Propia,Transferencia Mismo Banco,315.15,0,0,0.0,2024-09-02 04:34:58
6194,27,6382.06,8,Trujillo,Scotiabank,Plin,Transferencia Mismo Banco,155.17,0,1,0.15,2024-11-25 04:34:58
6195,18,13104.74,1,Trujillo,BCP,Yape,Retiro sin Tarjeta,171.61,0,1,0.2,2024-11-05 04:34:58
6196,29,38422.52,1,Trujillo,BCP,Yape,Compras Online,48.0,1,1,0.1,2024-02-18 04:34:58
6197,47,18008.21,1,Lima,BCP,Banca Móvil Propia,Pago de Servicios,118.57,0,1,0.15,2024-05-25 04:34:58
6198,30,20238.37,14,Lima,BCP,Yape,Pago de Servicios,24.66,0,0,0.0,2024-03-29 04:34:58
6199,24,30570.08,2,Lima,BBVA,Plin,Pago de Tarjeta de Crédito,129.35,1,1,0.1,2024-03-31 04:34:58
6200,46,50000.0,0,Trujillo,BBVA,Plin,Pago de Préstamos,555.6,0,1,0.15,2023-12-16 04:34:58
6201,31,42723.41,7,Lima,Interbank,Yape,Pago de Tarjeta de Crédito,323.09,0,1,0.45,2024-05-31 04:34:58
6202,28,13545.81,6,Arequipa,Pichincha,Plin,Pago de Servicios,166.04,0,1,0.1,2024-07-29 04:34:58
6203,36,8339.13,0,Trujillo,Scotiabank,Banca Móvil Propia,Transferencia Mismo Banco,121.26,1,0,0.0,2024-04-04 04:34:58
6204,44,50000.0,20,Trujillo,BCP,Banca Móvil Propia,Transferencia Mismo Banco,86.46,0,0,0.1,2024-06-11 04:34:58
6205,63,50000.0,4,Cusco,BanBif,Banca Móvil Propia,Pago de Préstamos,59.23,1,0,0.0,2024-04-18 04:34:58
6206,44,24202.88,3,Cusco,BBVA,Tunki,Recarga de Celular,336.52,0,0,0.0,2024-03-07 04:34:58
6207,48,11669.76,2,Lima,BBVA,Yape,Pago de Tarjeta de Crédito,31.98,0,1,0.25,2024-09-03 04:34:58
6208,28,35653.88,11,Lima,BBVA,Web Banking,Pago de Préstamos,31.25,0,1,0.15,2023-12-25 04:34:58
6209,22,20868.75,1,Lima,BCP,Yape,Compras Online,366.63,1,1,0.0,2024-06-23 04:34:58
6210,35,20816.67,1,Otros,Scotiabank,Banca Móvil Propia,Retiro sin Tarjeta,182.7,0,1,0.0,2024-06-13 04:34:58
6211,36,34448.8,0,Lima,BCP,QR,Pago de Tarjeta de Crédito,155.22,0,1,0.0,2024-11-13 04:34:58
6212,22,26034.75,7,Arequipa,BBVA,Banca Móvil Propia,Transferencia Mismo Banco,182.56,0,1,0.2,2024-04-13 04:34:58
6213,32,12174.42,4,Arequipa,BCP,Yape,Transferencia Interbancaria,1107.75,0,0,0.0,2024-07-12 04:34:58
6214,39,18725.27,4,Trujillo,Scotiabank,Plin,Pago de Tarjeta de Crédito,156.97,1,1,0.15,2024-07-13 04:34:58
6215,39,30655.78,1,Lima,Scotiabank,Yape,Transferencia Interbancaria,199.0,1,0,0.0,2024-02-17 04:34:58
6216,41,28427.89,5,Otros,BCP,Banca Móvil Propia,Pago de Préstamos,1162.19,0,0,0.0,2024-10-04 04:34:58
6217,38,25109.67,7,Lima,Interbank,Banca Móvil Propia,Retiro sin Tarjeta,139.27,0,1,0.15,2024-11-29 04:34:58
6218,28,35126.51,2,Trujillo,Interbank,Lukita,Compras Online,834.07,0,1,0.1,2024-09-15 04:34:58
6219,28,18382.26,8,Otros,BBVA,Yape,Pago de Préstamos,18.05,0,1,0.25,2024-01-20 04:34:58
6220,20,24084.77,2,Piura,Interbank,QR,Transferencia Interbancaria,46.44,1,1,0.15,2024-09-03 04:34:58
6221,56,4073.31,7,Lima,BBVA,Banca Móvil Propia,Compras Online,76.1,1,1,0.0,2024-06-08 04:34:58
6222,35,17591.57,0,Lima,BCP,Yape,Transferencia Interbancaria,266.13,0,1,0.0,2024-02-21 04:34:58
6223,32,32271.88,4,Arequipa,Interbank,Plin,Compras Online,874.8,0,0,0.3,2024-02-01 04:34:58
6224,23,18120.57,17,Lima,BBVA,Banca Móvil Propia,Retiro sin Tarjeta,82.2,0,1,0.2,2024-04-25 04:34:58
6225,70,17446.36,19,Cusco,BBVA,Tunki,Pago de Tarjeta de Crédito,394.75,0,1,0.45,2024-01-28 04:34:58
6226,22,13085.68,1,Arequipa,Scotiabank,Yape,Compras Online,1390.23,0,1,0.2,2024-09-10 04:34:58
6227,29,36376.67,2,Lima,BCP,Yape,Transferencia Mismo Banco,709.64,0,0,0.1,2024-04-17 04:34:58
6228,39,28976.25,0,Piura,BCP,Banca Móvil Propia,Transferencia Mismo Banco,99.1,0,1,0.1,2024-07-02 04:34:58
6229,42,33279.85,10,Lima,BCP,Yape,Recarga de Celular,353.74,0,1,0.5,2024-02-23 04:34:58
6230,46,9291.85,4,Lima,BCP,Yape,Transferencia Mismo Banco,208.39,0,1,0.15,2024-05-25 04:34:58
6231,56,20328.42,2,Piura,BCP,Lukita,Pago de Préstamos,76.75,1,1,0.0,2023-12-26 04:34:58
6232,41,19147.83,0,Lima,Pichincha,Banca Móvil Propia,Transferencia Interbancaria,227.53,0,0,0.1,2024-01-29 04:34:58
6233,22,19143.42,14,Cusco,BCP,Banca Móvil Propia,Compras Online,92.41,1,1,0.0,2024-08-21 04:34:58
6234,31,16187.36,3,Lima,Interbank,Tunki,Pago de Préstamos,168.07,0,1,0.65,2023-12-09 04:34:58
6235,38,18526.32,1,Trujillo,BCP,Tunki,Compras Online,37.4,0,1,0.15,2024-05-27 04:34:58
6236,59,33685.49,2,Otros,Interbank,Banca Móvil Propia,Transferencia Interbancaria,25.46,0,1,0.0,2024-04-05 04:34:58
6237,18,8463.98,1,Trujillo,Pichincha,Web Banking,Recarga de Celular,111.44,0,1,0.35,2024-06-27 04:34:58
6238,49,50000.0,4,Arequipa,BCP,Yape,Retiro sin Tarjeta,204.0,0,1,0.2,2024-11-28 04:34:58
6239,37,28054.96,13,Trujillo,Scotiabank,Plin,Pago de Préstamos,48.04,0,1,0.15,2024-01-06 04:34:58
6240,45,21565.15,9,Arequipa,Pichincha,Yape,Compras Online,251.21,0,1,0.35,2024-01-18 04:34:58
6241,33,34662.62,3,Cusco,BBVA,Banca Móvil Propia,Transferencia Interbancaria,154.9,0,0,0.2,2024-02-22 04:34:58
6242,24,10658.18,8,Lima,BCP,Plin,Transferencia Mismo Banco,284.36,0,1,0.1,2024-09-09 04:34:58
6243,44,15798.17,2,Lima,Interbank,Yape,Transferencia Mismo Banco,382.08,1,1,0.1,2024-11-14 04:34:58
6244,42,20732.59,1,Lima,Scotiabank,Plin,Pago de Préstamos,568.83,0,1,0.1,2024-07-23 04:34:58
6245,46,43598.59,20,Lima,BCP,Yape,Pago de Préstamos,271.31,0,1,0.2,2023-12-13 04:34:58
6246,34,21520.29,1,Cusco,BBVA,Plin,Pago de Préstamos,110.47,1,1,0.35,2024-06-27 04:34:58
6247,27,27585.0,1,Lima,BCP,Web Banking,Transferencia Mismo Banco,179.26,0,1,0.0,2024-06-30 04:34:58
6248,18,16402.85,22,Arequipa,BCP,Banca Móvil Propia,Transferencia Interbancaria,1524.13,0,1,0.15,2024-08-01 04:34:58
6249,44,28097.08,0,Otros,Scotiabank,Yape,Pago de Servicios,397.61,0,1,0.0,2024-02-24 04:34:58
6250,40,50000.0,7,Cusco,BBVA,Plin,Transferencia Interbancaria,159.42,0,1,0.1,2024-09-12 04:34:58
6251,23,36234.37,13,Lima,BCP,Yape,Transferencia Interbancaria,127.67,0,1,0.15,2024-01-25 04:34:58
6252,28,21147.39,3,Lima,Interbank,Lukita,Pago de Servicios,81.59,0,0,0.0,2024-11-23 04:34:58
6253,29,30876.34,0,Arequipa,BCP,Plin,Pago de Servicios,45.28,0,0,0.25,2024-03-22 04:34:58
6254,18,29400.25,2,Cusco,BCP,Web Banking,Transferencia Mismo Banco,819.02,1,0,0.15,2024-02-04 04:34:58
6255,25,28375.85,0,Arequipa,BBVA,Banca Móvil Propia,Pago de Préstamos,239.49,1,0,0.15,2024-10-23 04:34:58
6256,21,38406.3,2,Lima,BBVA,Banca Móvil Propia,Transferencia Mismo Banco,41.73,0,0,0.2,2024-11-23 04:34:58
6257,30,38263.01,7,Cusco,BCP,Lukita,Transferencia Mismo Banco,130.93,0,1,0.1,2024-08-20 04:34:58
6258,26,20669.63,2,Cusco,BCP,Banca Móvil Propia,Transferencia Interbancaria,528.74,0,1,0.15,2024-10-25 04:34:58
6259,18,30361.77,2,Lima,BBVA,Plin,Pago de Tarjeta de Crédito,94.92,0,1,0.3,2024-01-31 04:34:58
6260,59,18186.82,4,Lima,Scotiabank,Banca Móvil Propia,Retiro sin Tarjeta,65.73,0,1,0.15,2024-06-09 04:34:58
6261,50,13883.6,4,Lima,Scotiabank,Banca Móvil Propia,Pago de Tarjeta de Crédito,212.04,0,0,0.0,2024-02-21 04:34:58
6262,25,19249.75,9,Lima,BCP,Plin,Pago de Préstamos,286.62,1,0,0.0,2024-05-25 04:34:58
6263,38,21202.21,1,Otros,BBVA,Plin,Recarga de Celular,95.04,0,1,0.0,2024-10-27 04:34:58
6264,40,9597.04,8,Cusco,Scotiabank,Plin,Retiro sin Tarjeta,81.49,0,1,0.0,2024-05-31 04:34:58
6265,49,33865.98,4,Lima,BBVA,Plin,Pago de Servicios,235.24,0,1,0.15,2024-06-01 04:34:58
6266,25,5521.13,1,Piura,BanBif,Yape,Transferencia Interbancaria,48.19,0,1,0.35,2024-05-15 04:34:58
6267,48,50000.0,1,Arequipa,BanBif,Web Banking,Pago de Tarjeta de Crédito,86.64,1,1,0.0,2024-11-30 04:34:58
6268,28,46673.86,2,Lima,BCP,Banca Móvil Propia,Transferencia Interbancaria,131.58,0,1,0.25,2024-09-01 04:34:58
6269,18,19331.59,4,Piura,BCP,Banca Móvil Propia,Recarga de Celular,310.76,1,0,0.35,2024-03-24 04:34:58
6270,43,22130.53,1,Piura,BCP,Tunki,Pago de Préstamos,96.77,0,1,0.15,2024-05-21 04:34:58
6271,50,25629.16,12,Lima,BCP,Banca Móvil Propia,Retiro sin Tarjeta,260.68,1,1,0.2,2024-09-30 04:34:58
6272,66,16406.29,4,Trujillo,BanBif,Web Banking,Compras Online,476.29,1,0,0.55,2024-11-19 04:34:58
6273,20,24253.34,12,Lima,BanBif,Plin,Pago de Servicios,89.44,0,0,0.0,2024-10-26 04:34:58
6274,43,20496.31,0,Otros,BCP,Banca Móvil Propia,Recarga de Celular,3725.4,0,1,0.35,2024-06-07 04:34:58
6275,30,21012.31,2,Lima,BBVA,Plin,Transferencia Interbancaria,613.74,0,0,0.35,2024-11-06 04:34:58
6276,44,24118.41,0,Lima,BBVA,QR,Recarga de Celular,194.89,0,0,0.1,2023-12-13 04:34:58
6277,18,11421.31,1,Piura,BBVA,QR,Transferencia Mismo Banco,123.74,0,0,0.0,2024-08-06 04:34:58
6278,19,22466.6,9,Piura,Interbank,Web Banking,Retiro sin Tarjeta,85.17,1,1,0.15,2024-10-02 04:34:58
6279,25,23902.15,0,Trujillo,BanBif,Yape,Pago de Servicios,781.54,1,1,0.0,2024-02-09 04:34:58
6280,35,23492.23,2,Lima,BCP,Yape,Transferencia Mismo Banco,183.19,0,1,0.35,2024-10-01 04:34:58
6281,27,19773.24,0,Lima,BCP,Yape,Retiro sin Tarjeta,35.2,0,1,0.0,2024-06-19 04:34:58
6282,42,38906.98,2,Lima,BCP,Plin,Transferencia Mismo Banco,26.79,0,1,0.0,2024-02-07 04:34:58
6283,47,18456.53,9,Lima,BBVA,Tunki,Recarga de Celular,166.08,0,1,0.35,2024-02-06 04:34:58
6284,42,24677.89,4,Lima,BCP,Yape,Pago de Servicios,169.77,0,1,0.0,2024-02-06 04:34:58
6285,54,42135.62,6,Trujillo,BBVA,Banca Móvil Propia,Pago de Tarjeta de Crédito,59.32,0,1,0.15,2024-11-25 04:34:58
6286,39,21169.4,2,Lima,BBVA,Plin,Recarga de Celular,32.64,0,1,0.15,2024-03-08 04:34:58
6287,20,24519.69,14,Cusco,Scotiabank,QR,Recarga de Celular,20.84,0,1,0.0,2024-03-16 04:34:58
6288,51,20990.13,6,Lima,BBVA,Plin,Pago de Préstamos,69.45,0,1,0.0,2024-01-07 04:34:58
6289,27,40891.8,2,Lima,BCP,Yape,Retiro sin Tarjeta,103.26,0,1,0.1,2024-12-01 04:34:58
6290,45,19363.36,2,Cusco,Scotiabank,Banca Móvil Propia,Pago de Servicios,296.42,1,1,0.15,2024-06-11 04:34:58
6291,53,41842.9,12,Arequipa,Scotiabank,Banca Móvil Propia,Pago de Servicios,130.28,1,0,0.25,2024-11-11 04:34:58
6292,40,20914.67,4,Arequipa,BCP,Yape,Recarga de Celular,430.09,1,1,0.2,2024-05-23 04:34:58
6293,18,14332.29,6,Arequipa,BCP,Lukita,Pago de Préstamos,271.8,0,1,0.0,2024-11-15 04:34:58
6294,23,30936.33,2,Lima,Scotiabank,Banca Móvil Propia,Pago de Servicios,247.95,0,1,0.3,2024-05-02 04:34:58
6295,50,18914.16,1,Trujillo,BCP,QR,Transferencia Interbancaria,395.14,1,0,0.15,2024-11-17 04:34:58
6296,32,30038.96,6,Lima,BCP,QR,Pago de Préstamos,37.09,0,1,0.25,2024-11-13 04:34:58
6297,35,5626.81,4,Cusco,BBVA,Banca Móvil Propia,Pago de Servicios,86.81,0,0,0.15,2024-04-22 04:34:58
6298,44,22083.87,3,Trujillo,BCP,QR,Recarga de Celular,1638.3,0,1,0.2,2024-02-14 04:34:58
6299,43,17504.22,4,Lima,BCP,Lukita,Transferencia Interbancaria,22.06,0,1,0.15,2024-07-26 04:34:58
6300,38,12943.78,1,Lima,BBVA,Web Banking,Pago de Préstamos,110.19,1,0,0.0,2024-04-21 04:34:58
6301,32,16703.6,7,Lima,Scotiabank,QR,Transferencia Interbancaria,238.92,1,0,0.0,2024-11-15 04:34:58
6302,31,16533.57,14,Trujillo,Scotiabank,QR,Retiro sin Tarjeta,22.72,0,0,0.1,2024-02-17 04:34:58
6303,45,21504.28,11,Arequipa,Pichincha,Tunki,Recarga de Celular,69.92,0,1,0.25,2024-04-10 04:34:58
6304,41,11118.18,1,Arequipa,BCP,Yape,Pago de Servicios,1092.25,0,1,0.3,2024-11-26 04:34:58
6305,31,25800.18,2,Piura,BCP,QR,Pago de Tarjeta de Crédito,175.99,0,0,0.15,2024-09-11 04:34:58
6306,47,43612.86,8,Otros,Scotiabank,Lukita,Transferencia Interbancaria,83.56,0,0,0.0,2024-10-04 04:34:58
6307,33,25348.23,4,Arequipa,BBVA,Plin,Recarga de Celular,183.18,1,1,0.0,2024-02-02 04:34:58
6308,24,33007.64,3,Trujillo,BCP,Yape,Retiro sin Tarjeta,83.4,0,0,0.0,2023-12-29 04:34:58
6309,25,38073.78,13,Arequipa,BCP,Banca Móvil Propia,Transferencia Mismo Banco,822.64,1,1,0.35,2023-12-10 04:34:58
6310,23,40873.81,3,Lima,BCP,Plin,Transferencia Mismo Banco,55.09,1,0,0.1,2024-01-12 04:34:58
6311,31,50000.0,3,Lima,BBVA,Yape,Pago de Servicios,87.99,0,1,0.0,2024-08-27 04:34:58
6312,49,17161.07,0,Lima,BCP,Yape,Compras Online,33.37,1,1,0.0,2024-11-07 04:34:58
6313,25,15379.0,0,Lima,Pichincha,Lukita,Transferencia Mismo Banco,110.45,1,0,0.0,2023-12-26 04:34:58
6314,37,32589.09,0,Cusco,BCP,Yape,Transferencia Interbancaria,124.64,1,1,0.0,2024-06-08 04:34:58
6315,27,31386.5,12,Lima,Pichincha,Banca Móvil Propia,Pago de Tarjeta de Crédito,490.61,0,1,0.35,2024-04-04 04:34:58
6316,31,32462.4,2,Arequipa,Scotiabank,QR,Transferencia Interbancaria,53.69,0,1,0.25,2024-05-03 04:34:58
6317,18,50000.0,3,Lima,BBVA,Lukita,Recarga de Celular,240.72,0,1,0.0,2024-12-03 04:34:58
6318,32,22152.04,9,Arequipa,Interbank,Yape,Pago de Servicios,161.86,1,1,0.15,2024-11-06 04:34:58
6319,32,27257.34,4,Lima,Interbank,Yape,Pago de Tarjeta de Crédito,22.36,0,1,0.6,2024-03-14 04:34:58
6320,41,13491.38,4,Arequipa,BCP,Tunki,Recarga de Celular,71.86,0,1,0.15,2024-07-29 04:34:58
6321,37,50000.0,1,Arequipa,BCP,Banca Móvil Propia,Compras Online,69.06,0,1,0.15,2024-03-03 04:34:58
6322,20,18615.08,8,Lima,BBVA,Yape,Pago de Tarjeta de Crédito,798.74,1,1,0.0,2024-07-17 04:34:58
6323,48,18880.63,0,Lima,Interbank,Plin,Recarga de Celular,256.14,0,1,0.0,2024-06-05 04:34:58
6324,37,18520.34,0,Cusco,BBVA,QR,Pago de Préstamos,171.51,0,1,0.15,2024-12-04 04:34:58
6325,37,15955.39,1,Arequipa,BBVA,QR,Pago de Servicios,2.02,1,0,0.15,2024-01-25 04:34:58
6326,34,15295.0,1,Lima,BBVA,Tunki,Pago de Tarjeta de Crédito,22.02,0,1,0.0,2024-06-11 04:34:58
6327,28,16952.11,1,Arequipa,BBVA,Yape,Pago de Tarjeta de Crédito,307.29,1,1,0.3,2024-07-06 04:34:58
6328,37,11126.69,5,Lima,BBVA,Plin,Recarga de Celular,324.42,0,1,0.35,2024-08-01 04:34:58
6329,40,14873.57,1,Arequipa,BBVA,Plin,Compras Online,70.65,0,1,0.1,2024-05-28 04:34:58
6330,18,50000.0,5,Lima,Scotiabank,Plin,Compras Online,152.58,1,1,0.1,2024-03-29 04:34:58
6331,28,31819.28,0,Lima,Interbank,Tunki,Pago de Tarjeta de Crédito,142.13,1,1,0.15,2024-08-02 04:34:58
6332,31,34994.71,0,Lima,Interbank,Banca Móvil Propia,Transferencia Mismo Banco,175.82,0,1,0.1,2024-06-05 04:34:58
6333,38,39680.07,3,Cusco,BBVA,Yape,Retiro sin Tarjeta,102.31,0,0,0.0,2024-04-23 04:34:58
6334,49,50000.0,12,Lima,Interbank,QR,Recarga de Celular,335.41,0,0,0.0,2024-10-30 04:34:58
6335,25,9084.17,9,Lima,BBVA,Banca Móvil Propia,Pago de Tarjeta de Crédito,448.59,0,1,0.2,2023-12-30 04:34:58
6336,29,11909.1,17,Lima,BCP,Tunki,Transferencia Interbancaria,56.85,1,1,0.0,2024-04-12 04:34:58
6337,28,14737.32,5,Arequipa,Pichincha,Web Banking,Pago de Préstamos,44.95,1,0,0.0,2024-10-27 04:34:58
6338,25,17415.83,5,Cusco,BCP,Banca Móvil Propia,Transferencia Interbancaria,66.95,1,0,0.15,2024-04-30 04:34:58
6339,30,18952.96,4,Arequipa,BBVA,QR,Pago de Préstamos,155.82,0,1,0.0,2024-09-18 04:34:58
6340,44,17615.09,4,Trujillo,BCP,Yape,Transferencia Mismo Banco,211.8,1,1,0.0,2024-04-23 04:34:58
6341,22,24579.17,0,Lima,BCP,Yape,Recarga de Celular,326.51,0,1,0.35,2024-08-17 04:34:58
6342,40,22418.63,3,Lima,Scotiabank,Banca Móvil Propia,Pago de Préstamos,392.06,0,1,0.2,2024-04-18 04:34:58
6343,18,15345.58,2,Trujillo,BBVA,Banca Móvil Propia,Compras Online,213.25,0,0,0.2,2024-03-16 04:34:58
6344,28,7422.16,2,Lima,Scotiabank,Plin,Recarga de Celular,186.72,0,1,0.3,2024-01-16 04:34:58
6345,31,13407.45,3,Lima,BCP,Banca Móvil Propia,Pago de Servicios,771.93,0,1,0.1,2024-10-18 04:34:58
6346,55,16737.06,0,Lima,BCP,Yape,Compras Online,149.16,0,0,0.0,2024-02-15 04:34:58
6347,31,19466.69,2,Lima,BCP,Banca Móvil Propia,Recarga de Celular,267.75,0,0,0.3,2024-04-14 04:34:58
6348,18,12521.05,0,Lima,Interbank,Tunki,Compras Online,204.44,0,0,0.45,2023-12-07 04:34:58
6349,18,17233.26,19,Piura,Scotiabank,Banca Móvil Propia,Recarga de Celular,124.81,0,1,0.1,2023-12-26 04:34:58
6350,35,12512.79,0,Lima,BBVA,Tunki,Transferencia Interbancaria,125.64,0,0,0.25,2024-11-23 04:34:58
6351,42,20683.47,1,Trujillo,BBVA,Web Banking,Pago de Servicios,556.66,0,0,0.0,2024-08-07 04:34:58
6352,39,12880.3,11,Cusco,Pichincha,Plin,Compras Online,135.61,1,0,0.0,2024-01-11 04:34:58
6353,37,14408.13,3,Arequipa,BCP,Web Banking,Recarga de Celular,104.31,1,1,0.0,2023-12-14 04:34:58
6354,48,11449.0,0,Trujillo,BBVA,Yape,Pago de Tarjeta de Crédito,71.02,0,1,0.0,2024-02-19 04:34:58
6355,28,20399.17,2,Lima,BBVA,Banca Móvil Propia,Transferencia Mismo Banco,226.45,0,0,0.4,2024-06-27 04:34:58
6356,45,14282.3,0,Trujillo,BCP,Plin,Pago de Préstamos,88.93,0,1,0.15,2024-05-12 04:34:58
6357,18,34661.75,1,Trujillo,BCP,Lukita,Recarga de Celular,206.81,0,1,0.3,2024-01-02 04:34:58
6358,24,26982.0,0,Lima,BCP,Banca Móvil Propia,Pago de Servicios,177.28,0,0,0.15,2024-04-29 04:34:58
6359,18,21270.45,2,Cusco,Scotiabank,QR,Transferencia Mismo Banco,96.8,1,0,0.1,2024-03-08 04:34:58
6360,31,14783.36,8,Otros,Interbank,Yape,Transferencia Mismo Banco,36.76,1,0,0.15,2024-04-28 04:34:58
6361,34,26642.43,4,Piura,Scotiabank,QR,Transferencia Mismo Banco,53.03,1,1,0.15,2024-11-16 04:34:58
6362,36,31112.05,4,Lima,BBVA,Plin,Transferencia Interbancaria,62.06,1,1,0.15,2024-06-26 04:34:58
6363,35,23655.34,1,Trujillo,BBVA,Yape,Transferencia Interbancaria,54.38,0,1,0.0,2024-01-29 04:34:58
6364,23,49111.62,2,Lima,Interbank,Plin,Transferencia Mismo Banco,233.99,0,1,0.0,2024-09-19 04:34:58
6365,32,27717.48,9,Arequipa,BanBif,Tunki,Pago de Tarjeta de Crédito,1247.85,0,1,0.0,2024-05-26 04:34:58
6366,18,34780.2,0,Piura,BCP,Banca Móvil Propia,Transferencia Interbancaria,89.03,1,1,0.0,2024-10-31 04:34:58
6367,51,23547.68,9,Lima,BCP,Yape,Transferencia Mismo Banco,101.06,0,1,0.15,2024-04-11 04:34:58
6368,31,30879.02,3,Trujillo,Interbank,Yape,Transferencia Mismo Banco,82.72,0,1,0.0,2024-06-15 04:34:58
6369,29,14788.56,9,Otros,Pichincha,Banca Móvil Propia,Retiro sin Tarjeta,349.91,0,1,0.2,2024-10-22 04:34:58
6370,54,17514.79,1,Lima,Pichincha,Web Banking,Transferencia Interbancaria,227.32,0,0,0.15,2024-02-07 04:34:58
6371,20,26230.6,2,Trujillo,Interbank,Banca Móvil Propia,Retiro sin Tarjeta,145.97,0,1,0.15,2024-03-06 04:34:58
6372,21,26135.5,6,Lima,BCP,Banca Móvil Propia,Pago de Tarjeta de Crédito,44.12,0,1,0.0,2024-05-21 04:34:58
6373,21,28390.39,7,Lima,BCP,Tunki,Pago de Tarjeta de Crédito,56.39,0,1,0.0,2024-11-07 04:34:58
6374,34,38184.94,1,Trujillo,BanBif,QR,Compras Online,176.85,1,1,0.15,2024-03-04 04:34:58
6375,40,10802.3,18,Lima,BBVA,Web Banking,Transferencia Mismo Banco,185.54,0,0,0.2,2024-10-26 04:34:58
6376,43,13531.47,0,Lima,BCP,Plin,Transferencia Mismo Banco,146.04,0,0,0.3,2024-03-13 04:34:58
6377,65,24705.63,0,Lima,BanBif,Tunki,Retiro sin Tarjeta,288.57,1,1,0.0,2024-06-06 04:34:58
6378,18,15333.85,4,Trujillo,BCP,QR,Pago de Servicios,43.7,0,0,0.15,2024-08-02 04:34:58
6379,42,50000.0,6,Lima,Interbank,Web Banking,Transferencia Mismo Banco,201.06,1,1,0.1,2024-05-30 04:34:58
6380,28,28505.71,16,Lima,Interbank,Yape,Pago de Tarjeta de Crédito,190.18,1,1,0.3,2024-07-28 04:34:58
6381,27,21180.47,2,Lima,BCP,Tunki,Pago de Tarjeta de Crédito,56.94,0,0,0.15,2024-04-11 04:34:58
6382,27,17022.06,0,Lima,BCP,Banca Móvil Propia,Compras Online,81.05,1,0,0.15,2024-10-17 04:34:58
6383,24,17325.23,4,Trujillo,BCP,Plin,Transferencia Interbancaria,296.82,0,1,0.15,2024-07-01 04:34:58
6384,55,22360.93,1,Arequipa,Interbank,Tunki,Recarga de Celular,47.53,0,1,0.0,2024-05-28 04:34:58
6385,45,23294.93,2,Cusco,BBVA,Banca Móvil Propia,Compras Online,1743.71,1,1,0.35,2024-04-21 04:34:58
6386,35,17529.67,3,Lima,BCP,Yape,Pago de Préstamos,258.72,1,1,0.0,2024-02-19 04:34:58
6387,51,19214.57,0,Arequipa,Pichincha,Plin,Pago de Tarjeta de Crédito,140.14,1,0,0.0,2024-09-28 04:34:58
6388,18,43137.25,3,Otros,BCP,Web Banking,Recarga de Celular,115.34,1,0,0.0,2024-04-11 04:34:58
6389,19,44013.54,2,Lima,BCP,Banca Móvil Propia,Recarga de Celular,326.43,0,0,0.0,2024-01-29 04:34:58
6390,18,24984.65,6,Otros,BCP,QR,Compras Online,98.36,1,1,0.15,2023-12-10 04:34:58
6391,26,11264.03,5,Lima,BCP,Lukita,Retiro sin Tarjeta,102.48,1,1,0.15,2024-02-03 04:34:58
6392,36,28832.3,1,Lima,Pichincha,Banca Móvil Propia,Transferencia Mismo Banco,634.34,0,1,0.45,2024-11-04 04:34:58
6393,36,47912.96,1,Lima,BCP,Lukita,Compras Online,92.61,1,0,0.0,2023-12-20 04:34:58
6394,36,43690.7,1,Trujillo,BBVA,Plin,Pago de Tarjeta de Crédito,170.05,0,1,0.2,2024-08-26 04:34:58
6395,18,31799.73,0,Piura,Scotiabank,Banca Móvil Propia,Pago de Tarjeta de Crédito,69.39,0,1,0.0,2024-07-30 04:34:58
6396,44,44855.95,5,Lima,Interbank,Banca Móvil Propia,Pago de Servicios,192.3,0,1,0.0,2024-04-27 04:34:58
6397,37,22622.32,25,Trujillo,BBVA,Banca Móvil Propia,Transferencia Interbancaria,265.23,0,1,0.1,2024-07-18 04:34:58
6398,43,30153.36,5,Piura,Scotiabank,Yape,Compras Online,798.63,0,1,0.2,2024-03-18 04:34:58
6399,18,15671.71,4,Arequipa,Interbank,Plin,Recarga de Celular,58.13,1,1,0.4,2024-02-09 04:34:58
6400,38,25492.33,2,Arequipa,BCP,Yape,Pago de Préstamos,34.89,0,1,0.0,2024-03-20 04:34:58
6401,20,42820.28,1,Otros,Interbank,Banca Móvil Propia,Recarga de Celular,113.66,0,0,0.25,2023-12-30 04:34:58
6402,30,16404.13,12,Cusco,BanBif,Web Banking,Transferencia Interbancaria,80.07,0,0,0.15,2024-06-28 04:34:58
6403,41,14318.08,17,Lima,BBVA,Web Banking,Recarga de Celular,146.14,0,0,0.3,2024-06-07 04:34:58
6404,36,23126.73,3,Piura,Interbank,Plin,Retiro sin Tarjeta,250.13,0,1,0.15,2024-11-10 04:34:58
6405,24,19666.44,1,Trujillo,Pichincha,Plin,Compras Online,1429.42,0,1,0.2,2024-03-11 04:34:58
6406,35,30472.32,7,Piura,Interbank,Yape,Transferencia Mismo Banco,94.49,1,1,0.15,2024-08-10 04:34:58
6407,18,17559.85,0,Trujillo,BCP,Yape,Transferencia Mismo Banco,16.27,0,1,0.15,2024-07-26 04:34:58
6408,48,50000.0,7,Arequipa,BCP,Lukita,Pago de Servicios,116.98,0,1,0.0,2024-05-08 04:34:58
6409,32,11558.33,8,Lima,BBVA,QR,Compras Online,210.72,0,1,0.35,2024-02-08 04:34:58
6410,48,41227.77,0,Lima,BCP,Yape,Compras Online,56.28,1,0,0.15,2024-08-20 04:34:58
6411,28,15026.57,18,Lima,Pichincha,Plin,Retiro sin Tarjeta,187.48,1,0,0.1,2024-11-10 04:34:58
6412,28,8973.3,21,Trujillo,BBVA,Plin,Compras Online,170.29,0,0,0.1,2023-12-20 04:34:58
6413,25,24808.4,13,Lima,BBVA,Plin,Pago de Servicios,192.45,0,1,0.2,2024-07-31 04:34:58
6414,45,19393.55,3,Piura,Interbank,QR,Recarga de Celular,327.45,1,0,0.25,2024-06-29 04:34:58
6415,26,12647.25,1,Piura,BBVA,Banca Móvil Propia,Pago de Tarjeta de Crédito,136.63,0,0,0.25,2024-08-21 04:34:58
6416,42,9502.51,4,Lima,BBVA,Lukita,Pago de Préstamos,256.6,1,0,0.2,2024-03-24 04:34:58
6417,30,21934.58,2,Trujillo,BCP,Tunki,Transferencia Mismo Banco,24.56,0,1,0.2,2024-09-05 04:34:58
6418,18,35879.39,1,Trujillo,BBVA,Plin,Pago de Préstamos,56.69,1,0,0.0,2024-06-13 04:34:58
6419,28,29509.77,2,Trujillo,Scotiabank,Plin,Pago de Servicios,105.47,0,1,0.0,2024-06-14 04:34:58
6420,20,22659.93,5,Trujillo,Interbank,Yape,Pago de Préstamos,54.32,1,0,0.0,2024-08-26 04:34:58
6421,35,27985.0,0,Arequipa,BBVA,Lukita,Pago de Servicios,149.4,0,1,0.0,2024-07-05 04:34:58
6422,20,21728.78,2,Lima,BCP,Lukita,Retiro sin Tarjeta,105.24,0,0,0.1,2024-01-16 04:34:58
6423,46,10776.66,0,Trujillo,Scotiabank,QR,Pago de Préstamos,94.15,0,1,0.0,2024-04-16 04:34:58
6424,33,10824.34,6,Lima,BanBif,Yape,Pago de Tarjeta de Crédito,359.17,0,1,0.15,2023-12-30 04:34:58
6425,32,19898.82,5,Arequipa,BBVA,Lukita,Recarga de Celular,161.39,0,0,0.1,2024-02-11 04:34:58
6426,42,20326.35,0,Piura,Interbank,Yape,Transferencia Interbancaria,50.21,0,1,0.3,2024-11-21 04:34:58
6427,46,33708.03,16,Lima,BBVA,Yape,Retiro sin Tarjeta,81.18,1,1,0.0,2024-02-10 04:34:58
6428,34,32165.58,0,Cusco,BBVA,Plin,Retiro sin Tarjeta,315.2,0,1,0.2,2024-05-24 04:34:58
6429,25,29809.03,4,Piura,Scotiabank,Tunki,Recarga de Celular,181.22,1,1,0.4,2024-09-20 04:34:58
6430,18,19146.18,7,Piura,BCP,Lukita,Compras Online,490.75,0,0,0.0,2024-11-30 04:34:58
6431,26,11044.35,7,Lima,BBVA,Banca Móvil Propia,Transferencia Interbancaria,346.04,0,1,0.3,2024-01-09 04:34:58
6432,27,27066.05,0,Trujillo,BCP,Yape,Retiro sin Tarjeta,100.58,1,1,0.0,2024-04-20 04:34:58
6433,36,28640.72,11,Trujillo,BCP,Yape,Pago de Servicios,623.6,0,1,0.0,2024-12-03 04:34:58
6434,30,6672.4,12,Lima,Interbank,Plin,Pago de Servicios,677.1,0,1,0.2,2024-03-14 04:34:58
6435,43,14513.45,4,Lima,BCP,Yape,Compras Online,24.89,0,1,0.15,2024-02-13 04:34:58
6436,27,15591.37,3,Piura,BBVA,Plin,Pago de Servicios,153.21,0,0,0.15,2024-06-12 04:34:58
6437,34,23369.22,0,Lima,BCP,Banca Móvil Propia,Pago de Tarjeta de Crédito,85.64,0,1,0.25,2023-12-13 04:34:58
6438,49,14739.99,4,Otros,Interbank,Plin,Pago de Tarjeta de Crédito,114.38,0,1,0.15,2024-03-01 04:34:58
6439,39,21610.46,2,Lima,BCP,Lukita,Pago de Préstamos,65.62,1,1,0.5,2024-09-10 04:34:58
6440,34,19825.66,7,Lima,Interbank,Tunki,Pago de Servicios,57.89,1,1,0.0,2024-10-22 04:34:58
6441,27,20341.64,2,Lima,Interbank,Plin,Transferencia Interbancaria,365.47,0,1,0.35,2024-10-22 04:34:58
6442,27,15395.07,5,Lima,Pichincha,Tunki,Pago de Préstamos,46.15,0,1,0.15,2024-02-10 04:34:58
6443,24,16002.62,0,Lima,BanBif,Lukita,Pago de Tarjeta de Crédito,162.94,0,0,0.3,2024-08-06 04:34:58
6444,28,12834.17,0,Piura,BCP,Plin,Recarga de Celular,38.51,0,1,0.15,2024-11-03 04:34:58
6445,44,26636.39,0,Lima,BCP,Yape,Recarga de Celular,528.16,0,1,0.2,2024-11-20 04:34:58
6446,32,29306.11,0,Lima,Interbank,Web Banking,Transferencia Interbancaria,152.94,1,1,0.3,2024-05-15 04:34:58
6447,18,14983.29,3,Arequipa,Interbank,Yape,Recarga de Celular,312.71,1,1,0.45,2024-07-13 04:34:58
6448,56,47113.74,7,Lima,BCP,QR,Pago de Servicios,180.39,0,0,0.15,2024-06-24 04:34:58
6449,38,18820.45,4,Lima,BCP,Yape,Transferencia Interbancaria,115.21,0,1,0.0,2024-09-08 04:34:58
6450,18,47339.14,4,Trujillo,BBVA,Lukita,Pago de Servicios,158.92,0,1,0.0,2024-08-30 04:34:58
6451,29,15977.49,5,Cusco,BanBif,Banca Móvil Propia,Recarga de Celular,670.04,0,0,0.2,2024-01-24 04:34:58
6452,36,7996.12,2,Arequipa,BanBif,Banca Móvil Propia,Pago de Préstamos,60.5,1,1,0.15,2024-03-02 04:34:58
6453,55,26932.77,2,Lima,BCP,Yape,Retiro sin Tarjeta,11.6,0,1,0.15,2024-11-14 04:34:58
6454,21,24941.11,1,Lima,BBVA,Plin,Transferencia Interbancaria,67.57,1,1,0.0,2024-08-24 04:34:58
6455,46,22408.53,6,Trujillo,BCP,Banca Móvil Propia,Transferencia Mismo Banco,44.3,0,0,0.15,2024-09-27 04:34:58
6456,51,15976.65,0,Lima,BBVA,QR,Compras Online,390.73,1,0,0.1,2023-12-15 04:34:58
6457,27,21648.99,0,Lima,Scotiabank,Banca Móvil Propia,Pago de Préstamos,124.5,0,1,0.1,2024-01-19 04:34:58
6458,31,17057.93,4,Lima,Scotiabank,Plin,Transferencia Mismo Banco,339.49,0,1,0.35,2024-01-08 04:34:58
6459,22,18936.1,14,Lima,BBVA,Yape,Pago de Tarjeta de Crédito,153.22,0,1,0.15,2024-10-09 04:34:58
6460,32,33550.8,4,Lima,BCP,Banca Móvil Propia,Compras Online,149.71,0,1,0.15,2023-12-20 04:34:58
6461,34,24151.67,7,Trujillo,BBVA,Plin,Pago de Servicios,174.85,0,1,0.0,2024-04-28 04:34:58
6462,42,29880.93,5,Otros,BanBif,Yape,Recarga de Celular,651.99,0,1,0.0,2024-05-22 04:34:58
6463,48,19615.31,3,Arequipa,BCP,Banca Móvil Propia,Pago de Servicios,178.85,0,0,0.3,2024-10-17 04:34:58
6464,26,18564.22,6,Trujillo,BCP,Plin,Pago de Tarjeta de Crédito,449.97,1,1,0.0,2024-10-02 04:34:58
6465,18,12372.84,8,Lima,Interbank,Yape,Pago de Tarjeta de Crédito,422.07,0,1,0.2,2024-01-12 04:34:58
6466,34,18305.95,1,Lima,Interbank,Yape,Transferencia Mismo Banco,126.05,0,1,0.15,2024-06-17 04:34:58
6467,38,4185.76,2,Lima,BanBif,Banca Móvil Propia,Pago de Préstamos,137.84,1,1,0.25,2024-05-18 04:34:58
6468,37,16397.58,1,Arequipa,BBVA,Yape,Transferencia Interbancaria,101.72,0,1,0.35,2023-12-16 04:34:58
6469,31,21142.97,3,Arequipa,BBVA,QR,Compras Online,535.49,0,0,0.3,2024-04-04 04:34:58
6470,36,29197.46,10,Arequipa,BBVA,Plin,Pago de Servicios,57.91,0,1,0.25,2024-10-31 04:34:58
6471,53,19257.6,2,Piura,BanBif,Yape,Compras Online,72.02,0,1,0.0,2024-03-25 04:34:58
6472,39,26208.44,2,Cusco,Scotiabank,QR,Recarga de Celular,112.59,1,0,0.15,2024-02-26 04:34:58
6473,30,7406.44,9,Lima,Scotiabank,Banca Móvil Propia,Transferencia Mismo Banco,47.08,0,0,0.0,2024-11-13 04:34:58
6474,28,21409.32,3,Arequipa,BCP,Yape,Compras Online,82.16,0,1,0.25,2024-09-21 04:34:58
6475,32,9511.42,3,Trujillo,Scotiabank,Tunki,Transferencia Interbancaria,462.23,0,1,0.2,2023-12-28 04:34:58
6476,54,12038.3,9,Piura,BBVA,Yape,Pago de Servicios,284.69,1,1,0.35,2024-03-02 04:34:58
6477,32,20058.68,3,Arequipa,BCP,Banca Móvil Propia,Transferencia Interbancaria,97.44,0,1,0.1,2024-08-24 04:34:58
6478,34,41694.81,5,Lima,BCP,Yape,Retiro sin Tarjeta,331.24,0,1,0.3,2024-05-13 04:34:58
6479,29,26518.65,0,Otros,Interbank,Lukita,Transferencia Mismo Banco,1190.24,0,1,0.2,2024-04-02 04:34:58
6480,48,22228.17,0,Lima,BBVA,Banca Móvil Propia,Pago de Préstamos,202.98,0,0,0.0,2024-04-13 04:34:58
6481,58,21812.42,2,Piura,Scotiabank,Banca Móvil Propia,Pago de Servicios,614.22,0,1,0.15,2024-10-16 04:34:58
6482,40,15416.38,3,Lima,Interbank,QR,Transferencia Interbancaria,347.79,0,0,0.0,2024-08-21 04:34:58
6483,35,16781.1,16,Cusco,BCP,Banca Móvil Propia,Pago de Préstamos,110.56,0,1,0.15,2024-05-23 04:34:58
6484,35,27273.97,17,Lima,Interbank,Tunki,Compras Online,180.78,0,1,0.1,2024-02-16 04:34:58
6485,18,11018.38,9,Cusco,BCP,Yape,Pago de Servicios,251.21,0,1,0.2,2024-10-16 04:34:58
6486,43,29629.54,1,Lima,BBVA,Yape,Pago de Préstamos,70.46,0,1,0.4,2024-06-02 04:34:58
6487,36,18137.67,16,Arequipa,Interbank,QR,Recarga de Celular,10.92,0,0,0.15,2024-10-30 04:34:58
6488,40,33282.22,5,Lima,Scotiabank,QR,Compras Online,64.45,1,1,0.0,2024-01-10 04:34:58
6489,26,35615.87,2,Trujillo,BBVA,Plin,Compras Online,17.15,0,1,0.35,2024-07-15 04:34:58
6490,30,9542.0,6,Lima,Scotiabank,QR,Recarga de Celular,70.0,0,1,0.3,2024-07-23 04:34:58
6491,30,16468.58,0,Cusco,Scotiabank,Banca Móvil Propia,Pago de Servicios,26.91,1,1,0.25,2024-11-20 04:34:58
6492,47,14360.49,0,Lima,BBVA,Tunki,Transferencia Mismo Banco,357.85,0,0,0.2,2024-03-11 04:34:58
6493,30,8898.48,8,Otros,BBVA,Yape,Pago de Tarjeta de Crédito,45.49,0,0,0.5,2024-01-20 04:34:58
6494,59,13144.17,5,Lima,Interbank,Plin,Compras Online,255.73,1,0,0.3,2024-03-15 04:34:58
6495,40,50000.0,2,Lima,BCP,Banca Móvil Propia,Pago de Servicios,319.45,1,1,0.3,2024-05-26 04:34:58
6496,19,29874.33,3,Piura,Scotiabank,Yape,Pago de Préstamos,299.32,1,0,0.15,2024-05-18 04:34:58
6497,33,50000.0,11,Arequipa,Scotiabank,Tunki,Pago de Servicios,22.91,0,0,0.0,2024-09-19 04:34:58
6498,27,33341.2,4,Lima,BCP,Web Banking,Pago de Servicios,456.07,0,1,0.15,2024-09-05 04:34:58
6499,18,15200.42,2,Lima,Pichincha,Lukita,Pago de Servicios,225.96,0,1,0.0,2023-12-21 04:34:58
6500,54,18198.86,0,Lima,BCP,Plin,Transferencia Mismo Banco,331.71,1,1,0.25,2024-07-09 04:34:58
6501,43,29561.2,1,Piura,BanBif,Banca Móvil Propia,Retiro sin Tarjeta,925.08,0,1,0.0,2024-05-16 04:34:58
6502,41,27412.46,19,Lima,BCP,Yape,Retiro sin Tarjeta,328.43,1,1,0.2,2024-10-11 04:34:58
6503,36,16503.52,2,Cusco,Scotiabank,Web Banking,Transferencia Interbancaria,45.48,1,1,0.0,2024-09-13 04:34:58
6504,18,10352.71,3,Lima,BBVA,QR,Compras Online,285.23,1,0,0.2,2024-04-28 04:34:58
6505,29,50000.0,3,Otros,Interbank,Banca Móvil Propia,Compras Online,33.0,1,1,0.25,2024-09-07 04:34:58
6506,45,20525.54,10,Arequipa,BCP,Yape,Transferencia Mismo Banco,139.36,0,1,0.0,2023-12-10 04:34:58
6507,22,18715.93,4,Arequipa,BCP,Yape,Transferencia Mismo Banco,89.73,1,1,0.0,2024-01-22 04:34:58
6508,18,23310.69,5,Piura,BCP,Yape,Pago de Préstamos,149.93,0,1,0.25,2023-12-31 04:34:58
6509,32,19509.09,2,Trujillo,Scotiabank,Banca Móvil Propia,Transferencia Mismo Banco,32.8,1,1,0.2,2024-10-03 04:34:58
6510,33,23420.44,0,Trujillo,BCP,Yape,Recarga de Celular,36.8,1,1,0.4,2024-02-10 04:34:58
6511,36,41918.13,13,Lima,Interbank,Banca Móvil Propia,Transferencia Mismo Banco,94.69,0,1,0.0,2024-07-07 04:34:58
6512,43,20696.62,14,Lima,Scotiabank,Banca Móvil Propia,Pago de Préstamos,118.8,1,1,0.0,2024-05-05 04:34:58
6513,42,12315.88,14,Cusco,BanBif,Yape,Pago de Préstamos,96.95,0,1,0.0,2024-03-24 04:34:58
6514,38,20316.29,14,Lima,BCP,Banca Móvil Propia,Pago de Préstamos,632.99,1,1,0.4,2024-06-26 04:34:58
6515,49,17462.29,8,Piura,Scotiabank,Yape,Recarga de Celular,226.7,0,1,0.2,2024-08-23 04:34:58
6516,18,44889.06,5,Trujillo,BCP,Lukita,Retiro sin Tarjeta,220.56,0,1,0.0,2024-02-21 04:34:58
6517,41,39559.44,9,Lima,Interbank,Plin,Retiro sin Tarjeta,101.26,0,0,0.0,2024-09-18 04:34:58
6518,42,23243.07,4,Lima,Interbank,Plin,Recarga de Celular,36.9,0,0,0.0,2024-08-13 04:34:58
6519,20,11621.73,0,Piura,BCP,Yape,Pago de Préstamos,147.8,0,1,0.0,2024-04-27 04:34:58
6520,18,11932.89,2,Otros,BCP,Web Banking,Pago de Servicios,904.4,0,1,0.0,2023-12-22 04:34:58
6521,26,22193.65,17,Arequipa,BBVA,Banca Móvil Propia,Compras Online,185.75,0,0,0.2,2024-11-07 04:34:58
6522,27,26060.12,2,Lima,BBVA,Plin,Retiro sin Tarjeta,451.78,0,1,0.0,2024-11-25 04:34:58
6523,44,18264.03,10,Lima,BanBif,Yape,Pago de Servicios,512.55,0,1,0.0,2024-04-18 04:34:58
6524,27,17325.16,0,Otros,BBVA,Banca Móvil Propia,Pago de Préstamos,259.7,1,1,0.3,2024-02-05 04:34:58
6525,24,16376.46,2,Arequipa,BanBif,Plin,Transferencia Interbancaria,184.98,1,1,0.2,2024-07-11 04:34:58
6526,27,21770.32,2,Cusco,BBVA,Web Banking,Recarga de Celular,55.27,0,0,0.45,2024-09-22 04:34:58
6527,48,6691.67,0,Cusco,Pichincha,Web Banking,Pago de Tarjeta de Crédito,120.49,0,1,0.0,2024-10-20 04:34:58
6528,35,12699.74,0,Lima,Interbank,Lukita,Pago de Préstamos,103.45,0,0,0.0,2024-07-27 04:34:58
6529,32,16098.39,1,Trujillo,Scotiabank,Web Banking,Transferencia Interbancaria,206.44,0,0,0.1,2024-05-16 04:34:58
6530,33,40285.69,9,Cusco,BCP,Yape,Recarga de Celular,36.09,0,1,0.0,2024-03-29 04:34:58
6531,50,14663.16,0,Cusco,BBVA,Plin,Transferencia Interbancaria,86.72,0,1,0.25,2024-03-07 04:34:58
6532,26,24106.43,1,Piura,BCP,Yape,Transferencia Interbancaria,222.3,0,0,0.35,2024-01-01 04:34:58
6533,50,24668.23,0,Arequipa,BCP,Yape,Transferencia Mismo Banco,73.54,0,0,0.15,2024-07-18 04:34:58
6534,37,42148.66,5,Lima,Interbank,Web Banking,Pago de Préstamos,59.41,0,0,0.1,2024-03-07 04:34:58
6535,33,41410.46,4,Lima,Interbank,Yape,Pago de Préstamos,67.26,1,0,0.25,2024-09-07 04:34:58
6536,65,21402.19,5,Trujillo,BCP,QR,Pago de Préstamos,113.02,1,1,0.0,2024-01-31 04:34:58
6537,22,17365.79,2,Cusco,BBVA,Lukita,Pago de Tarjeta de Crédito,13.73,0,1,0.0,2024-01-13 04:34:58
6538,30,15805.03,1,Lima,BBVA,Plin,Retiro sin Tarjeta,70.38,0,1,0.1,2024-01-19 04:34:58
6539,20,19525.34,6,Cusco,BCP,Yape,Recarga de Celular,384.81,0,1,0.3,2024-08-21 04:34:58
6540,46,17729.47,8,Otros,BBVA,Yape,Retiro sin Tarjeta,205.18,0,1,0.15,2024-01-19 04:34:58
6541,55,29051.16,0,Otros,Interbank,Plin,Pago de Préstamos,225.89,0,0,0.2,2024-10-19 04:34:58
6542,55,27177.78,3,Piura,BCP,Plin,Transferencia Mismo Banco,23.86,0,1,0.0,2024-01-13 04:34:58
6543,49,29610.98,1,Lima,Scotiabank,Tunki,Retiro sin Tarjeta,98.08,1,1,0.4,2024-07-31 04:34:58
6544,32,41342.32,0,Lima,BBVA,Banca Móvil Propia,Pago de Tarjeta de Crédito,132.17,1,0,0.15,2024-06-27 04:34:58
6545,30,50000.0,6,Piura,Scotiabank,QR,Compras Online,236.13,0,0,0.2,2024-05-05 04:34:58
6546,18,23443.1,3,Lima,BCP,Yape,Recarga de Celular,450.72,0,1,0.15,2024-03-31 04:34:58
6547,59,38167.2,1,Lima,Scotiabank,Yape,Pago de Préstamos,385.57,0,1,0.3,2024-08-26 04:34:58
6548,40,18474.93,1,Piura,BCP,Lukita,Transferencia Mismo Banco,82.65,1,1,0.0,2024-08-19 04:34:58
6549,29,39835.09,17,Lima,BBVA,Plin,Pago de Servicios,84.56,0,1,0.15,2024-08-10 04:34:58
6550,50,37449.72,9,Lima,BCP,Yape,Transferencia Mismo Banco,609.12,0,1,0.15,2024-09-03 04:34:58
6551,23,36468.64,10,Lima,Scotiabank,QR,Pago de Tarjeta de Crédito,103.54,0,0,0.15,2024-01-30 04:34:58
6552,39,23087.23,3,Piura,Interbank,Web Banking,Recarga de Celular,50.27,0,1,0.2,2024-01-17 04:34:58
6553,32,15769.31,4,Arequipa,BCP,QR,Transferencia Interbancaria,120.65,1,0,0.0,2024-02-09 04:34:58
6554,42,10967.98,2,Lima,BCP,Yape,Retiro sin Tarjeta,572.13,1,0,0.15,2024-02-28 04:34:58
6555,34,21589.91,0,Arequipa,BCP,Plin,Compras Online,60.05,0,1,0.25,2024-10-22 04:34:58
6556,18,47406.1,2,Piura,BCP,Yape,Compras Online,96.65,0,0,0.25,2024-05-11 04:34:58
6557,35,18865.26,4,Lima,Interbank,Web Banking,Pago de Tarjeta de Crédito,62.58,0,0,0.0,2024-09-12 04:34:58
6558,47,32616.16,1,Arequipa,Interbank,Plin,Transferencia Interbancaria,386.22,1,1,0.1,2024-04-18 04:34:58
6559,34,33589.73,9,Trujillo,BanBif,Yape,Pago de Préstamos,197.92,0,1,0.0,2024-01-29 04:34:58
6560,44,19113.63,0,Lima,Pichincha,QR,Pago de Servicios,374.61,1,1,0.0,2024-03-26 04:34:58
6561,22,42538.82,2,Trujillo,Interbank,Web Banking,Transferencia Interbancaria,709.83,1,0,0.0,2023-12-15 04:34:58
6562,34,5144.43,0,Cusco,BCP,Banca Móvil Propia,Retiro sin Tarjeta,32.72,1,1,0.0,2024-11-08 04:34:58
6563,27,11951.65,2,Trujillo,BBVA,Yape,Transferencia Interbancaria,69.47,0,1,0.2,2024-04-22 04:34:58
6564,43,13935.35,0,Lima,BBVA,Tunki,Transferencia Mismo Banco,96.2,0,0,0.35,2024-08-29 04:34:58
6565,35,14619.95,1,Trujillo,BBVA,Lukita,Recarga de Celular,158.99,1,1,0.0,2024-01-25 04:34:58
6566,43,26059.34,2,Arequipa,Interbank,Banca Móvil Propia,Compras Online,246.14,0,1,0.4,2024-07-09 04:34:58
6567,48,25463.95,3,Lima,Pichincha,Yape,Pago de Tarjeta de Crédito,90.79,1,1,0.2,2024-09-09 04:34:58
6568,43,26822.47,3,Lima,Scotiabank,Yape,Pago de Préstamos,74.3,0,0,0.15,2024-05-23 04:34:58
6569,38,29674.42,1,Otros,BCP,QR,Pago de Tarjeta de Crédito,386.32,0,1,0.2,2024-10-06 04:34:58
6570,23,13697.21,3,Cusco,BCP,Plin,Transferencia Interbancaria,256.24,0,1,0.15,2024-09-17 04:34:58
6571,34,11979.02,3,Trujillo,Scotiabank,Lukita,Recarga de Celular,203.54,0,0,0.0,2024-07-22 04:34:58
6572,28,26853.73,1,Lima,Scotiabank,Plin,Recarga de Celular,17.36,0,1,0.15,2024-10-24 04:34:58
6573,30,16072.8,8,Arequipa,BCP,Plin,Pago de Tarjeta de Crédito,496.05,1,0,0.15,2024-10-11 04:34:58
6574,30,10044.32,3,Arequipa,Interbank,Web Banking,Recarga de Celular,178.39,0,1,0.1,2024-07-25 04:34:58
6575,23,35798.89,2,Lima,Interbank,Plin,Transferencia Mismo Banco,126.22,0,0,0.15,2024-09-28 04:34:58
6576,18,44247.36,14,Arequipa,BBVA,Banca Móvil Propia,Recarga de Celular,65.41,0,1,0.0,2023-12-24 04:34:58
6577,26,47981.96,9,Lima,BCP,Yape,Pago de Tarjeta de Crédito,78.81,1,1,0.2,2024-11-29 04:34:58
6578,37,24185.39,20,Lima,Scotiabank,Yape,Transferencia Interbancaria,60.89,0,1,0.3,2024-05-07 04:34:58
6579,18,30120.64,5,Arequipa,Interbank,QR,Pago de Tarjeta de Crédito,20.13,1,1,0.1,2024-08-19 04:34:58
6580,35,43692.6,2,Lima,BCP,Lukita,Recarga de Celular,65.53,0,1,0.3,2024-02-15 04:34:58
6581,57,15983.18,1,Lima,Interbank,Banca Móvil Propia,Transferencia Mismo Banco,29.99,0,0,0.0,2024-08-21 04:34:58
6582,47,38381.81,5,Cusco,Interbank,Yape,Pago de Tarjeta de Crédito,139.7,0,1,0.25,2024-05-31 04:34:58
6583,54,25278.21,19,Lima,Scotiabank,Plin,Recarga de Celular,46.96,0,0,0.2,2023-12-31 04:34:58
6584,39,34782.02,4,Lima,BCP,QR,Transferencia Interbancaria,307.95,0,1,0.15,2024-03-07 04:34:58
6585,49,24174.33,10,Lima,Pichincha,Plin,Transferencia Mismo Banco,28.1,0,1,0.0,2024-07-21 04:34:58
6586,26,42113.7,1,Trujillo,BCP,Lukita,Pago de Servicios,490.17,0,0,0.2,2024-06-12 04:34:58
6587,27,24631.02,2,Arequipa,Interbank,Plin,Pago de Servicios,342.62,0,1,0.0,2024-11-19 04:34:58
6588,18,10488.25,11,Arequipa,Interbank,Web Banking,Transferencia Interbancaria,51.1,0,0,0.1,2024-04-01 04:34:58
6589,49,45522.56,7,Arequipa,BBVA,QR,Retiro sin Tarjeta,135.06,0,1,0.45,2024-01-08 04:34:58
6590,53,13714.85,19,Lima,BBVA,Yape,Compras Online,63.16,0,1,0.0,2024-02-10 04:34:58
6591,28,41213.83,7,Arequipa,Scotiabank,QR,Recarga de Celular,264.7,1,1,0.1,2024-08-08 04:34:58
6592,31,21054.69,2,Trujillo,Interbank,Yape,Pago de Tarjeta de Crédito,897.72,0,1,0.0,2024-09-04 04:34:58
6593,25,39656.32,3,Lima,BBVA,Plin,Retiro sin Tarjeta,483.51,0,1,0.0,2024-08-06 04:34:58
6594,39,38846.93,11,Lima,BCP,Plin,Transferencia Mismo Banco,74.61,0,1,0.15,2024-10-03 04:34:58
6595,48,27311.73,4,Lima,BCP,Tunki,Recarga de Celular,166.44,0,0,0.0,2023-12-09 04:34:58
6596,18,28403.5,1,Trujillo,BCP,Yape,Pago de Tarjeta de Crédito,680.12,0,1,0.0,2024-03-18 04:34:58
6597,39,27209.31,2,Lima,Pichincha,Banca Móvil Propia,Pago de Tarjeta de Crédito,250.7,0,0,0.15,2024-01-16 04:34:58
6598,31,8047.27,3,Cusco,Scotiabank,Yape,Pago de Tarjeta de Crédito,407.53,0,0,0.2,2024-10-02 04:34:58
6599,36,23368.99,0,Trujillo,Pichincha,Yape,Retiro sin Tarjeta,284.64,0,0,0.2,2023-12-13 04:34:58
6600,40,12606.5,6,Lima,BCP,Tunki,Pago de Préstamos,160.17,1,0,0.15,2024-08-30 04:34:58
6601,32,23994.83,0,Trujillo,Interbank,Banca Móvil Propia,Transferencia Interbancaria,138.45,0,0,0.0,2024-08-02 04:34:58
6602,33,12438.21,2,Trujillo,BCP,Banca Móvil Propia,Transferencia Mismo Banco,44.22,0,1,0.1,2024-03-26 04:34:58
6603,32,12179.68,8,Lima,Scotiabank,Banca Móvil Propia,Recarga de Celular,69.01,0,1,0.2,2024-02-16 04:34:58
6604,46,49141.9,3,Lima,BBVA,QR,Pago de Servicios,60.23,1,0,0.3,2024-09-15 04:34:58
6605,40,37598.66,9,Piura,BCP,Plin,Pago de Tarjeta de Crédito,104.44,0,1,0.0,2024-07-22 04:34:58
6606,37,21980.89,2,Cusco,BBVA,Yape,Pago de Tarjeta de Crédito,163.95,1,1,0.1,2024-04-05 04:34:58
6607,19,24158.33,15,Arequipa,BCP,Banca Móvil Propia,Recarga de Celular,133.23,0,0,0.0,2023-12-25 04:34:58
6608,30,19458.55,1,Lima,Interbank,Banca Móvil Propia,Pago de Tarjeta de Crédito,184.17,0,1,0.3,2024-10-07 04:34:58
6609,45,29288.15,0,Lima,Interbank,Banca Móvil Propia,Transferencia Mismo Banco,288.37,1,1,0.3,2024-08-14 04:34:58
6610,35,15708.74,10,Arequipa,Interbank,Banca Móvil Propia,Pago de Servicios,97.95,1,1,0.0,2024-01-12 04:34:58
6611,42,36202.02,6,Lima,Pichincha,Plin,Transferencia Interbancaria,310.44,0,1,0.15,2024-08-26 04:34:58
6612,56,19408.31,1,Trujillo,BBVA,Yape,Compras Online,463.2,1,0,0.0,2024-06-07 04:34:58
6613,47,17855.67,20,Otros,BBVA,Banca Móvil Propia,Recarga de Celular,224.79,0,1,0.2,2024-04-06 04:34:58
6614,36,22266.9,3,Arequipa,Scotiabank,Plin,Compras Online,86.1,0,0,0.0,2024-01-31 04:34:58
6615,28,16390.0,15,Lima,BBVA,Tunki,Retiro sin Tarjeta,382.48,0,1,0.5,2024-04-16 04:34:58
6616,18,25960.75,3,Lima,BCP,Plin,Retiro sin Tarjeta,240.48,0,1,0.2,2024-06-29 04:34:58
6617,32,16836.74,3,Piura,Scotiabank,Tunki,Pago de Préstamos,275.57,0,1,0.0,2024-05-21 04:34:58
6618,31,27840.91,2,Lima,BCP,Tunki,Pago de Préstamos,688.95,1,0,0.15,2024-10-19 04:34:58
6619,39,40457.34,2,Arequipa,BCP,Yape,Compras Online,301.7,0,0,0.15,2024-02-27 04:34:58
6620,33,15372.56,3,Lima,BCP,Web Banking,Transferencia Interbancaria,716.42,1,0,0.0,2024-12-05 04:34:58
6621,31,20634.35,3,Lima,BCP,Banca Móvil Propia,Pago de Préstamos,127.93,1,0,0.0,2024-10-19 04:34:58
6622,18,27740.96,0,Lima,BCP,Plin,Transferencia Mismo Banco,96.41,0,1,0.15,2024-10-06 04:34:58
6623,23,17713.3,1,Piura,BCP,Yape,Transferencia Interbancaria,468.22,0,0,0.2,2024-09-10 04:34:58
6624,40,27782.46,1,Cusco,BBVA,Yape,Transferencia Mismo Banco,55.38,0,1,0.15,2024-02-18 04:34:58
6625,55,29076.9,10,Lima,BCP,Banca Móvil Propia,Pago de Servicios,980.84,1,0,0.0,2024-09-13 04:34:58
6626,33,37859.26,4,Trujillo,BCP,Yape,Transferencia Mismo Banco,545.61,0,1,0.0,2024-07-20 04:34:58
6627,38,16268.81,7,Lima,Interbank,Plin,Pago de Servicios,162.0,0,0,0.2,2024-04-20 04:34:58
6628,46,13747.5,15,Lima,BCP,Yape,Compras Online,493.38,0,1,0.2,2024-04-08 04:34:58
6629,25,18886.66,5,Cusco,BCP,Tunki,Recarga de Celular,287.82,0,0,0.15,2024-11-30 04:34:58
6630,39,13576.88,20,Lima,BBVA,Banca Móvil Propia,Recarga de Celular,40.85,0,1,0.15,2024-11-07 04:34:58
6631,26,29209.49,1,Lima,BCP,Banca Móvil Propia,Transferencia Interbancaria,65.61,0,0,0.0,2024-09-23 04:34:58
6632,45,12321.79,1,Lima,BCP,QR,Transferencia Interbancaria,197.5,1,1,0.2,2024-01-20 04:34:58
6633,36,50000.0,2,Cusco,BBVA,Plin,Recarga de Celular,174.08,0,1,0.15,2024-05-10 04:34:58
6634,38,42106.77,3,Lima,Interbank,Banca Móvil Propia,Retiro sin Tarjeta,549.02,0,0,0.2,2024-02-27 04:34:58
6635,25,22165.4,11,Arequipa,Interbank,Yape,Pago de Servicios,200.75,0,1,0.5,2024-08-15 04:34:58
6636,43,33985.77,4,Trujillo,BanBif,Banca Móvil Propia,Pago de Tarjeta de Crédito,41.73,0,0,0.0,2023-12-14 04:34:58
6637,60,9716.68,1,Trujillo,BBVA,Banca Móvil Propia,Pago de Préstamos,86.03,1,0,0.0,2024-03-16 04:34:58
6638,22,50000.0,6,Lima,BBVA,Plin,Recarga de Celular,312.02,1,1,0.2,2024-11-20 04:34:58
6639,30,16397.64,3,Arequipa,BCP,Yape,Pago de Tarjeta de Crédito,23.98,0,1,0.1,2024-06-28 04:34:58
6640,37,20738.59,0,Lima,Scotiabank,QR,Pago de Préstamos,36.18,0,1,0.15,2024-08-05 04:34:58
6641,44,8708.31,4,Arequipa,BCP,Yape,Pago de Tarjeta de Crédito,102.24,0,1,0.0,2024-01-20 04:34:58
6642,28,28089.29,12,Lima,BBVA,Plin,Retiro sin Tarjeta,374.92,0,1,0.0,2024-01-20 04:34:58
6643,18,12667.92,9,Lima,BBVA,QR,Pago de Tarjeta de Crédito,119.49,1,0,0.1,2024-01-26 04:34:58
6644,51,23174.97,4,Cusco,Interbank,Banca Móvil Propia,Transferencia Mismo Banco,235.32,0,1,0.2,2024-05-06 04:34:58
6645,44,16778.65,2,Lima,BanBif,Lukita,Recarga de Celular,149.13,0,1,0.1,2024-09-16 04:34:58
6646,18,12850.37,0,Lima,BanBif,QR,Retiro sin Tarjeta,128.91,0,1,0.1,2024-03-21 04:34:58
6647,27,14732.62,3,Piura,BCP,Yape,Pago de Préstamos,77.19,0,0,0.0,2024-03-01 04:34:58
6648,53,24658.92,6,Trujillo,BCP,Yape,Recarga de Celular,343.72,0,0,0.2,2024-03-06 04:34:58
6649,52,11605.73,2,Otros,Scotiabank,QR,Pago de Tarjeta de Crédito,42.34,0,1,0.15,2024-05-21 04:34:58
6650,46,15147.55,1,Lima,BBVA,Lukita,Pago de Préstamos,117.49,0,1,0.0,2024-09-24 04:34:58
6651,32,30688.3,13,Arequipa,BBVA,Yape,Transferencia Mismo Banco,466.91,0,1,0.15,2024-08-29 04:34:58
6652,35,50000.0,8,Arequipa,Interbank,Plin,Transferencia Mismo Banco,69.11,0,1,0.15,2024-10-19 04:34:58
6653,33,27967.39,5,Lima,Interbank,Plin,Pago de Servicios,31.3,0,1,0.0,2024-01-29 04:34:58
6654,48,13924.0,0,Lima,Pichincha,QR,Transferencia Mismo Banco,17.87,0,1,0.25,2024-09-11 04:34:58
6655,24,18332.72,0,Lima,BBVA,Plin,Transferencia Mismo Banco,288.96,0,1,0.0,2024-01-31 04:34:58
6656,25,22377.12,0,Lima,BBVA,QR,Pago de Préstamos,309.08,1,0,0.0,2024-04-14 04:34:58
6657,47,18495.59,4,Trujillo,BBVA,Web Banking,Pago de Servicios,105.19,0,1,0.0,2024-01-18 04:34:58
6658,34,34597.24,0,Lima,Scotiabank,QR,Recarga de Celular,41.64,0,0,0.0,2024-06-13 04:34:58
6659,51,24556.62,9,Lima,Interbank,Banca Móvil Propia,Pago de Préstamos,128.24,0,1,0.35,2024-05-12 04:34:58
6660,26,34680.27,24,Lima,Interbank,Plin,Recarga de Celular,482.07,0,0,0.2,2024-07-15 04:34:58
6661,34,18821.93,2,Trujillo,Pichincha,Yape,Pago de Servicios,41.71,0,1,0.0,2024-04-29 04:34:58
6662,23,42734.0,3,Cusco,Interbank,Banca Móvil Propia,Recarga de Celular,427.59,0,1,0.0,2024-03-09 04:34:58
6663,35,20267.16,6,Lima,BBVA,Plin,Recarga de Celular,27.24,0,0,0.25,2024-02-11 04:34:58
6664,18,13553.57,13,Trujillo,Interbank,Plin,Pago de Tarjeta de Crédito,47.61,1,1,0.1,2024-03-06 04:34:58
6665,29,50000.0,11,Lima,Interbank,Banca Móvil Propia,Retiro sin Tarjeta,165.55,0,0,0.1,2024-02-28 04:34:58
6666,18,8844.15,0,Arequipa,BCP,Plin,Pago de Servicios,382.85,0,1,0.15,2024-03-05 04:34:58
6667,43,15224.03,0,Arequipa,BBVA,Lukita,Pago de Servicios,646.54,0,1,0.15,2024-05-28 04:34:58
6668,43,16098.58,7,Trujillo,Interbank,Plin,Pago de Tarjeta de Crédito,400.12,0,0,0.25,2024-03-11 04:34:58
6669,18,50000.0,5,Piura,BBVA,Plin,Transferencia Interbancaria,700.83,0,1,0.0,2024-07-09 04:34:58
6670,51,50000.0,0,Lima,Scotiabank,Tunki,Retiro sin Tarjeta,178.05,1,1,0.15,2024-11-01 04:34:58
6671,64,46488.68,3,Cusco,BBVA,Web Banking,Pago de Préstamos,79.71,1,1,0.35,2024-08-14 04:34:58
6672,35,18669.95,7,Lima,Pichincha,QR,Pago de Préstamos,484.97,0,1,0.0,2024-06-04 04:34:58
6673,27,50000.0,1,Cusco,BCP,Yape,Recarga de Celular,580.28,0,1,0.1,2024-08-13 04:34:58
6674,68,26480.82,10,Lima,BCP,Yape,Transferencia Interbancaria,376.46,0,1,0.0,2024-11-19 04:34:58
6675,19,35904.99,0,Trujillo,BBVA,QR,Retiro sin Tarjeta,273.84,0,1,0.45,2024-02-18 04:34:58
6676,35,24097.12,7,Lima,BBVA,Yape,Recarga de Celular,597.03,1,0,0.2,2024-08-08 04:34:58
6677,37,21488.36,4,Trujillo,BCP,Yape,Compras Online,208.92,0,1,0.35,2024-04-21 04:34:58
6678,51,19421.01,1,Trujillo,BCP,Yape,Pago de Préstamos,145.4,1,1,0.0,2024-08-10 04:34:58
6679,39,19834.54,6,Piura,Interbank,Banca Móvil Propia,Retiro sin Tarjeta,306.59,0,1,0.35,2024-01-28 04:34:58
6680,29,29859.13,7,Lima,BBVA,Plin,Transferencia Mismo Banco,239.27,0,1,0.2,2024-11-08 04:34:58
6681,23,26465.57,13,Lima,Interbank,Yape,Recarga de Celular,359.71,1,0,0.3,2024-08-05 04:34:58
6682,30,21682.58,2,Cusco,Scotiabank,Banca Móvil Propia,Retiro sin Tarjeta,130.07,0,0,0.2,2024-07-28 04:34:58
6683,22,46852.61,5,Otros,Scotiabank,Yape,Retiro sin Tarjeta,368.43,0,1,0.2,2024-03-13 04:34:58
6684,35,4997.15,4,Lima,BBVA,Banca Móvil Propia,Transferencia Interbancaria,349.89,0,1,0.0,2024-07-21 04:34:58
6685,28,28422.71,3,Lima,BBVA,Banca Móvil Propia,Retiro sin Tarjeta,183.71,0,0,0.0,2024-03-24 04:34:58
6686,18,31535.51,11,Lima,BBVA,Tunki,Compras Online,70.08,0,1,0.0,2024-05-19 04:34:58
6687,50,39084.51,0,Otros,Scotiabank,Yape,Transferencia Mismo Banco,513.18,0,1,0.45,2024-01-19 04:34:58
6688,29,21323.48,1,Otros,Scotiabank,Banca Móvil Propia,Transferencia Mismo Banco,44.27,0,0,0.0,2024-02-08 04:34:58
6689,19,24439.6,3,Arequipa,BCP,Plin,Compras Online,56.96,0,1,0.0,2024-01-13 04:34:58
6690,32,36061.25,0,Cusco,BCP,Plin,Retiro sin Tarjeta,175.57,0,1,0.15,2024-10-25 04:34:58
6691,35,46424.53,11,Cusco,BCP,Tunki,Compras Online,12.09,0,1,0.1,2024-06-07 04:34:58
6692,18,18953.27,5,Arequipa,BBVA,Banca Móvil Propia,Recarga de Celular,694.34,0,1,0.0,2024-05-05 04:34:58
6693,38,25172.01,3,Piura,BBVA,Yape,Transferencia Interbancaria,150.61,0,1,0.2,2024-08-24 04:34:58
6694,22,50000.0,8,Trujillo,Interbank,Yape,Recarga de Celular,691.93,0,0,0.15,2024-11-10 04:34:58
6695,55,7615.85,2,Cusco,BCP,Yape,Compras Online,901.48,0,1,0.35,2024-11-02 04:34:58
6696,41,15599.49,4,Cusco,Interbank,Banca Móvil Propia,Retiro sin Tarjeta,127.12,0,1,0.1,2023-12-18 04:34:58
6697,30,45840.26,0,Cusco,BanBif,Banca Móvil Propia,Transferencia Mismo Banco,571.78,1,1,0.3,2024-11-21 04:34:58
6698,26,38035.26,2,Lima,Interbank,QR,Compras Online,51.41,1,1,0.0,2024-07-06 04:34:58
6699,33,28601.73,0,Arequipa,BCP,Banca Móvil Propia,Pago de Servicios,228.9,0,1,0.2,2024-09-23 04:34:58
6700,42,17600.83,5,Trujillo,BBVA,QR,Transferencia Interbancaria,92.44,0,1,0.15,2024-10-30 04:34:58
6701,34,14172.95,3,Trujillo,BBVA,Plin,Pago de Préstamos,297.82,0,0,0.0,2024-11-27 04:34:58
6702,32,16389.43,1,Trujillo,Scotiabank,Plin,Recarga de Celular,358.73,0,1,0.15,2024-05-15 04:34:58
6703,35,47762.88,3,Lima,BBVA,Lukita,Transferencia Mismo Banco,126.48,0,0,0.0,2024-05-28 04:34:58
6704,27,16087.19,1,Lima,BBVA,Plin,Recarga de Celular,255.91,1,1,0.35,2024-11-01 04:34:58
6705,30,23172.27,12,Trujillo,BBVA,Tunki,Retiro sin Tarjeta,381.73,0,1,0.2,2024-10-20 04:34:58
6706,18,15110.52,0,Otros,BBVA,Plin,Pago de Tarjeta de Crédito,179.08,1,1,0.0,2024-07-27 04:34:58
6707,46,33569.96,10,Arequipa,Interbank,Web Banking,Recarga de Celular,1880.02,0,0,0.15,2024-01-09 04:34:58
6708,38,16825.26,3,Lima,BCP,Plin,Transferencia Interbancaria,129.39,0,0,0.0,2024-08-26 04:34:58
6709,25,20977.44,4,Trujillo,BBVA,Plin,Pago de Servicios,777.32,1,1,0.15,2024-08-07 04:34:58
6710,57,9492.99,1,Trujillo,BCP,Banca Móvil Propia,Compras Online,466.56,0,0,0.15,2024-06-14 04:34:58
6711,36,9831.2,17,Trujillo,BCP,Yape,Pago de Servicios,23.11,1,1,0.35,2024-09-16 04:34:58
6712,22,22111.13,1,Lima,Interbank,Web Banking,Retiro sin Tarjeta,660.48,1,1,0.1,2024-03-01 04:34:58
6713,45,11355.09,4,Lima,BCP,Yape,Transferencia Interbancaria,434.39,0,0,0.0,2024-11-06 04:34:58
6714,39,50000.0,25,Lima,BCP,Banca Móvil Propia,Pago de Servicios,166.36,0,1,0.6,2024-11-24 04:34:58
6715,39,7857.62,10,Lima,Interbank,Plin,Transferencia Mismo Banco,214.62,0,1,0.0,2024-04-16 04:34:58
6716,29,14763.49,3,Lima,Interbank,QR,Recarga de Celular,242.93,0,1,0.15,2024-08-07 04:34:58
6717,40,22211.17,23,Lima,BCP,QR,Retiro sin Tarjeta,587.17,1,1,0.15,2024-11-26 04:34:58
6718,31,18350.89,6,Lima,BBVA,Lukita,Transferencia Mismo Banco,98.19,0,1,0.15,2024-04-09 04:34:58
6719,41,12681.85,1,Lima,BCP,Lukita,Retiro sin Tarjeta,724.88,1,1,0.25,2024-04-25 04:34:58
6720,18,13643.74,2,Lima,BCP,Yape,Transferencia Interbancaria,50.2,1,1,0.1,2024-06-29 04:34:58
6721,29,13422.3,2,Trujillo,BBVA,QR,Retiro sin Tarjeta,25.53,1,0,0.3,2024-03-27 04:34:58
6722,55,19084.64,2,Lima,BCP,Banca Móvil Propia,Pago de Préstamos,268.67,0,0,0.1,2024-06-26 04:34:58
6723,25,50000.0,7,Lima,Pichincha,QR,Pago de Servicios,522.71,0,1,0.15,2024-02-05 04:34:58
6724,27,22901.75,4,Lima,BCP,Banca Móvil Propia,Transferencia Interbancaria,124.02,0,1,0.0,2024-01-25 04:34:58
6725,29,39793.16,0,Arequipa,Scotiabank,Plin,Compras Online,15.42,1,1,0.0,2023-12-15 04:34:58
6726,20,28381.37,10,Arequipa,Scotiabank,Banca Móvil Propia,Pago de Tarjeta de Crédito,33.42,0,1,0.1,2024-07-02 04:34:58
6727,18,38442.97,1,Piura,Pichincha,Yape,Retiro sin Tarjeta,229.59,0,0,0.0,2024-01-01 04:34:58
6728,32,5431.76,29,Arequipa,BBVA,Banca Móvil Propia,Transferencia Mismo Banco,146.93,0,0,0.0,2024-12-05 04:34:58
6729,36,18916.14,15,Lima,Scotiabank,Tunki,Transferencia Interbancaria,536.08,0,0,0.2,2024-10-01 04:34:58
6730,34,42343.39,14,Lima,Pichincha,Yape,Pago de Tarjeta de Crédito,159.64,0,1,0.0,2024-01-30 04:34:58
6731,33,16549.85,8,Lima,BCP,Web Banking,Compras Online,70.77,0,0,0.1,2024-04-02 04:34:58
6732,35,50000.0,1,Cusco,BBVA,QR,Pago de Tarjeta de Crédito,202.16,0,0,0.35,2024-06-16 04:34:58
6733,47,46255.94,3,Trujillo,BCP,QR,Transferencia Interbancaria,409.78,0,0,0.0,2024-10-06 04:34:58
6734,32,17421.05,1,Lima,Interbank,QR,Compras Online,573.2,0,0,0.45,2024-07-12 04:34:58
6735,28,17127.12,1,Lima,BBVA,Banca Móvil Propia,Retiro sin Tarjeta,132.82,1,1,0.0,2024-01-31 04:34:58
6736,31,13269.15,4,Lima,BCP,Banca Móvil Propia,Retiro sin Tarjeta,158.76,1,1,0.15,2024-07-07 04:34:58
6737,41,16077.93,0,Piura,Scotiabank,Yape,Pago de Préstamos,323.52,0,0,0.35,2023-12-14 04:34:58
6738,51,11893.0,17,Piura,BCP,QR,Pago de Tarjeta de Crédito,70.2,0,1,0.15,2024-11-06 04:34:58
6739,27,27293.55,12,Trujillo,Scotiabank,QR,Transferencia Interbancaria,310.06,0,1,0.2,2024-02-14 04:34:58
6740,36,10635.76,2,Otros,BCP,Banca Móvil Propia,Recarga de Celular,117.68,0,1,0.15,2024-04-22 04:34:58
6741,39,29788.17,3,Otros,Interbank,Web Banking,Compras Online,137.61,0,1,0.15,2024-02-21 04:34:58
6742,23,30152.99,3,Piura,BCP,Tunki,Recarga de Celular,148.81,0,0,0.45,2024-04-09 04:34:58
6743,35,9598.84,10,Lima,BCP,Plin,Pago de Servicios,168.95,0,1,0.0,2024-03-16 04:34:58
6744,18,47806.14,5,Cusco,Interbank,Web Banking,Transferencia Interbancaria,1006.05,0,1,0.25,2024-06-05 04:34:58
6745,18,28475.65,1,Otros,BCP,Plin,Compras Online,92.85,0,1,0.15,2024-07-22 04:34:58
6746,39,32043.48,2,Cusco,BBVA,Banca Móvil Propia,Pago de Préstamos,97.76,1,0,0.35,2024-06-07 04:34:58
6747,30,15073.11,2,Piura,BanBif,Plin,Recarga de Celular,630.64,1,0,0.15,2024-06-01 04:34:58
6748,37,30067.18,16,Trujillo,BCP,Banca Móvil Propia,Pago de Préstamos,231.53,0,1,0.25,2024-08-23 04:34:58
6749,34,38684.59,0,Lima,Scotiabank,Lukita,Transferencia Mismo Banco,319.76,0,1,0.1,2024-11-10 04:34:58
6750,23,20966.81,0,Piura,BCP,Banca Móvil Propia,Transferencia Interbancaria,52.97,0,1,0.0,2024-04-27 04:34:58
6751,34,50000.0,10,Lima,BCP,Plin,Recarga de Celular,189.89,0,0,0.0,2024-06-27 04:34:58
6752,20,22517.15,11,Otros,BCP,Yape,Pago de Préstamos,333.74,0,0,0.15,2023-12-08 04:34:58
6753,51,38963.98,10,Trujillo,Pichincha,Banca Móvil Propia,Retiro sin Tarjeta,75.61,0,1,0.35,2024-06-29 04:34:58
6754,18,25501.8,3,Lima,BCP,QR,Transferencia Mismo Banco,278.24,1,1,0.4,2024-08-25 04:34:58
6755,32,29518.15,5,Cusco,Scotiabank,Yape,Pago de Servicios,120.98,0,1,0.0,2024-08-21 04:34:58
6756,22,9550.36,4,Lima,Pichincha,Yape,Recarga de Celular,77.83,1,1,0.0,2024-04-25 04:34:58
6757,41,26516.62,0,Lima,BBVA,Yape,Retiro sin Tarjeta,408.79,1,1,0.15,2024-05-26 04:34:58
6758,31,15252.71,4,Piura,Interbank,Web Banking,Transferencia Mismo Banco,463.09,1,1,0.2,2024-09-02 04:34:58
6759,28,14426.19,0,Trujillo,Scotiabank,Banca Móvil Propia,Transferencia Mismo Banco,168.8,0,0,0.0,2024-04-15 04:34:58
6760,45,50000.0,1,Lima,BBVA,Web Banking,Pago de Servicios,232.92,0,1,0.35,2024-04-18 04:34:58
6761,35,19793.62,13,Trujillo,BCP,Tunki,Pago de Tarjeta de Crédito,558.13,0,1,0.25,2024-01-17 04:34:58
6762,41,13337.69,1,Lima,BBVA,Tunki,Compras Online,99.93,1,1,0.25,2024-05-20 04:34:58
6763,23,18406.04,14,Lima,Scotiabank,QR,Pago de Préstamos,210.31,0,1,0.0,2024-11-22 04:34:58
6764,18,11496.24,1,Arequipa,Scotiabank,Yape,Pago de Tarjeta de Crédito,100.85,0,1,0.15,2024-04-22 04:34:58
6765,36,45113.74,1,Arequipa,BCP,Yape,Retiro sin Tarjeta,53.6,0,0,0.15,2024-02-08 04:34:58
6766,31,15555.35,4,Trujillo,BCP,Plin,Recarga de Celular,100.02,1,1,0.1,2024-10-28 04:34:58
6767,42,28699.93,7,Cusco,BanBif,Plin,Transferencia Interbancaria,48.19,0,1,0.45,2024-07-30 04:34:58
6768,34,43393.0,3,Lima,BCP,Yape,Transferencia Mismo Banco,227.14,1,1,0.4,2024-11-12 04:34:58
6769,37,17152.92,10,Lima,Interbank,Yape,Recarga de Celular,68.57,0,0,0.0,2024-05-09 04:34:58
6770,18,28739.02,0,Lima,BCP,Yape,Transferencia Interbancaria,36.71,0,1,0.35,2024-03-21 04:34:58
6771,57,13160.26,12,Piura,Scotiabank,Plin,Pago de Tarjeta de Crédito,311.91,0,0,0.0,2024-08-12 04:34:58
6772,33,50000.0,1,Cusco,BanBif,QR,Recarga de Celular,292.27,0,1,0.35,2024-09-10 04:34:58
6773,43,35178.49,10,Cusco,BCP,Yape,Recarga de Celular,106.67,0,0,0.45,2024-04-28 04:34:58
6774,24,20004.18,2,Cusco,BCP,Yape,Compras Online,299.83,0,1,0.0,2024-10-09 04:34:58
6775,38,14966.7,8,Arequipa,BBVA,Yape,Transferencia Mismo Banco,66.28,0,0,0.15,2024-06-09 04:34:58
6776,19,20806.1,5,Trujillo,BCP,Tunki,Transferencia Mismo Banco,102.28,0,1,0.2,2024-09-07 04:34:58
6777,40,18583.11,0,Cusco,BBVA,Banca Móvil Propia,Recarga de Celular,223.04,0,1,0.2,2024-01-07 04:34:58
6778,30,50000.0,12,Cusco,Interbank,QR,Recarga de Celular,417.3,0,1,0.2,2024-05-12 04:34:58
6779,35,11935.03,1,Lima,BCP,Lukita,Compras Online,101.25,0,1,0.15,2024-06-16 04:34:58
6780,43,23562.24,1,Lima,BBVA,Plin,Pago de Tarjeta de Crédito,81.78,0,1,0.0,2024-01-28 04:34:58
6781,20,21825.43,8,Cusco,Scotiabank,Yape,Pago de Servicios,396.43,0,1,0.1,2024-01-18 04:34:58
6782,26,20770.62,0,Lima,Interbank,Yape,Transferencia Interbancaria,273.88,1,1,0.15,2024-11-05 04:34:58
6783,40,20862.15,1,Lima,BCP,Web Banking,Retiro sin Tarjeta,172.21,1,1,0.5,2024-06-01 04:34:58
6784,60,20784.54,3,Arequipa,Interbank,Banca Móvil Propia,Retiro sin Tarjeta,483.53,0,1,0.15,2024-11-25 04:34:58
6785,33,34082.29,8,Lima,Scotiabank,Yape,Pago de Servicios,1040.03,0,1,0.2,2024-03-19 04:34:58
6786,42,29866.48,0,Trujillo,BBVA,Yape,Pago de Tarjeta de Crédito,213.99,0,0,0.3,2024-06-01 04:34:58
6787,33,27158.78,3,Lima,BCP,Plin,Recarga de Celular,82.28,0,0,0.15,2024-06-24 04:34:58
6788,58,4831.95,6,Lima,BCP,Yape,Recarga de Celular,244.03,0,0,0.35,2023-12-16 04:34:58
6789,18,25588.48,9,Cusco,Scotiabank,QR,Pago de Servicios,65.37,0,1,0.15,2024-06-06 04:34:58
6790,36,9625.59,13,Lima,Scotiabank,Banca Móvil Propia,Retiro sin Tarjeta,513.97,0,1,0.2,2024-03-27 04:34:58
6791,18,30429.26,7,Arequipa,Interbank,Banca Móvil Propia,Transferencia Mismo Banco,73.58,0,1,0.2,2024-08-17 04:34:58
6792,18,46039.21,5,Lima,BCP,Plin,Transferencia Mismo Banco,122.35,0,0,0.15,2024-05-28 04:34:58
6793,38,13861.64,2,Arequipa,BBVA,Plin,Pago de Tarjeta de Crédito,64.22,1,1,0.0,2024-03-10 04:34:58
6794,36,19324.13,0,Lima,Scotiabank,Banca Móvil Propia,Recarga de Celular,178.07,0,1,0.0,2024-04-02 04:34:58
6795,31,16322.86,6,Piura,BBVA,Banca Móvil Propia,Transferencia Interbancaria,184.46,1,1,0.35,2024-08-13 04:34:58
6796,33,40852.2,24,Lima,BCP,Yape,Retiro sin Tarjeta,311.89,0,1,0.0,2024-06-07 04:34:58
6797,72,23098.29,6,Lima,BBVA,Banca Móvil Propia,Pago de Préstamos,167.28,0,1,0.25,2024-05-12 04:34:58
6798,31,50000.0,0,Otros,Scotiabank,QR,Transferencia Interbancaria,155.44,0,1,0.0,2024-08-28 04:34:58
6799,41,27088.84,3,Lima,BCP,Yape,Compras Online,83.61,1,1,0.15,2024-06-22 04:34:58
6800,27,24865.21,4,Trujillo,BBVA,Banca Móvil Propia,Recarga de Celular,111.46,0,1,0.0,2024-12-05 04:34:58
6801,38,22790.6,5,Lima,Interbank,Plin,Pago de Tarjeta de Crédito,36.86,0,1,0.2,2024-01-01 04:34:58
6802,32,33156.57,6,Lima,Interbank,Lukita,Pago de Tarjeta de Crédito,598.07,1,1,0.0,2024-06-14 04:34:58
6803,30,9238.7,4,Lima,Interbank,Yape,Retiro sin Tarjeta,135.06,0,1,0.1,2024-04-27 04:34:58
6804,56,22986.72,1,Otros,Interbank,Banca Móvil Propia,Transferencia Mismo Banco,765.63,0,0,0.2,2024-06-06 04:34:58
6805,49,21268.38,14,Arequipa,BCP,Yape,Pago de Tarjeta de Crédito,131.5,0,0,0.0,2024-10-14 04:34:58
6806,36,31656.84,5,Piura,BCP,Yape,Pago de Préstamos,22.15,0,0,0.45,2024-01-10 04:34:58
6807,18,20053.3,1,Lima,Interbank,Lukita,Transferencia Mismo Banco,94.6,0,1,0.0,2023-12-21 04:34:58
6808,30,13103.48,1,Trujillo,BCP,Banca Móvil Propia,Pago de Tarjeta de Crédito,148.03,1,1,0.25,2024-08-20 04:34:58
6809,67,22107.57,12,Cusco,Interbank,QR,Transferencia Interbancaria,158.44,0,1,0.0,2024-05-22 04:34:58
6810,32,12817.67,10,Arequipa,Interbank,Banca Móvil Propia,Retiro sin Tarjeta,292.02,1,1,0.15,2024-10-14 04:34:58
6811,48,8411.62,2,Arequipa,BCP,Plin,Pago de Tarjeta de Crédito,176.6,0,1,0.35,2024-09-15 04:34:58
6812,52,31683.81,0,Trujillo,BBVA,Banca Móvil Propia,Pago de Préstamos,105.95,0,0,0.0,2024-07-25 04:34:58
6813,37,29422.97,0,Lima,BBVA,Plin,Recarga de Celular,59.44,0,0,0.0,2024-08-18 04:34:58
6814,24,27820.97,1,Trujillo,BCP,Yape,Compras Online,98.85,0,0,0.0,2024-10-03 04:34:58
6815,18,42254.42,4,Lima,BBVA,Plin,Compras Online,271.65,0,0,0.0,2024-03-10 04:34:58
6816,43,15795.56,4,Otros,BanBif,Plin,Pago de Servicios,350.17,0,0,0.15,2024-01-01 04:34:58
6817,25,10769.17,5,Lima,BBVA,Plin,Pago de Tarjeta de Crédito,75.65,0,0,0.0,2024-11-08 04:34:58
6818,37,21268.56,6,Lima,Interbank,Web Banking,Compras Online,406.26,0,1,0.35,2024-11-15 04:34:58
6819,20,18513.4,0,Lima,BCP,Lukita,Pago de Tarjeta de Crédito,262.19,0,0,0.2,2024-07-23 04:34:58
6820,31,14455.82,0,Trujillo,BCP,QR,Pago de Tarjeta de Crédito,61.12,1,1,0.0,2024-11-28 04:34:58
6821,35,21164.39,2,Lima,BCP,Web Banking,Pago de Tarjeta de Crédito,189.94,1,1,0.15,2024-10-04 04:34:58
6822,38,16223.2,0,Lima,Scotiabank,Tunki,Compras Online,214.81,0,1,0.15,2024-01-24 04:34:58
6823,21,8795.52,0,Lima,BBVA,Plin,Pago de Servicios,51.19,0,1,0.25,2024-07-15 04:34:58
6824,49,17666.26,5,Lima,BCP,Tunki,Pago de Préstamos,38.14,1,1,0.0,2023-12-25 04:34:58
6825,27,12479.12,8,Cusco,Interbank,QR,Pago de Préstamos,238.37,0,0,0.2,2024-03-16 04:34:58
6826,18,24731.28,6,Lima,BCP,Plin,Pago de Servicios,94.23,0,1,0.6,2024-12-02 04:34:58
6827,33,15866.78,8,Piura,BCP,Plin,Pago de Tarjeta de Crédito,673.24,0,0,0.3,2024-07-13 04:34:58
6828,35,38400.12,5,Piura,BBVA,Yape,Recarga de Celular,829.7,0,1,0.3,2024-11-21 04:34:58
6829,36,49115.65,6,Piura,BCP,Plin,Pago de Préstamos,237.93,1,0,0.35,2024-03-23 04:34:58
6830,51,30936.46,1,Lima,BBVA,Plin,Pago de Servicios,384.42,1,1,0.1,2024-11-13 04:34:58
6831,32,10142.47,24,Piura,BCP,Yape,Pago de Préstamos,53.31,1,1,0.25,2024-08-01 04:34:58
6832,33,46751.33,1,Lima,BBVA,QR,Transferencia Interbancaria,39.18,0,1,0.35,2024-03-20 04:34:58
6833,21,48429.3,1,Otros,Scotiabank,Yape,Transferencia Mismo Banco,128.84,0,1,0.0,2024-04-10 04:34:58
6834,44,22234.39,1,Trujillo,Scotiabank,Web Banking,Pago de Servicios,40.99,1,1,0.1,2024-05-10 04:34:58
6835,37,42679.03,18,Trujillo,Scotiabank,Yape,Transferencia Mismo Banco,201.87,0,0,0.2,2023-12-14 04:34:58
6836,29,16716.68,22,Lima,Scotiabank,Web Banking,Pago de Tarjeta de Crédito,67.78,0,1,0.1,2024-06-10 04:34:58
6837,18,8663.53,7,Otros,BBVA,Banca Móvil Propia,Pago de Tarjeta de Crédito,179.55,1,0,0.15,2024-01-18 04:34:58
6838,52,15060.91,4,Trujillo,Interbank,Lukita,Transferencia Interbancaria,124.82,0,1,0.15,2024-04-04 04:34:58
6839,20,50000.0,3,Lima,BBVA,Plin,Retiro sin Tarjeta,280.72,0,1,0.0,2024-08-24 04:34:58
6840,27,10451.07,17,Lima,Scotiabank,Banca Móvil Propia,Pago de Préstamos,205.68,0,1,0.2,2024-12-05 04:34:58
6841,39,22021.19,5,Cusco,BBVA,QR,Pago de Tarjeta de Crédito,99.09,1,0,0.0,2023-12-22 04:34:58
6842,20,22405.73,14,Piura,BCP,Yape,Retiro sin Tarjeta,37.77,1,1,0.2,2024-07-29 04:34:58
6843,18,17043.31,1,Lima,Scotiabank,Yape,Compras Online,174.6,0,0,0.35,2024-09-01 04:34:58
6844,18,17645.56,2,Lima,Scotiabank,Plin,Recarga de Celular,25.99,0,0,0.0,2024-06-21 04:34:58
6845,43,22836.71,9,Lima,Scotiabank,Yape,Transferencia Mismo Banco,516.0,0,1,0.15,2024-06-28 04:34:58
6846,28,16629.26,0,Lima,BCP,Yape,Recarga de Celular,251.88,0,1,0.1,2024-03-21 04:34:58
6847,70,10818.04,14,Piura,BCP,Banca Móvil Propia,Pago de Servicios,344.73,0,1,0.45,2024-09-27 04:34:58
6848,23,24526.66,3,Lima,BCP,Yape,Compras Online,56.29,0,1,0.0,2024-08-02 04:34:58
6849,23,37672.41,13,Lima,BBVA,Banca Móvil Propia,Recarga de Celular,211.89,0,1,0.25,2024-10-17 04:34:58
6850,28,34022.8,2,Cusco,BCP,QR,Compras Online,76.2,0,1,0.15,2024-01-26 04:34:58
6851,37,14693.09,6,Cusco,BBVA,Banca Móvil Propia,Pago de Tarjeta de Crédito,172.27,0,1,0.0,2024-05-19 04:34:58
6852,29,11782.68,3,Arequipa,BCP,Yape,Transferencia Interbancaria,54.68,0,1,0.0,2024-01-04 04:34:58
6853,42,19108.83,4,Trujillo,BCP,Tunki,Recarga de Celular,136.53,1,1,0.0,2024-01-08 04:34:58
6854,23,48237.68,3,Arequipa,Interbank,Plin,Compras Online,37.39,0,0,0.35,2024-07-15 04:34:58
6855,18,30418.28,17,Cusco,Scotiabank,Plin,Pago de Tarjeta de Crédito,126.47,0,1,0.1,2024-07-24 04:34:58
6856,18,31319.07,5,Lima,BCP,Yape,Pago de Servicios,28.66,0,0,0.0,2024-07-22 04:34:58
6857,18,34369.63,1,Piura,BBVA,QR,Pago de Servicios,851.6,0,1,0.0,2024-11-30 04:34:58
6858,28,27183.98,12,Cusco,BCP,Banca Móvil Propia,Transferencia Interbancaria,174.24,0,1,0.2,2024-03-10 04:34:58
6859,31,23395.62,1,Lima,BCP,Yape,Transferencia Mismo Banco,149.26,1,1,0.3,2024-09-07 04:34:58
6860,27,30673.47,2,Lima,Interbank,Tunki,Retiro sin Tarjeta,291.8,0,1,0.1,2024-11-04 04:34:58
6861,49,16762.79,0,Arequipa,Interbank,Plin,Compras Online,40.48,0,1,0.3,2024-06-20 04:34:58
6862,49,10859.21,11,Lima,Scotiabank,Web Banking,Transferencia Interbancaria,67.98,0,0,0.1,2024-09-17 04:34:58
6863,30,31618.53,1,Trujillo,BBVA,Web Banking,Retiro sin Tarjeta,252.41,1,0,0.45,2024-07-13 04:34:58
6864,18,40899.33,1,Cusco,Scotiabank,Plin,Compras Online,174.42,1,1,0.35,2024-08-10 04:34:58
6865,28,12592.84,12,Otros,BCP,Yape,Transferencia Interbancaria,72.27,0,1,0.0,2024-08-29 04:34:58
6866,27,33221.77,8,Lima,BCP,Tunki,Transferencia Interbancaria,283.74,0,1,0.3,2024-10-17 04:34:58
6867,27,50000.0,0,Lima,BCP,Plin,Recarga de Celular,200.88,0,1,0.6,2024-10-17 04:34:58
6868,26,22001.74,7,Lima,Scotiabank,Plin,Recarga de Celular,246.06,0,1,0.35,2024-12-05 04:34:58
6869,27,14632.48,12,Lima,BCP,Banca Móvil Propia,Recarga de Celular,219.15,0,1,0.0,2024-02-12 04:34:58
6870,30,23423.83,0,Piura,BCP,Yape,Transferencia Interbancaria,75.08,1,0,0.0,2024-08-20 04:34:58
6871,27,16726.22,8,Cusco,Interbank,Banca Móvil Propia,Recarga de Celular,137.57,1,1,0.0,2024-03-03 04:34:58
6872,37,16181.68,3,Lima,BCP,Yape,Pago de Tarjeta de Crédito,23.17,1,0,0.3,2024-06-08 04:34:58
6873,39,27353.29,5,Arequipa,BCP,Banca Móvil Propia,Transferencia Interbancaria,89.05,0,0,0.0,2024-04-14 04:34:58
6874,24,9878.69,3,Lima,BCP,Banca Móvil Propia,Recarga de Celular,116.12,0,0,0.1,2024-11-17 04:34:58
6875,50,10700.39,5,Lima,BCP,Plin,Retiro sin Tarjeta,277.76,0,1,0.35,2024-02-27 04:34:58
6876,23,22239.95,0,Cusco,Interbank,Lukita,Transferencia Mismo Banco,247.68,0,1,0.5,2024-01-04 04:34:58
6877,18,21782.14,7,Lima,BBVA,Tunki,Recarga de Celular,69.96,0,1,0.4,2024-09-05 04:34:58
6878,39,26154.52,0,Lima,BCP,Yape,Compras Online,68.43,0,1,0.45,2024-06-05 04:34:58
6879,25,50000.0,3,Lima,BCP,Yape,Pago de Servicios,548.38,0,1,0.45,2024-05-22 04:34:58
6880,38,23208.11,0,Lima,Scotiabank,Plin,Pago de Tarjeta de Crédito,110.62,1,0,0.1,2024-05-12 04:34:58
6881,18,29705.46,8,Lima,BBVA,Yape,Transferencia Mismo Banco,166.38,0,0,0.0,2024-01-29 04:34:58
6882,51,13524.17,1,Piura,Interbank,Lukita,Pago de Servicios,325.46,0,1,0.0,2024-03-09 04:34:58
6883,43,32337.05,3,Arequipa,BBVA,Plin,Transferencia Mismo Banco,137.07,1,1,0.0,2024-02-06 04:34:58
6884,18,16929.36,2,Lima,BCP,Yape,Recarga de Celular,127.53,0,1,0.15,2024-04-12 04:34:58
6885,18,22827.25,7,Cusco,Pichincha,QR,Pago de Préstamos,108.27,0,1,0.15,2024-05-03 04:34:58
6886,55,20859.73,3,Arequipa,BBVA,Banca Móvil Propia,Retiro sin Tarjeta,89.2,0,0,0.0,2024-06-06 04:34:58
6887,26,36919.2,7,Lima,BCP,Plin,Recarga de Celular,171.21,0,1,0.3,2024-04-24 04:34:58
6888,24,11441.61,0,Piura,BBVA,Plin,Pago de Tarjeta de Crédito,23.99,0,1,0.1,2024-01-10 04:34:58
6889,18,7033.08,1,Lima,BCP,Yape,Pago de Préstamos,103.43,0,0,0.1,2024-06-12 04:34:58
6890,30,19796.96,4,Lima,BCP,Plin,Transferencia Interbancaria,254.74,1,1,0.2,2024-06-17 04:34:58
6891,32,27841.02,14,Trujillo,BanBif,QR,Pago de Préstamos,226.71,1,0,0.15,2024-05-04 04:34:58
6892,43,23768.93,0,Trujillo,Scotiabank,Yape,Compras Online,608.54,0,1,0.15,2024-08-09 04:34:58
6893,18,40786.32,0,Piura,BCP,Tunki,Compras Online,342.89,0,0,0.2,2024-07-31 04:34:58
6894,18,27410.63,0,Lima,BBVA,Web Banking,Pago de Préstamos,223.24,1,1,0.35,2024-03-12 04:34:58
6895,40,16615.24,5,Arequipa,Scotiabank,Banca Móvil Propia,Pago de Servicios,152.73,1,1,0.25,2024-04-25 04:34:58
6896,47,6886.3,2,Lima,BCP,Plin,Transferencia Mismo Banco,94.02,0,0,0.25,2024-09-18 04:34:58
6897,18,19561.99,8,Lima,BBVA,Banca Móvil Propia,Compras Online,245.49,0,0,0.15,2024-04-11 04:34:58
6898,47,36826.74,0,Lima,Interbank,QR,Retiro sin Tarjeta,205.1,0,1,0.2,2024-07-12 04:34:58
6899,35,18105.59,1,Lima,Interbank,Banca Móvil Propia,Pago de Servicios,102.08,1,1,0.0,2024-07-27 04:34:58
6900,48,22340.58,1,Lima,Interbank,QR,Retiro sin Tarjeta,62.36,1,1,0.0,2023-12-17 04:34:58
6901,34,27192.06,4,Lima,Interbank,Banca Móvil Propia,Pago de Servicios,140.74,0,1,0.0,2023-12-11 04:34:58
6902,18,13257.97,5,Arequipa,Pichincha,QR,Recarga de Celular,471.54,0,1,0.0,2024-02-07 04:34:58
6903,33,30080.07,0,Lima,BCP,Web Banking,Pago de Préstamos,165.7,0,0,0.0,2024-04-25 04:34:58
6904,47,49939.17,14,Arequipa,Scotiabank,Banca Móvil Propia,Pago de Tarjeta de Crédito,152.69,0,1,0.2,2024-04-12 04:34:58
6905,24,20203.14,2,Lima,BCP,Banca Móvil Propia,Transferencia Interbancaria,226.6,1,0,0.0,2024-05-14 04:34:58
6906,30,12524.82,6,Arequipa,BCP,Banca Móvil Propia,Pago de Servicios,240.16,0,1,0.35,2024-02-16 04:34:58
6907,32,21305.05,3,Arequipa,BCP,Banca Móvil Propia,Compras Online,190.36,0,1,0.0,2024-09-17 04:34:58
6908,18,7243.12,1,Arequipa,Interbank,QR,Pago de Préstamos,142.3,0,1,0.0,2024-10-22 04:34:58
6909,55,26067.68,9,Arequipa,BCP,Yape,Retiro sin Tarjeta,89.28,1,1,0.2,2024-06-06 04:34:58
6910,24,27615.63,8,Trujillo,Scotiabank,Lukita,Recarga de Celular,405.39,0,0,0.15,2024-08-12 04:34:58
6911,41,50000.0,2,Lima,Interbank,QR,Pago de Préstamos,96.84,0,0,0.1,2024-01-22 04:34:58
6912,33,19990.3,4,Lima,BCP,Banca Móvil Propia,Transferencia Mismo Banco,715.03,0,1,0.15,2024-10-10 04:34:58
6913,50,27017.57,1,Trujillo,Interbank,Lukita,Transferencia Mismo Banco,173.18,0,1,0.15,2024-08-15 04:34:58
6914,39,14319.19,5,Trujillo,Scotiabank,Yape,Pago de Tarjeta de Crédito,156.44,1,1,0.25,2023-12-28 04:34:58
6915,32,18430.95,1,Lima,Interbank,Tunki,Recarga de Celular,317.34,0,1,0.2,2024-03-07 04:34:58
6916,24,10274.37,9,Arequipa,BCP,Lukita,Pago de Préstamos,77.23,0,0,0.1,2024-07-21 04:34:58
6917,44,19982.36,1,Lima,Scotiabank,Web Banking,Compras Online,263.45,1,1,0.3,2023-12-11 04:34:58
6918,18,18908.1,0,Cusco,Interbank,Plin,Pago de Tarjeta de Crédito,166.54,0,1,0.0,2024-05-05 04:34:58
6919,42,25580.86,1,Arequipa,BBVA,Banca Móvil Propia,Compras Online,223.83,0,1,0.15,2024-09-03 04:34:58
6920,21,16126.22,1,Arequipa,BCP,Lukita,Pago de Préstamos,74.92,0,1,0.0,2024-03-10 04:34:58
6921,50,22963.76,3,Cusco,BBVA,Lukita,Transferencia Mismo Banco,74.22,0,0,0.0,2024-09-13 04:34:58
6922,36,18644.57,1,Arequipa,Scotiabank,Banca Móvil Propia,Compras Online,23.75,0,0,0.15,2024-03-05 04:34:58
6923,42,18662.11,7,Lima,BCP,Yape,Retiro sin Tarjeta,93.95,0,0,0.15,2024-01-10 04:34:58
6924,35,22929.54,1,Lima,BCP,Banca Móvil Propia,Pago de Tarjeta de Crédito,89.15,0,1,0.3,2024-06-07 04:34:58
6925,18,22477.31,6,Lima,Scotiabank,QR,Transferencia Interbancaria,76.14,0,1,0.0,2024-02-12 04:34:58
6926,24,32227.87,4,Lima,BCP,Banca Móvil Propia,Pago de Tarjeta de Crédito,132.23,0,1,0.2,2024-01-13 04:34:58
6927,43,20737.08,21,Lima,BanBif,QR,Pago de Préstamos,158.26,1,1,0.15,2023-12-24 04:34:58
6928,36,18491.33,30,Piura,BCP,Plin,Recarga de Celular,244.63,0,1,0.35,2023-12-29 04:34:58
6929,49,20122.55,10,Lima,BBVA,Web Banking,Transferencia Interbancaria,261.33,0,1,0.15,2024-07-17 04:34:58
6930,39,15408.4,7,Lima,BCP,Banca Móvil Propia,Transferencia Interbancaria,284.43,0,1,0.1,2024-07-30 04:34:58
6931,23,18398.87,2,Lima,BanBif,Banca Móvil Propia,Recarga de Celular,296.57,1,1,0.3,2024-10-11 04:34:58
6932,25,50000.0,6,Trujillo,Interbank,Web Banking,Pago de Servicios,195.45,1,1,0.35,2024-03-21 04:34:58
6933,36,13955.94,15,Piura,BanBif,Web Banking,Retiro sin Tarjeta,156.84,1,1,0.0,2024-05-11 04:34:58
6934,18,19161.76,0,Arequipa,Interbank,QR,Recarga de Celular,375.82,1,1,0.2,2024-11-17 04:34:58
6935,55,18146.91,3,Arequipa,BCP,Tunki,Retiro sin Tarjeta,296.87,0,1,0.35,2024-02-17 04:34:58
6936,40,19465.8,1,Piura,BCP,Plin,Pago de Préstamos,33.72,1,1,0.25,2024-05-19 04:34:58
6937,49,18664.53,4,Lima,BBVA,Plin,Transferencia Interbancaria,124.86,1,0,0.0,2024-03-13 04:34:58
6938,18,25326.84,3,Cusco,Interbank,Plin,Transferencia Interbancaria,24.45,0,1,0.0,2024-01-26 04:34:58
6939,49,9366.67,4,Lima,BanBif,Banca Móvil Propia,Pago de Servicios,23.98,1,1,0.0,2024-09-02 04:34:58
6940,61,36996.76,4,Arequipa,BBVA,Banca Móvil Propia,Transferencia Interbancaria,89.22,0,1,0.2,2023-12-27 04:34:58
6941,19,30220.97,16,Cusco,Interbank,Plin,Recarga de Celular,130.58,0,1,0.0,2024-02-25 04:34:58
6942,44,11832.01,4,Lima,Pichincha,Web Banking,Pago de Préstamos,97.11,0,1,0.15,2024-08-15 04:34:58
6943,35,7083.06,9,Trujillo,BCP,Tunki,Retiro sin Tarjeta,25.13,0,0,0.0,2024-11-02 04:34:58
6944,18,13513.76,1,Arequipa,Scotiabank,Banca Móvil Propia,Pago de Servicios,322.18,0,1,0.2,2024-06-14 04:34:58
6945,40,19509.69,2,Lima,BBVA,Plin,Pago de Tarjeta de Crédito,73.19,1,0,0.1,2024-01-10 04:34:58
6946,45,50000.0,3,Lima,Interbank,Yape,Recarga de Celular,242.11,0,1,0.0,2024-04-01 04:34:58
6947,27,28900.91,1,Piura,BCP,QR,Retiro sin Tarjeta,75.23,0,0,0.15,2024-04-11 04:34:58
6948,48,8921.37,2,Trujillo,BCP,Yape,Compras Online,90.23,1,0,0.0,2024-04-27 04:34:58
6949,18,15602.28,4,Lima,BCP,Banca Móvil Propia,Retiro sin Tarjeta,228.99,0,1,0.5,2024-02-23 04:34:58
6950,18,21448.15,4,Lima,Pichincha,Banca Móvil Propia,Transferencia Mismo Banco,104.67,0,0,0.15,2023-12-10 04:34:58
6951,36,25005.27,5,Lima,Scotiabank,Banca Móvil Propia,Transferencia Mismo Banco,176.0,1,0,0.0,2024-06-11 04:34:58
6952,35,11414.34,2,Lima,BCP,Plin,Compras Online,195.84,0,1,0.0,2024-10-08 04:34:58
6953,26,20588.85,1,Lima,Pichincha,Yape,Recarga de Celular,35.62,1,1,0.0,2024-10-27 04:34:58
6954,44,15385.49,4,Lima,Interbank,Plin,Pago de Servicios,239.32,1,0,0.2,2024-04-30 04:34:58
6955,41,12684.31,0,Lima,Scotiabank,Banca Móvil Propia,Retiro sin Tarjeta,58.11,0,1,0.1,2024-05-25 04:34:58
6956,45,25079.29,1,Piura,BCP,Banca Móvil Propia,Retiro sin Tarjeta,48.86,1,1,0.15,2024-03-27 04:34:58
6957,33,32433.22,0,Piura,BBVA,Plin,Recarga de Celular,71.77,0,0,0.0,2024-06-11 04:34:58
6958,42,33540.89,0,Trujillo,Interbank,Plin,Pago de Servicios,335.12,0,0,0.25,2024-01-03 04:34:58
6959,29,29354.27,1,Arequipa,BCP,Yape,Pago de Tarjeta de Crédito,29.95,0,0,0.35,2024-05-03 04:34:58
6960,59,17176.81,0,Lima,BBVA,Banca Móvil Propia,Transferencia Interbancaria,284.58,0,1,0.0,2024-06-05 04:34:58
